{
    "msg": "success",
    "status": 200,
    "data": {
        "date": [
            "2012-01-07",
            "2020-05-20",
            "2020-05-21",
            "2020-05-22",
            "2020-05-25",
            "2020-05-26",
            "2020-05-27",
            "2020-05-28",
            "2020-05-29"
        ],
        "stock_id": [
            "5546",
            "5546",
            "5546",
            "5546",
            "5546",
            "5546",
            "5546",
            "5546",
            "5546"
        ],
        "Trading_Volume": [
            212000,
            3106110,
            2038243,
            2573747,
            2129611,
            1565614,
            957250,
            635020,
            294000
        ],
        "Trading_money": [
            13079500,
            188315000,
            122865574,
            163463355,
            146290224,
            106720638,
            62294725,
            40997098,
            18703200
        ],
        "open": [
            61.8,
            60.5,
            59.8,
            60.0,
            66.1,
            70.6,
            66.9,
            66.0,
            64.3
        ],
        "max": [
            62.1,
            62.3,
            60.8,
            65.9,
            70.2,
            71.2,
            67.0,
            66.0,
            64.7
        ],
        "min": [
            61.1,
            58.7,
            59.8,
            60.0,
            66.1,
            66.9,
            63.0,
            62.9,
            63.0
        ],
        "close": [
            62.1,
            59.6,
            60.8,
            65.3,
            70.0,
            67.0,
            65.2,
            64.0,
            63.5
        ],
        "spread": [
            -0.4,
            0.0,
            1.2,
            4.5,
            4.7,
            -3.0,
            -1.8,
            -1.2,
            -0.5
        ],
        "Trading_turnover": [
            142,
            1982,
            988,
            1550,
            1299,
            1003,
            663,
            368,
            204
        ]
    }
}