{
    "msg": "success",
    "status": 200,
    "data": {
        "date": [
            "2020-03-09",
            "2020-03-10",
            "2020-03-11",
            "2020-03-12",
            "2020-03-13",
            "2020-03-16",
            "2020-03-17",
            "2020-03-18",
            "2020-03-19",
            "2020-03-20",
            "2020-03-23",
            "2020-03-24",
            "2020-03-25",
            "2020-03-26",
            "2020-03-27",
            "2020-03-30",
            "2020-03-31",
            "2020-04-01",
            "2020-04-06",
            "2020-04-07",
            "2020-04-08",
            "2020-04-09",
            "2020-04-10",
            "2020-04-13",
            "2020-04-14",
            "2020-04-15",
            "2020-04-16",
            "2020-04-17",
            "2020-04-20",
            "2020-04-21",
            "2020-04-22",
            "2020-04-23",
            "2020-04-24",
            "2020-04-27",
            "2020-04-28",
            "2020-04-29",
            "2020-04-30",
            "2020-05-04",
            "2020-05-05",
            "2020-05-06",
            "2020-05-07",
            "2020-05-08",
            "2020-05-11",
            "2020-05-12",
            "2020-05-13",
            "2020-05-14",
            "2020-05-15",
            "2020-05-18",
            "2020-05-19",
            "2020-05-20",
            "2020-05-21",
            "2020-05-22",
            "2020-05-25",
            "2020-05-26",
            "2020-05-27",
            "2020-05-28",
            "2020-05-29"
        ],
        "stock_id": [
            "2743",
            "2743",
            "2743",
            "2743",
            "2743",
            "2743",
            "2743",
            "2743",
            "2743",
            "2743",
            "2743",
            "2743",
            "2743",
            "2743",
            "2743",
            "2743",
            "2743",
            "2743",
            "2743",
            "2743",
            "2743",
            "2743",
            "2743",
            "2743",
            "2743",
            "2743",
            "2743",
            "2743",
            "2743",
            "2743",
            "2743",
            "2743",
            "2743",
            "2743",
            "2743",
            "2743",
            "2743",
            "2743",
            "2743",
            "2743",
            "2743",
            "2743",
            "2743",
            "2743",
            "2743",
            "2743",
            "2743",
            "2743",
            "2743",
            "2743",
            "2743",
            "2743",
            "2743",
            "2743",
            "2743",
            "2743",
            "2743"
        ],
        "Trading_Volume": [
            1338000,
            441000,
            288000,
            202000,
            494000,
            148000,
            117000,
            64000,
            130000,
            139000,
            95000,
            42000,
            106000,
            10000,
            75000,
            30000,
            42000,
            31000,
            80000,
            40000,
            53000,
            41000,
            84000,
            41000,
            39000,
            382000,
            237000,
            110000,
            63000,
            132000,
            13000,
            21000,
            29000,
            37000,
            81000,
            115000,
            154000,
            68000,
            46000,
            82000,
            38000,
            226000,
            409000,
            135000,
            97000,
            54000,
            38000,
            55000,
            76000,
            63000,
            31000,
            62000,
            337000,
            526000,
            673000,
            457000,
            259000
        ],
        "Trading_money": [
            17766950,
            5962300,
            4043850,
            2695750,
            6268050,
            1878950,
            1428250,
            760350,
            1454700,
            1520600,
            968400,
            434250,
            1213500,
            114050,
            880200,
            353400,
            497950,
            372300,
            938400,
            479600,
            634450,
            500200,
            1033750,
            496800,
            484500,
            5140350,
            3244700,
            1517950,
            849350,
            1719150,
            170200,
            273700,
            381000,
            488450,
            1085950,
            1570750,
            2155400,
            930650,
            635100,
            1126500,
            527550,
            3263700,
            6366600,
            2041650,
            1479800,
            811500,
            568300,
            830250,
            1153250,
            960100,
            475200,
            934650,
            5448850,
            9124700,
            12805950,
            8350650,
            4532850
        ],
        "open": [
            13.05,
            13.3,
            14.05,
            13.95,
            13.0,
            13.25,
            12.5,
            12.15,
            11.5,
            10.8,
            10.2,
            10.0,
            10.8,
            11.55,
            11.6,
            11.8,
            11.7,
            12.0,
            11.95,
            12.45,
            11.95,
            11.95,
            12.25,
            12.3,
            12.25,
            12.7,
            13.85,
            13.75,
            13.75,
            13.45,
            12.95,
            13.3,
            13.15,
            13.05,
            13.35,
            13.65,
            13.85,
            13.85,
            13.75,
            13.9,
            13.85,
            13.95,
            15.4,
            15.25,
            15.15,
            15.3,
            15.0,
            15.1,
            15.55,
            15.3,
            15.1,
            15.15,
            15.35,
            16.75,
            18.0,
            18.9,
            18.15
        ],
        "max": [
            14.5,
            13.9,
            14.3,
            13.95,
            13.6,
            13.45,
            12.8,
            12.15,
            11.95,
            11.3,
            10.3,
            10.65,
            11.7,
            11.55,
            12.1,
            11.9,
            12.0,
            12.05,
            11.95,
            12.45,
            12.1,
            12.45,
            12.4,
            12.3,
            12.6,
            13.85,
            14.15,
            13.95,
            13.75,
            13.5,
            13.2,
            13.3,
            13.25,
            13.35,
            13.5,
            13.75,
            14.1,
            13.85,
            13.9,
            13.9,
            14.0,
            15.3,
            16.0,
            15.6,
            15.35,
            15.3,
            15.1,
            15.2,
            15.55,
            15.4,
            15.35,
            15.15,
            16.6,
            17.75,
            19.5,
            19.0,
            18.2
        ],
        "min": [
            12.7,
            13.2,
            13.8,
            13.05,
            12.5,
            12.5,
            12.0,
            11.55,
            10.8,
            10.8,
            10.15,
            10.0,
            10.8,
            11.35,
            11.6,
            11.65,
            11.65,
            12.0,
            11.6,
            11.85,
            11.9,
            11.95,
            12.25,
            11.95,
            12.25,
            12.65,
            13.2,
            13.6,
            13.3,
            12.8,
            12.95,
            12.95,
            13.05,
            13.05,
            13.35,
            13.5,
            13.8,
            13.6,
            13.5,
            13.7,
            13.8,
            13.95,
            15.0,
            14.9,
            15.15,
            14.8,
            14.85,
            15.0,
            15.0,
            15.05,
            15.1,
            15.05,
            15.3,
            16.7,
            18.0,
            17.95,
            16.8
        ],
        "close": [
            14.05,
            13.7,
            14.05,
            13.7,
            13.6,
            13.1,
            12.0,
            12.0,
            11.95,
            11.15,
            10.15,
            10.65,
            11.65,
            11.4,
            11.8,
            11.85,
            12.0,
            12.05,
            11.9,
            11.85,
            11.9,
            12.25,
            12.3,
            12.2,
            12.6,
            13.85,
            13.6,
            13.75,
            13.5,
            13.05,
            13.2,
            13.15,
            13.15,
            13.35,
            13.4,
            13.75,
            14.1,
            13.8,
            13.9,
            13.9,
            13.95,
            15.3,
            15.7,
            15.15,
            15.3,
            15.1,
            15.1,
            15.05,
            15.15,
            15.2,
            15.25,
            15.1,
            16.55,
            17.75,
            19.05,
            18.1,
            17.35
        ],
        "spread": [
            1.55,
            -0.35,
            0.35,
            -0.35,
            -0.1,
            -0.5,
            -1.1,
            0.0,
            -0.05,
            -0.8,
            -1.0,
            0.5,
            1.0,
            -0.25,
            0.4,
            0.05,
            0.15,
            0.05,
            -0.15,
            -0.05,
            0.05,
            0.35,
            0.05,
            -0.1,
            0.4,
            1.25,
            -0.25,
            0.15,
            -0.25,
            -0.45,
            0.15,
            -0.05,
            0.0,
            0.2,
            0.05,
            0.35,
            0.35,
            -0.3,
            0.1,
            0.0,
            0.05,
            1.35,
            0.4,
            -0.55,
            0.15,
            -0.2,
            0.0,
            -0.05,
            0.1,
            0.05,
            0.05,
            -0.15,
            1.45,
            1.2,
            1.3,
            -0.95,
            -0.75
        ],
        "Trading_turnover": [
            804,
            213,
            132,
            99,
            125,
            56,
            45,
            33,
            66,
            55,
            49,
            23,
            48,
            10,
            33,
            17,
            19,
            19,
            24,
            22,
            28,
            26,
            43,
            20,
            30,
            138,
            150,
            77,
            37,
            65,
            12,
            19,
            23,
            20,
            40,
            69,
            90,
            44,
            29,
            29,
            23,
            111,
            160,
            87,
            51,
            32,
            27,
            29,
            41,
            35,
            19,
            23,
            196,
            313,
            425,
            304,
            155
        ]
    }
}