{
    "msg": "success",
    "status": 200,
    "data": {
        "date": [
            "2019-09-25",
            "2019-09-26",
            "2019-09-27",
            "2019-10-01",
            "2019-10-02",
            "2019-10-03",
            "2019-10-04",
            "2019-10-07",
            "2019-10-08",
            "2019-10-09",
            "2019-10-14",
            "2019-10-15",
            "2019-10-16",
            "2019-10-17",
            "2019-10-18",
            "2019-10-21",
            "2019-10-22",
            "2019-10-23",
            "2019-10-24",
            "2019-10-25",
            "2019-10-28",
            "2019-10-29",
            "2019-10-30",
            "2019-10-31",
            "2019-11-01",
            "2019-11-04",
            "2019-11-05",
            "2019-11-06",
            "2019-11-07",
            "2019-11-08",
            "2019-11-11",
            "2019-11-12",
            "2019-11-13",
            "2019-11-14",
            "2019-11-15",
            "2019-11-18",
            "2019-11-19",
            "2019-11-20",
            "2019-11-21",
            "2019-11-22",
            "2019-11-25",
            "2019-11-26",
            "2019-11-27",
            "2019-11-28",
            "2019-11-29",
            "2019-12-02",
            "2019-12-03",
            "2019-12-04",
            "2019-12-05",
            "2019-12-06",
            "2019-12-09",
            "2019-12-10",
            "2019-12-11",
            "2019-12-12",
            "2019-12-13",
            "2019-12-16",
            "2019-12-17",
            "2019-12-18",
            "2019-12-19",
            "2019-12-20",
            "2019-12-23",
            "2019-12-24",
            "2019-12-25",
            "2019-12-26",
            "2019-12-27",
            "2019-12-30",
            "2019-12-31",
            "2020-01-02",
            "2020-01-03",
            "2020-01-06",
            "2020-01-07",
            "2020-01-08",
            "2020-01-09",
            "2020-01-10",
            "2020-01-13",
            "2020-01-14",
            "2020-01-15",
            "2020-01-16",
            "2020-01-17",
            "2020-01-20",
            "2020-01-30",
            "2020-01-31",
            "2020-02-03",
            "2020-02-04",
            "2020-02-05",
            "2020-02-06",
            "2020-02-07",
            "2020-02-10",
            "2020-02-11",
            "2020-02-12",
            "2020-02-13",
            "2020-02-14",
            "2020-02-17",
            "2020-02-18",
            "2020-02-19",
            "2020-02-20",
            "2020-02-21",
            "2020-02-24",
            "2020-02-25",
            "2020-02-26",
            "2020-02-27",
            "2020-03-02",
            "2020-03-03",
            "2020-03-04",
            "2020-03-05",
            "2020-03-06",
            "2020-03-09",
            "2020-03-10",
            "2020-03-11",
            "2020-03-12",
            "2020-03-13",
            "2020-03-16",
            "2020-03-17",
            "2020-03-18",
            "2020-03-19",
            "2020-03-20",
            "2020-03-23",
            "2020-03-24",
            "2020-03-25",
            "2020-03-26",
            "2020-03-27",
            "2020-03-30",
            "2020-03-31",
            "2020-04-01",
            "2020-04-06",
            "2020-04-07",
            "2020-04-08",
            "2020-04-09",
            "2020-04-10",
            "2020-04-13",
            "2020-04-14",
            "2020-04-15",
            "2020-04-16",
            "2020-04-17",
            "2020-04-20",
            "2020-04-21",
            "2020-04-22",
            "2020-04-23",
            "2020-04-24",
            "2020-04-27",
            "2020-04-28",
            "2020-04-29",
            "2020-04-30",
            "2020-05-04",
            "2020-05-05",
            "2020-05-06",
            "2020-05-07",
            "2020-05-08",
            "2020-05-11",
            "2020-05-12",
            "2020-05-13",
            "2020-05-14",
            "2020-05-15",
            "2020-05-18",
            "2020-05-19",
            "2020-05-20",
            "2020-05-21",
            "2020-05-22",
            "2020-05-25",
            "2020-05-26",
            "2020-05-27",
            "2020-05-28",
            "2020-05-29"
        ],
        "stock_id": [
            "2752",
            "2752",
            "2752",
            "2752",
            "2752",
            "2752",
            "2752",
            "2752",
            "2752",
            "2752",
            "2752",
            "2752",
            "2752",
            "2752",
            "2752",
            "2752",
            "2752",
            "2752",
            "2752",
            "2752",
            "2752",
            "2752",
            "2752",
            "2752",
            "2752",
            "2752",
            "2752",
            "2752",
            "2752",
            "2752",
            "2752",
            "2752",
            "2752",
            "2752",
            "2752",
            "2752",
            "2752",
            "2752",
            "2752",
            "2752",
            "2752",
            "2752",
            "2752",
            "2752",
            "2752",
            "2752",
            "2752",
            "2752",
            "2752",
            "2752",
            "2752",
            "2752",
            "2752",
            "2752",
            "2752",
            "2752",
            "2752",
            "2752",
            "2752",
            "2752",
            "2752",
            "2752",
            "2752",
            "2752",
            "2752",
            "2752",
            "2752",
            "2752",
            "2752",
            "2752",
            "2752",
            "2752",
            "2752",
            "2752",
            "2752",
            "2752",
            "2752",
            "2752",
            "2752",
            "2752",
            "2752",
            "2752",
            "2752",
            "2752",
            "2752",
            "2752",
            "2752",
            "2752",
            "2752",
            "2752",
            "2752",
            "2752",
            "2752",
            "2752",
            "2752",
            "2752",
            "2752",
            "2752",
            "2752",
            "2752",
            "2752",
            "2752",
            "2752",
            "2752",
            "2752",
            "2752",
            "2752",
            "2752",
            "2752",
            "2752",
            "2752",
            "2752",
            "2752",
            "2752",
            "2752",
            "2752",
            "2752",
            "2752",
            "2752",
            "2752",
            "2752",
            "2752",
            "2752",
            "2752",
            "2752",
            "2752",
            "2752",
            "2752",
            "2752",
            "2752",
            "2752",
            "2752",
            "2752",
            "2752",
            "2752",
            "2752",
            "2752",
            "2752",
            "2752",
            "2752",
            "2752",
            "2752",
            "2752",
            "2752",
            "2752",
            "2752",
            "2752",
            "2752",
            "2752",
            "2752",
            "2752",
            "2752",
            "2752",
            "2752",
            "2752",
            "2752",
            "2752",
            "2752",
            "2752",
            "2752",
            "2752",
            "2752",
            "2752"
        ],
        "Trading_Volume": [
            756000,
            381000,
            245000,
            124000,
            108000,
            218000,
            118000,
            94000,
            118000,
            77000,
            50000,
            66000,
            47000,
            90000,
            90000,
            25000,
            35000,
            28000,
            34000,
            30000,
            51000,
            48000,
            31000,
            17000,
            36000,
            29000,
            15000,
            43000,
            50000,
            26000,
            20000,
            17000,
            115000,
            37000,
            28000,
            30000,
            25000,
            13000,
            24000,
            40000,
            88000,
            90000,
            32000,
            24000,
            22000,
            46000,
            30000,
            38000,
            48000,
            46000,
            36000,
            32000,
            44000,
            19000,
            21000,
            45000,
            39000,
            37000,
            21000,
            43000,
            21000,
            35000,
            18000,
            15000,
            23000,
            27000,
            10000,
            57000,
            33000,
            15000,
            72000,
            20000,
            24000,
            68000,
            12000,
            28000,
            27000,
            23000,
            68000,
            77000,
            232000,
            125000,
            176000,
            100000,
            84000,
            18000,
            71000,
            34000,
            52000,
            43000,
            28000,
            50000,
            47000,
            19000,
            4000,
            16000,
            31000,
            30000,
            33000,
            36000,
            38000,
            42000,
            41000,
            17000,
            18000,
            21000,
            100000,
            18000,
            26000,
            41000,
            122000,
            38000,
            48000,
            42000,
            110000,
            26000,
            16000,
            56000,
            26000,
            4000,
            25000,
            11000,
            21000,
            6000,
            8000,
            22000,
            7000,
            19000,
            13000,
            21000,
            10000,
            20000,
            11000,
            28000,
            4000,
            2000,
            8000,
            1000,
            9000,
            10000,
            4000,
            20000,
            13000,
            16000,
            4000,
            9000,
            4000,
            5000,
            16000,
            63000,
            29000,
            35000,
            25000,
            9000,
            15000,
            25000,
            13000,
            10000,
            94000,
            148000,
            145000,
            29000,
            18000
        ],
        "Trading_money": [
            92179500,
            44458500,
            27112000,
            13639500,
            11858000,
            24856000,
            13229500,
            10283000,
            12581000,
            8237000,
            5314000,
            6988000,
            4961000,
            9706500,
            9724500,
            2686000,
            3789500,
            3040500,
            3677000,
            3242000,
            5474500,
            5157500,
            3339000,
            1820000,
            3841000,
            3101000,
            1595500,
            4550000,
            5258500,
            2747500,
            2110000,
            1784000,
            12581500,
            4061500,
            3058000,
            3249500,
            2714500,
            1405000,
            2588500,
            4389500,
            9809000,
            10189000,
            3582500,
            2694000,
            2426500,
            5028000,
            3297500,
            4190500,
            5336500,
            5162500,
            4055500,
            3598500,
            4971500,
            2133500,
            2355500,
            5076000,
            4402500,
            4161500,
            2368500,
            4853500,
            2363000,
            3955500,
            2033000,
            1691000,
            2594500,
            3063000,
            1131500,
            6552000,
            3815500,
            1703000,
            7961500,
            2227500,
            2697500,
            7748500,
            1370000,
            3185000,
            3063000,
            2632000,
            7881000,
            8972500,
            25777500,
            14268500,
            19898000,
            11232000,
            9528000,
            2029000,
            7820000,
            3677500,
            5660000,
            4745000,
            3100500,
            5602000,
            5254000,
            2109500,
            445000,
            1764000,
            3395500,
            3269500,
            3559000,
            3938500,
            4152000,
            4516000,
            4556000,
            1881000,
            2001500,
            2323000,
            11061000,
            1971500,
            2859000,
            4389000,
            12342300,
            3784500,
            4441300,
            3818800,
            8918800,
            2151500,
            1307200,
            4854400,
            2355300,
            364900,
            2323100,
            1010500,
            1935300,
            555700,
            730200,
            2038800,
            654800,
            1791500,
            1247800,
            2071700,
            1018000,
            2039500,
            1122000,
            2888500,
            404500,
            200000,
            777900,
            99900,
            900200,
            998000,
            393900,
            1978000,
            1308500,
            1615500,
            400000,
            897000,
            401000,
            498700,
            1622500,
            6652500,
            3108500,
            3811000,
            2738500,
            993000,
            1642000,
            2736500,
            1421500,
            1083500,
            10606500,
            17584500,
            17452000,
            3406500,
            2097500
        ],
        "open": [
            122.5,
            120.0,
            113.5,
            111.0,
            110.0,
            108.5,
            114.5,
            111.0,
            109.0,
            105.0,
            106.0,
            107.0,
            106.5,
            106.5,
            108.0,
            108.5,
            107.5,
            108.5,
            109.0,
            108.5,
            108.5,
            107.0,
            108.0,
            108.0,
            107.5,
            107.5,
            107.0,
            106.0,
            105.5,
            106.0,
            106.0,
            105.0,
            106.0,
            111.0,
            111.5,
            108.5,
            109.0,
            108.0,
            107.5,
            108.5,
            110.5,
            116.0,
            110.5,
            112.0,
            111.5,
            109.0,
            109.0,
            109.5,
            110.0,
            112.5,
            112.5,
            112.5,
            113.0,
            113.5,
            111.5,
            112.5,
            112.0,
            112.0,
            112.0,
            113.0,
            112.0,
            113.0,
            113.0,
            113.0,
            113.0,
            113.0,
            113.0,
            113.5,
            115.5,
            114.0,
            113.0,
            112.0,
            112.0,
            112.0,
            114.0,
            114.0,
            113.0,
            114.5,
            115.0,
            116.5,
            106.0,
            112.0,
            110.0,
            114.0,
            112.5,
            113.0,
            112.0,
            108.0,
            108.5,
            108.5,
            111.0,
            111.5,
            112.5,
            111.5,
            111.0,
            111.5,
            109.5,
            109.5,
            107.5,
            108.5,
            109.5,
            107.0,
            111.0,
            110.0,
            110.0,
            111.0,
            111.0,
            108.0,
            110.0,
            109.0,
            105.0,
            100.0,
            90.1,
            94.0,
            82.0,
            85.1,
            80.5,
            83.0,
            90.0,
            91.0,
            93.5,
            91.5,
            90.0,
            92.8,
            90.0,
            92.4,
            93.0,
            94.0,
            94.5,
            96.5,
            100.0,
            103.0,
            102.0,
            104.0,
            102.0,
            100.0,
            97.0,
            99.9,
            99.9,
            99.9,
            98.1,
            99.4,
            101.0,
            101.0,
            100.0,
            100.0,
            100.0,
            99.9,
            100.5,
            104.5,
            108.0,
            108.5,
            108.0,
            111.0,
            110.0,
            109.5,
            109.0,
            109.0,
            108.5,
            116.0,
            120.0,
            119.0,
            117.0
        ],
        "max": [
            124.0,
            120.0,
            113.5,
            112.0,
            111.0,
            117.0,
            114.5,
            111.0,
            109.0,
            108.5,
            107.5,
            107.0,
            106.5,
            109.0,
            109.0,
            108.5,
            109.0,
            109.0,
            109.0,
            108.5,
            108.5,
            108.0,
            108.0,
            108.0,
            107.5,
            108.0,
            107.0,
            106.0,
            107.0,
            106.0,
            106.0,
            105.5,
            111.0,
            111.0,
            111.5,
            109.0,
            109.0,
            108.5,
            108.5,
            110.5,
            112.0,
            116.0,
            112.5,
            113.0,
            111.5,
            110.0,
            111.0,
            111.0,
            112.0,
            112.5,
            113.0,
            112.5,
            113.5,
            113.5,
            112.5,
            113.0,
            113.5,
            113.0,
            113.0,
            113.5,
            113.0,
            113.5,
            113.0,
            113.0,
            113.0,
            113.5,
            113.5,
            115.5,
            117.0,
            114.0,
            113.0,
            112.0,
            113.0,
            114.5,
            114.5,
            114.5,
            114.0,
            114.5,
            116.5,
            117.0,
            113.5,
            116.0,
            114.0,
            114.0,
            114.0,
            113.0,
            112.0,
            108.5,
            109.5,
            112.0,
            111.0,
            113.0,
            112.5,
            111.5,
            111.5,
            111.5,
            110.0,
            109.5,
            108.5,
            110.0,
            110.0,
            109.0,
            112.0,
            111.5,
            112.0,
            111.0,
            112.0,
            110.0,
            111.0,
            109.0,
            106.0,
            101.0,
            95.0,
            94.0,
            82.0,
            85.1,
            82.4,
            90.1,
            92.5,
            91.5,
            93.5,
            92.5,
            92.6,
            92.8,
            92.1,
            93.5,
            93.9,
            95.0,
            96.5,
            100.0,
            104.0,
            103.0,
            102.5,
            104.5,
            102.0,
            100.0,
            99.9,
            99.9,
            101.0,
            100.0,
            98.7,
            99.9,
            101.0,
            101.0,
            100.0,
            100.0,
            100.5,
            99.9,
            101.5,
            107.0,
            108.5,
            110.0,
            110.0,
            111.0,
            110.0,
            110.0,
            109.5,
            109.0,
            115.5,
            120.0,
            122.0,
            119.0,
            118.0
        ],
        "min": [
            120.0,
            114.0,
            109.0,
            109.0,
            109.0,
            108.5,
            110.0,
            108.5,
            105.0,
            105.0,
            105.5,
            105.0,
            105.0,
            106.5,
            107.0,
            106.5,
            107.5,
            107.0,
            107.5,
            107.5,
            106.5,
            107.0,
            107.5,
            106.5,
            106.0,
            106.5,
            106.0,
            105.5,
            104.0,
            105.0,
            105.0,
            104.5,
            106.0,
            108.5,
            108.5,
            107.5,
            108.5,
            108.0,
            107.0,
            108.5,
            110.5,
            110.5,
            110.5,
            112.0,
            109.5,
            109.0,
            109.0,
            109.0,
            110.0,
            112.0,
            112.0,
            112.0,
            112.5,
            111.0,
            111.5,
            112.0,
            112.0,
            112.0,
            112.0,
            111.5,
            112.0,
            113.0,
            112.5,
            112.5,
            112.5,
            113.0,
            113.0,
            113.5,
            114.5,
            113.0,
            108.0,
            111.0,
            111.5,
            112.0,
            113.5,
            113.0,
            113.0,
            114.0,
            115.0,
            116.0,
            106.0,
            109.0,
            109.5,
            111.5,
            112.5,
            112.5,
            109.0,
            107.5,
            108.5,
            108.5,
            110.0,
            111.5,
            111.0,
            110.5,
            111.0,
            109.5,
            109.5,
            108.5,
            107.5,
            108.0,
            109.0,
            105.0,
            110.0,
            109.5,
            110.0,
            110.0,
            109.5,
            108.0,
            109.5,
            106.0,
            96.0,
            99.0,
            90.1,
            89.6,
            80.7,
            81.5,
            80.5,
            83.0,
            90.0,
            91.0,
            92.5,
            91.3,
            90.0,
            92.5,
            88.1,
            92.4,
            93.0,
            94.0,
            94.5,
            96.5,
            100.0,
            100.0,
            101.5,
            101.5,
            100.5,
            100.0,
            95.0,
            99.9,
            99.7,
            98.1,
            98.1,
            98.1,
            100.5,
            100.5,
            100.0,
            97.0,
            100.0,
            99.4,
            100.5,
            104.0,
            106.0,
            107.0,
            107.5,
            109.5,
            109.0,
            108.5,
            109.0,
            108.0,
            108.5,
            116.0,
            119.0,
            116.0,
            115.5
        ],
        "close": [
            120.0,
            114.0,
            111.0,
            110.0,
            110.0,
            115.5,
            111.0,
            109.0,
            107.0,
            107.5,
            106.0,
            106.5,
            106.0,
            108.5,
            108.5,
            107.5,
            108.5,
            108.5,
            108.0,
            108.0,
            106.5,
            107.5,
            107.5,
            107.0,
            107.0,
            107.0,
            106.0,
            105.5,
            106.0,
            106.0,
            106.0,
            105.5,
            110.0,
            109.5,
            109.0,
            108.5,
            108.5,
            108.0,
            108.5,
            110.0,
            111.0,
            110.5,
            112.0,
            112.0,
            109.5,
            109.0,
            109.5,
            109.0,
            111.5,
            112.5,
            112.5,
            112.5,
            112.5,
            112.0,
            112.0,
            112.0,
            112.0,
            112.0,
            113.0,
            111.5,
            112.0,
            113.0,
            113.0,
            113.0,
            113.0,
            113.5,
            113.5,
            115.5,
            114.5,
            113.0,
            112.0,
            111.0,
            111.5,
            114.5,
            114.0,
            114.5,
            113.5,
            114.5,
            116.5,
            116.0,
            110.5,
            113.5,
            113.5,
            113.0,
            113.0,
            112.5,
            109.5,
            108.0,
            108.5,
            111.0,
            110.5,
            112.5,
            111.0,
            110.5,
            111.5,
            110.0,
            109.5,
            108.5,
            108.5,
            109.5,
            109.0,
            109.0,
            110.0,
            110.0,
            111.0,
            111.0,
            109.5,
            109.0,
            109.5,
            106.5,
            105.0,
            99.0,
            93.9,
            89.6,
            80.8,
            82.8,
            82.0,
            88.0,
            91.0,
            91.5,
            92.5,
            92.5,
            92.5,
            92.6,
            92.1,
            93.0,
            93.5,
            95.0,
            96.5,
            100.0,
            102.5,
            102.5,
            102.5,
            102.0,
            100.5,
            100.0,
            99.9,
            99.9,
            101.0,
            100.0,
            98.5,
            99.9,
            100.5,
            101.0,
            100.0,
            100.0,
            100.0,
            99.4,
            101.5,
            107.0,
            108.0,
            109.0,
            110.0,
            109.5,
            109.5,
            108.5,
            109.0,
            108.0,
            115.0,
            119.0,
            119.0,
            118.0,
            117.0
        ],
        "spread": [
            15.0,
            -6.0,
            -3.0,
            -1.0,
            0.0,
            5.5,
            -4.5,
            -2.0,
            -2.0,
            0.5,
            -1.5,
            0.5,
            -0.5,
            2.5,
            0.0,
            -1.0,
            1.0,
            0.0,
            -0.5,
            0.0,
            -1.5,
            1.0,
            0.0,
            -0.5,
            0.0,
            0.0,
            -1.0,
            -0.5,
            0.5,
            0.0,
            0.0,
            -0.5,
            4.5,
            -0.5,
            -0.5,
            -0.5,
            0.0,
            -0.5,
            0.5,
            1.5,
            1.0,
            -0.5,
            1.5,
            0.0,
            -2.5,
            -0.5,
            0.5,
            -0.5,
            2.5,
            1.0,
            0.0,
            0.0,
            0.0,
            -0.5,
            0.0,
            0.0,
            0.0,
            0.0,
            1.0,
            -1.5,
            0.5,
            1.0,
            0.0,
            0.0,
            0.0,
            0.5,
            0.0,
            2.0,
            -1.0,
            -1.5,
            -1.0,
            -1.0,
            0.5,
            3.0,
            -0.5,
            0.5,
            -1.0,
            1.0,
            2.0,
            -0.5,
            -5.5,
            3.0,
            0.0,
            -0.5,
            0.0,
            -0.5,
            -3.0,
            -1.5,
            0.5,
            2.5,
            -0.5,
            2.0,
            -1.5,
            -0.5,
            1.0,
            -1.5,
            -0.5,
            -1.0,
            0.0,
            1.0,
            -0.5,
            0.0,
            1.0,
            0.0,
            1.0,
            0.0,
            -1.5,
            -0.5,
            0.5,
            -3.0,
            -1.5,
            0.0,
            -5.1,
            -4.3,
            -8.8,
            2.0,
            -0.8,
            6.0,
            3.0,
            0.5,
            1.0,
            0.0,
            0.0,
            0.1,
            -0.5,
            0.9,
            0.5,
            1.5,
            1.5,
            3.5,
            2.5,
            0.0,
            0.0,
            -0.5,
            -1.5,
            -0.5,
            -0.1,
            0.0,
            1.1,
            -1.0,
            -1.5,
            1.4,
            0.6,
            0.5,
            -1.0,
            0.0,
            0.0,
            -0.6,
            2.1,
            5.5,
            1.0,
            1.0,
            1.0,
            -0.5,
            0.0,
            -1.0,
            0.5,
            -1.0,
            7.0,
            4.0,
            0.0,
            -1.0,
            -1.0
        ],
        "Trading_turnover": [
            627,
            341,
            197,
            103,
            88,
            183,
            93,
            89,
            114,
            66,
            44,
            60,
            45,
            75,
            74,
            23,
            34,
            28,
            26,
            28,
            40,
            37,
            30,
            15,
            25,
            27,
            14,
            30,
            47,
            23,
            18,
            15,
            111,
            35,
            24,
            30,
            25,
            12,
            23,
            40,
            76,
            71,
            29,
            24,
            22,
            34,
            27,
            31,
            38,
            39,
            35,
            23,
            31,
            18,
            12,
            32,
            23,
            22,
            9,
            26,
            21,
            32,
            15,
            12,
            18,
            23,
            8,
            46,
            31,
            11,
            65,
            17,
            14,
            54,
            12,
            26,
            23,
            16,
            59,
            68,
            144,
            62,
            83,
            72,
            46,
            13,
            62,
            33,
            44,
            38,
            25,
            43,
            37,
            16,
            4,
            16,
            17,
            26,
            27,
            20,
            25,
            38,
            41,
            16,
            16,
            18,
            61,
            17,
            24,
            38,
            100,
            33,
            42,
            35,
            67,
            21,
            15,
            42,
            23,
            4,
            18,
            6,
            12,
            6,
            6,
            20,
            6,
            15,
            13,
            17,
            10,
            18,
            11,
            24,
            4,
            2,
            8,
            1,
            8,
            10,
            4,
            17,
            11,
            15,
            4,
            5,
            4,
            5,
            10,
            61,
            28,
            34,
            21,
            9,
            13,
            24,
            13,
            9,
            86,
            135,
            119,
            29,
            18
        ]
    }
}