{
    "msg": "success",
    "status": 200,
    "data": {
        "date": [
            "2012-01-07",
            "2019-11-08",
            "2019-11-11",
            "2019-11-12",
            "2019-11-13",
            "2019-11-14",
            "2019-11-15",
            "2019-11-18",
            "2019-11-19",
            "2019-11-20",
            "2019-11-21",
            "2019-11-22",
            "2019-11-25",
            "2019-11-26",
            "2019-11-27",
            "2019-11-28",
            "2019-11-29",
            "2019-12-02",
            "2019-12-03",
            "2019-12-04",
            "2019-12-05",
            "2019-12-06",
            "2019-12-09",
            "2019-12-10",
            "2019-12-11",
            "2019-12-12",
            "2019-12-13",
            "2019-12-16",
            "2019-12-17",
            "2019-12-18",
            "2019-12-19",
            "2019-12-20",
            "2019-12-23",
            "2019-12-24",
            "2019-12-25",
            "2019-12-26",
            "2019-12-27",
            "2019-12-30",
            "2019-12-31",
            "2020-01-02",
            "2020-01-03",
            "2020-01-06",
            "2020-01-07",
            "2020-01-08",
            "2020-01-09",
            "2020-01-10",
            "2020-01-13",
            "2020-01-14",
            "2020-01-15",
            "2020-01-16",
            "2020-01-17",
            "2020-01-20",
            "2020-01-30",
            "2020-01-31",
            "2020-02-03",
            "2020-02-04",
            "2020-02-05",
            "2020-02-06",
            "2020-02-07",
            "2020-02-10",
            "2020-02-11",
            "2020-02-12",
            "2020-02-13",
            "2020-02-14",
            "2020-02-17",
            "2020-02-18",
            "2020-02-19",
            "2020-02-20",
            "2020-02-21",
            "2020-02-24",
            "2020-02-25",
            "2020-02-26",
            "2020-02-27",
            "2020-03-02",
            "2020-03-03",
            "2020-03-04",
            "2020-03-05",
            "2020-03-06",
            "2020-03-09",
            "2020-03-10",
            "2020-03-11",
            "2020-03-12",
            "2020-03-13",
            "2020-03-16",
            "2020-03-17",
            "2020-03-18",
            "2020-03-19",
            "2020-03-20",
            "2020-03-23",
            "2020-03-24",
            "2020-03-25",
            "2020-03-26",
            "2020-03-27",
            "2020-03-30",
            "2020-03-31",
            "2020-04-01",
            "2020-04-06",
            "2020-04-07",
            "2020-04-08",
            "2020-04-09",
            "2020-04-10",
            "2020-04-13",
            "2020-04-14",
            "2020-04-15",
            "2020-04-16",
            "2020-04-17",
            "2020-04-20",
            "2020-04-21",
            "2020-04-22",
            "2020-04-23",
            "2020-04-24",
            "2020-04-27",
            "2020-04-28",
            "2020-04-29",
            "2020-04-30",
            "2020-05-04",
            "2020-05-05",
            "2020-05-06",
            "2020-05-07",
            "2020-05-08",
            "2020-05-11",
            "2020-05-12",
            "2020-05-13",
            "2020-05-14",
            "2020-05-15",
            "2020-05-18",
            "2020-05-19",
            "2020-05-20",
            "2020-05-21",
            "2020-05-22",
            "2020-05-25",
            "2020-05-26",
            "2020-05-27",
            "2020-05-28",
            "2020-05-29"
        ],
        "stock_id": [
            "2888A",
            "2888A",
            "2888A",
            "2888A",
            "2888A",
            "2888A",
            "2888A",
            "2888A",
            "2888A",
            "2888A",
            "2888A",
            "2888A",
            "2888A",
            "2888A",
            "2888A",
            "2888A",
            "2888A",
            "2888A",
            "2888A",
            "2888A",
            "2888A",
            "2888A",
            "2888A",
            "2888A",
            "2888A",
            "2888A",
            "2888A",
            "2888A",
            "2888A",
            "2888A",
            "2888A",
            "2888A",
            "2888A",
            "2888A",
            "2888A",
            "2888A",
            "2888A",
            "2888A",
            "2888A",
            "2888A",
            "2888A",
            "2888A",
            "2888A",
            "2888A",
            "2888A",
            "2888A",
            "2888A",
            "2888A",
            "2888A",
            "2888A",
            "2888A",
            "2888A",
            "2888A",
            "2888A",
            "2888A",
            "2888A",
            "2888A",
            "2888A",
            "2888A",
            "2888A",
            "2888A",
            "2888A",
            "2888A",
            "2888A",
            "2888A",
            "2888A",
            "2888A",
            "2888A",
            "2888A",
            "2888A",
            "2888A",
            "2888A",
            "2888A",
            "2888A",
            "2888A",
            "2888A",
            "2888A",
            "2888A",
            "2888A",
            "2888A",
            "2888A",
            "2888A",
            "2888A",
            "2888A",
            "2888A",
            "2888A",
            "2888A",
            "2888A",
            "2888A",
            "2888A",
            "2888A",
            "2888A",
            "2888A",
            "2888A",
            "2888A",
            "2888A",
            "2888A",
            "2888A",
            "2888A",
            "2888A",
            "2888A",
            "2888A",
            "2888A",
            "2888A",
            "2888A",
            "2888A",
            "2888A",
            "2888A",
            "2888A",
            "2888A",
            "2888A",
            "2888A",
            "2888A",
            "2888A",
            "2888A",
            "2888A",
            "2888A",
            "2888A",
            "2888A",
            "2888A",
            "2888A",
            "2888A",
            "2888A",
            "2888A",
            "2888A",
            "2888A",
            "2888A",
            "2888A",
            "2888A",
            "2888A",
            "2888A",
            "2888A",
            "2888A",
            "2888A",
            "2888A"
        ],
        "Trading_Volume": [
            68795,
            10806620,
            2105237,
            2109689,
            1217141,
            613483,
            934149,
            990172,
            1076679,
            1022036,
            665862,
            259482,
            375618,
            1812226,
            758459,
            451634,
            688413,
            287672,
            370931,
            260072,
            270547,
            154551,
            109082,
            580569,
            281349,
            507413,
            563624,
            770311,
            665841,
            101330,
            548953,
            215774,
            121685,
            168680,
            185849,
            123433,
            286770,
            217282,
            184890,
            153957,
            229304,
            172967,
            50973,
            183204,
            35338,
            166605,
            421532,
            80028,
            72835,
            23084,
            209712,
            155474,
            597998,
            68834,
            354583,
            73767,
            106640,
            296749,
            612961,
            988498,
            605458,
            112942,
            40088,
            72678,
            140938,
            35158,
            121774,
            42995,
            52999,
            97001,
            93634,
            197213,
            296109,
            494013,
            222299,
            75428,
            126930,
            81555,
            379716,
            273505,
            102747,
            811555,
            1396429,
            751219,
            716773,
            440131,
            376238,
            805992,
            373657,
            542020,
            367165,
            117340,
            110989,
            24794,
            20741,
            21402,
            59041,
            22968,
            83577,
            138908,
            40896,
            87940,
            190792,
            57463,
            52243,
            80119,
            98620,
            57045,
            41387,
            15400,
            16749,
            21731,
            56886,
            83997,
            89447,
            27580,
            42052,
            40959,
            42150,
            107481,
            74158,
            63897,
            183486,
            37583,
            134183,
            142212,
            318613,
            32252,
            15243,
            141270,
            23789,
            8496,
            42114,
            425241,
            15609
        ],
        "Trading_money": [
            3060326,
            504197622,
            98352690,
            98185511,
            56345632,
            28430228,
            43368299,
            45897349,
            49862943,
            47337999,
            30796889,
            12003604,
            17358873,
            83422996,
            34771655,
            20720654,
            31587795,
            13203484,
            16992925,
            11904040,
            12394914,
            7085899,
            5001400,
            26593725,
            12884422,
            23239552,
            25810210,
            35264985,
            30461765,
            4633087,
            25109739,
            9872840,
            5573210,
            7732323,
            8547308,
            5679368,
            13190370,
            9986886,
            8495560,
            7085022,
            10548657,
            7954379,
            2345258,
            8432884,
            1626548,
            7666358,
            19389422,
            3679130,
            3349412,
            1061353,
            9644923,
            7150298,
            27387800,
            3154994,
            16225843,
            3379221,
            4893268,
            13637619,
            28192772,
            45451304,
            27851119,
            5199382,
            1845748,
            3349988,
            6496138,
            1620020,
            5613488,
            1983765,
            2445348,
            4480443,
            4328255,
            9126035,
            13701723,
            22819796,
            10257532,
            3478954,
            5857319,
            3763684,
            17486886,
            12578898,
            4725148,
            37081556,
            62891455,
            33658211,
            31474271,
            19277694,
            15788126,
            33857408,
            15318665,
            22650973,
            15442144,
            4941520,
            4740574,
            1055720,
            890451,
            918150,
            2532508,
            988224,
            3589150,
            5973739,
            1781860,
            3850210,
            8347498,
            2540711,
            2298864,
            3530836,
            4325680,
            2495466,
            1812944,
            673768,
            736178,
            955464,
            2508343,
            3700161,
            3939286,
            1211086,
            1848093,
            1805401,
            1858862,
            4743611,
            3279194,
            2826135,
            8117102,
            1661233,
            5930677,
            6267037,
            14050180,
            1425033,
            675262,
            6246658,
            1053793,
            376822,
            1869682,
            18789525,
            688615
        ],
        "open": [
            44.3,
            46.65,
            46.8,
            46.65,
            46.45,
            46.25,
            46.4,
            46.4,
            46.35,
            46.35,
            46.25,
            46.3,
            46.25,
            46.2,
            45.95,
            45.8,
            45.85,
            45.9,
            45.85,
            45.8,
            45.75,
            45.8,
            45.85,
            45.85,
            45.8,
            45.8,
            45.8,
            45.8,
            45.75,
            45.7,
            45.75,
            45.75,
            45.75,
            45.85,
            45.85,
            46.05,
            46.0,
            46.0,
            45.95,
            45.95,
            46.05,
            45.95,
            46.05,
            46.05,
            46.05,
            46.0,
            46.0,
            46.0,
            45.95,
            45.95,
            46.0,
            46.0,
            45.9,
            45.8,
            45.9,
            45.85,
            45.85,
            45.9,
            46.0,
            46.0,
            45.95,
            46.05,
            46.0,
            46.05,
            46.1,
            46.1,
            46.1,
            46.15,
            46.15,
            46.15,
            46.2,
            46.25,
            46.3,
            46.2,
            46.15,
            46.15,
            46.15,
            46.15,
            46.1,
            46.05,
            46.0,
            45.9,
            45.4,
            45.0,
            44.55,
            43.5,
            43.1,
            41.6,
            41.7,
            41.7,
            42.15,
            42.05,
            42.2,
            42.3,
            43.25,
            42.75,
            43.45,
            43.25,
            42.95,
            43.0,
            43.2,
            43.75,
            43.8,
            44.2,
            44.0,
            44.05,
            43.9,
            43.9,
            43.75,
            44.0,
            43.85,
            44.0,
            44.15,
            44.05,
            44.05,
            44.0,
            43.9,
            44.1,
            44.0,
            44.15,
            44.2,
            44.3,
            44.2,
            44.25,
            44.2,
            44.15,
            44.05,
            44.15,
            44.2,
            44.25,
            44.25,
            44.3,
            44.5,
            44.3,
            44.1
        ],
        "max": [
            44.55,
            46.8,
            46.85,
            46.65,
            46.45,
            46.45,
            46.5,
            46.4,
            46.4,
            46.35,
            46.3,
            46.3,
            46.25,
            46.2,
            45.95,
            45.9,
            45.95,
            45.95,
            45.85,
            45.8,
            45.85,
            45.9,
            45.9,
            45.85,
            45.8,
            45.85,
            45.8,
            45.8,
            45.75,
            45.75,
            45.75,
            45.8,
            45.85,
            45.9,
            46.1,
            46.05,
            46.05,
            46.0,
            45.95,
            46.1,
            46.05,
            46.0,
            46.05,
            46.1,
            46.05,
            46.05,
            46.0,
            46.0,
            46.0,
            46.0,
            46.0,
            46.0,
            45.9,
            45.9,
            45.9,
            45.85,
            45.95,
            46.0,
            46.05,
            46.0,
            46.05,
            46.05,
            46.05,
            46.1,
            46.1,
            46.1,
            46.15,
            46.15,
            46.15,
            46.2,
            46.25,
            46.3,
            46.3,
            46.3,
            46.2,
            46.15,
            46.2,
            46.2,
            46.1,
            46.05,
            46.05,
            45.9,
            45.4,
            45.0,
            44.55,
            44.35,
            43.1,
            42.7,
            41.7,
            42.05,
            42.25,
            42.2,
            43.15,
            42.8,
            43.25,
            42.9,
            43.45,
            43.25,
            43.0,
            43.15,
            43.7,
            43.95,
            44.2,
            44.45,
            44.05,
            44.1,
            44.1,
            43.9,
            44.05,
            44.0,
            44.0,
            44.05,
            44.15,
            44.1,
            44.2,
            44.0,
            44.05,
            44.1,
            44.15,
            44.2,
            44.3,
            44.3,
            44.25,
            44.25,
            44.2,
            44.15,
            44.25,
            44.2,
            44.5,
            44.45,
            44.5,
            44.4,
            44.5,
            44.3,
            44.15
        ],
        "min": [
            44.25,
            46.6,
            46.6,
            46.35,
            46.2,
            46.25,
            46.4,
            46.3,
            46.3,
            46.25,
            46.2,
            46.2,
            46.2,
            45.9,
            45.8,
            45.8,
            45.8,
            45.85,
            45.75,
            45.75,
            45.75,
            45.8,
            45.8,
            45.8,
            45.75,
            45.75,
            45.75,
            45.75,
            45.7,
            45.7,
            45.7,
            45.75,
            45.75,
            45.8,
            45.85,
            46.0,
            45.95,
            45.9,
            45.95,
            45.95,
            45.95,
            45.95,
            46.0,
            46.0,
            46.0,
            46.0,
            45.95,
            45.95,
            45.95,
            45.95,
            45.95,
            45.95,
            45.7,
            45.8,
            45.7,
            45.8,
            45.85,
            45.9,
            45.95,
            45.95,
            45.95,
            46.0,
            46.0,
            46.05,
            46.05,
            46.05,
            46.05,
            46.1,
            46.1,
            46.15,
            46.2,
            46.25,
            46.25,
            46.1,
            46.1,
            46.1,
            46.1,
            46.1,
            46.0,
            45.85,
            45.95,
            45.6,
            44.85,
            44.55,
            43.45,
            42.85,
            41.0,
            41.6,
            40.8,
            41.2,
            41.95,
            42.0,
            42.2,
            42.3,
            42.65,
            42.75,
            42.7,
            42.95,
            42.9,
            42.9,
            43.2,
            43.6,
            43.7,
            44.05,
            44.0,
            44.05,
            43.8,
            43.7,
            43.7,
            43.8,
            43.85,
            43.9,
            44.05,
            44.0,
            44.0,
            43.85,
            43.9,
            44.05,
            44.0,
            44.1,
            44.15,
            44.2,
            44.2,
            44.2,
            44.15,
            44.05,
            44.05,
            44.15,
            44.15,
            44.2,
            44.2,
            44.3,
            44.3,
            44.1,
            44.1
        ],
        "close": [
            44.5,
            46.8,
            46.65,
            46.45,
            46.35,
            46.4,
            46.5,
            46.4,
            46.35,
            46.25,
            46.3,
            46.25,
            46.2,
            45.95,
            45.8,
            45.85,
            45.9,
            45.9,
            45.8,
            45.75,
            45.8,
            45.85,
            45.85,
            45.8,
            45.8,
            45.8,
            45.8,
            45.75,
            45.7,
            45.75,
            45.75,
            45.75,
            45.8,
            45.85,
            46.0,
            46.05,
            46.0,
            45.95,
            45.95,
            46.05,
            45.95,
            45.95,
            46.05,
            46.0,
            46.0,
            46.0,
            45.95,
            45.95,
            46.0,
            46.0,
            46.0,
            46.0,
            45.8,
            45.9,
            45.8,
            45.8,
            45.9,
            45.95,
            46.0,
            45.95,
            46.05,
            46.0,
            46.05,
            46.1,
            46.1,
            46.1,
            46.15,
            46.15,
            46.15,
            46.2,
            46.25,
            46.3,
            46.3,
            46.1,
            46.2,
            46.15,
            46.2,
            46.15,
            46.05,
            46.0,
            45.95,
            45.65,
            45.0,
            44.6,
            43.45,
            43.55,
            41.2,
            41.9,
            41.0,
            41.55,
            42.05,
            42.15,
            42.8,
            42.8,
            42.9,
            42.9,
            42.9,
            43.0,
            42.9,
            43.1,
            43.5,
            43.7,
            44.2,
            44.15,
            44.05,
            44.1,
            44.0,
            43.85,
            44.05,
            44.0,
            43.95,
            44.05,
            44.05,
            44.0,
            44.0,
            43.95,
            44.05,
            44.1,
            44.1,
            44.2,
            44.3,
            44.25,
            44.25,
            44.2,
            44.15,
            44.05,
            44.25,
            44.2,
            44.5,
            44.35,
            44.5,
            44.35,
            44.3,
            44.2,
            44.15
        ],
        "spread": [
            -0.15,
            0.0,
            -0.15,
            -0.2,
            -0.1,
            0.05,
            0.1,
            -0.1,
            -0.05,
            -0.1,
            0.05,
            -0.05,
            -0.05,
            -0.25,
            -0.15,
            0.05,
            0.05,
            0.0,
            -0.1,
            -0.05,
            0.05,
            0.05,
            0.0,
            -0.05,
            0.0,
            0.0,
            0.0,
            -0.05,
            -0.05,
            0.05,
            0.0,
            0.0,
            0.05,
            0.05,
            0.15,
            0.05,
            -0.05,
            -0.05,
            0.0,
            0.1,
            -0.1,
            0.0,
            0.1,
            -0.05,
            0.0,
            0.0,
            -0.05,
            0.0,
            0.05,
            0.0,
            0.0,
            0.0,
            -0.2,
            0.1,
            -0.1,
            0.0,
            0.1,
            0.05,
            0.05,
            -0.05,
            0.1,
            -0.05,
            0.05,
            0.05,
            0.0,
            0.0,
            0.05,
            0.0,
            0.0,
            0.05,
            0.05,
            0.05,
            0.0,
            -0.2,
            0.1,
            -0.05,
            0.05,
            -0.05,
            -0.1,
            -0.05,
            -0.05,
            -0.3,
            -0.65,
            -0.4,
            -1.15,
            0.1,
            -2.35,
            0.7,
            -0.9,
            0.55,
            0.5,
            0.1,
            0.65,
            0.0,
            0.1,
            0.0,
            0.0,
            0.1,
            -0.1,
            0.2,
            0.4,
            0.2,
            0.5,
            -0.05,
            -0.1,
            0.0,
            -0.1,
            -0.15,
            0.2,
            -0.05,
            -0.05,
            0.1,
            0.0,
            -0.05,
            0.0,
            -0.05,
            0.1,
            0.05,
            0.0,
            0.1,
            0.1,
            -0.05,
            0.0,
            -0.05,
            -0.05,
            -0.1,
            0.2,
            -0.05,
            0.3,
            -0.15,
            0.15,
            -0.15,
            -0.05,
            -0.1,
            -0.05
        ],
        "Trading_turnover": [
            41,
            2472,
            855,
            761,
            601,
            323,
            244,
            261,
            253,
            308,
            238,
            151,
            194,
            611,
            395,
            135,
            139,
            96,
            160,
            143,
            118,
            81,
            94,
            166,
            108,
            109,
            188,
            236,
            168,
            76,
            145,
            105,
            84,
            96,
            85,
            104,
            134,
            84,
            39,
            79,
            72,
            65,
            52,
            67,
            38,
            58,
            82,
            50,
            55,
            31,
            75,
            72,
            181,
            56,
            122,
            62,
            69,
            81,
            87,
            88,
            48,
            44,
            58,
            54,
            53,
            30,
            52,
            44,
            47,
            59,
            47,
            86,
            80,
            98,
            48,
            42,
            42,
            38,
            92,
            105,
            36,
            196,
            331,
            213,
            226,
            155,
            178,
            183,
            122,
            160,
            145,
            57,
            84,
            22,
            13,
            18,
            39,
            24,
            70,
            70,
            35,
            54,
            51,
            37,
            46,
            42,
            103,
            35,
            25,
            19,
            16,
            27,
            33,
            58,
            58,
            26,
            30,
            26,
            24,
            42,
            43,
            33,
            47,
            24,
            36,
            50,
            203,
            30,
            18,
            40,
            17,
            14,
            29,
            71,
            16
        ]
    }
}