{
    "msg": "success",
    "status": 200,
    "data": {
        "date": [
            "2012-01-07",
            "2019-10-07",
            "2019-10-08",
            "2019-10-09",
            "2019-10-14",
            "2019-10-15",
            "2019-10-16",
            "2019-10-17",
            "2019-10-18",
            "2019-10-21",
            "2019-10-22",
            "2019-10-23",
            "2019-10-24",
            "2019-10-25",
            "2019-10-28",
            "2019-10-29",
            "2019-10-30",
            "2019-10-31",
            "2019-11-01",
            "2019-11-04",
            "2019-11-05",
            "2019-11-06",
            "2019-11-07",
            "2019-11-08",
            "2019-11-11",
            "2019-11-12",
            "2019-11-13",
            "2019-11-14",
            "2019-11-15",
            "2019-11-18",
            "2019-11-19",
            "2019-11-20",
            "2019-11-21",
            "2019-11-22",
            "2019-11-25",
            "2019-11-26",
            "2019-11-27",
            "2019-11-28",
            "2019-11-29",
            "2019-12-02",
            "2019-12-03",
            "2019-12-04",
            "2019-12-05",
            "2019-12-06",
            "2019-12-09",
            "2019-12-10",
            "2019-12-11",
            "2019-12-12",
            "2019-12-13",
            "2019-12-16",
            "2019-12-17",
            "2019-12-18",
            "2019-12-19",
            "2019-12-20",
            "2019-12-23",
            "2019-12-24",
            "2019-12-25",
            "2019-12-26",
            "2019-12-27",
            "2019-12-30",
            "2019-12-31",
            "2020-01-02",
            "2020-01-03",
            "2020-01-06",
            "2020-01-07",
            "2020-01-08",
            "2020-01-09",
            "2020-01-10",
            "2020-01-13",
            "2020-01-14",
            "2020-01-15",
            "2020-01-16",
            "2020-01-17",
            "2020-01-20",
            "2020-01-30",
            "2020-01-31",
            "2020-02-03",
            "2020-02-04",
            "2020-02-05",
            "2020-02-06",
            "2020-02-07",
            "2020-02-10",
            "2020-02-11",
            "2020-02-12",
            "2020-02-13",
            "2020-02-14",
            "2020-02-17",
            "2020-02-18",
            "2020-02-19",
            "2020-02-20",
            "2020-02-21",
            "2020-02-24",
            "2020-02-25",
            "2020-02-26",
            "2020-02-27",
            "2020-03-02",
            "2020-03-03",
            "2020-03-04",
            "2020-03-05",
            "2020-03-06",
            "2020-03-09",
            "2020-03-10",
            "2020-03-11",
            "2020-03-12",
            "2020-03-13",
            "2020-03-16",
            "2020-03-17",
            "2020-03-18",
            "2020-03-19",
            "2020-03-20",
            "2020-03-23",
            "2020-03-24",
            "2020-03-25",
            "2020-03-26",
            "2020-03-27",
            "2020-03-30",
            "2020-03-31",
            "2020-04-01",
            "2020-04-06",
            "2020-04-07",
            "2020-04-08",
            "2020-04-09",
            "2020-04-10",
            "2020-04-13",
            "2020-04-14",
            "2020-04-15",
            "2020-04-16",
            "2020-04-17",
            "2020-04-20",
            "2020-04-21",
            "2020-04-22",
            "2020-04-23",
            "2020-04-24",
            "2020-04-27",
            "2020-04-28",
            "2020-04-29",
            "2020-04-30",
            "2020-05-04",
            "2020-05-05",
            "2020-05-06",
            "2020-05-07",
            "2020-05-08",
            "2020-05-11",
            "2020-05-12",
            "2020-05-13",
            "2020-05-14",
            "2020-05-15",
            "2020-05-18",
            "2020-05-19",
            "2020-05-20",
            "2020-05-21",
            "2020-05-22",
            "2020-05-25",
            "2020-05-26",
            "2020-05-27",
            "2020-05-28",
            "2020-05-29"
        ],
        "stock_id": [
            "6491",
            "6491",
            "6491",
            "6491",
            "6491",
            "6491",
            "6491",
            "6491",
            "6491",
            "6491",
            "6491",
            "6491",
            "6491",
            "6491",
            "6491",
            "6491",
            "6491",
            "6491",
            "6491",
            "6491",
            "6491",
            "6491",
            "6491",
            "6491",
            "6491",
            "6491",
            "6491",
            "6491",
            "6491",
            "6491",
            "6491",
            "6491",
            "6491",
            "6491",
            "6491",
            "6491",
            "6491",
            "6491",
            "6491",
            "6491",
            "6491",
            "6491",
            "6491",
            "6491",
            "6491",
            "6491",
            "6491",
            "6491",
            "6491",
            "6491",
            "6491",
            "6491",
            "6491",
            "6491",
            "6491",
            "6491",
            "6491",
            "6491",
            "6491",
            "6491",
            "6491",
            "6491",
            "6491",
            "6491",
            "6491",
            "6491",
            "6491",
            "6491",
            "6491",
            "6491",
            "6491",
            "6491",
            "6491",
            "6491",
            "6491",
            "6491",
            "6491",
            "6491",
            "6491",
            "6491",
            "6491",
            "6491",
            "6491",
            "6491",
            "6491",
            "6491",
            "6491",
            "6491",
            "6491",
            "6491",
            "6491",
            "6491",
            "6491",
            "6491",
            "6491",
            "6491",
            "6491",
            "6491",
            "6491",
            "6491",
            "6491",
            "6491",
            "6491",
            "6491",
            "6491",
            "6491",
            "6491",
            "6491",
            "6491",
            "6491",
            "6491",
            "6491",
            "6491",
            "6491",
            "6491",
            "6491",
            "6491",
            "6491",
            "6491",
            "6491",
            "6491",
            "6491",
            "6491",
            "6491",
            "6491",
            "6491",
            "6491",
            "6491",
            "6491",
            "6491",
            "6491",
            "6491",
            "6491",
            "6491",
            "6491",
            "6491",
            "6491",
            "6491",
            "6491",
            "6491",
            "6491",
            "6491",
            "6491",
            "6491",
            "6491",
            "6491",
            "6491",
            "6491",
            "6491",
            "6491",
            "6491",
            "6491",
            "6491",
            "6491",
            "6491",
            "6491",
            "6491"
        ],
        "Trading_Volume": [
            1530593,
            2450008,
            1081150,
            834110,
            340250,
            636320,
            424624,
            310469,
            232801,
            458689,
            253271,
            184950,
            157008,
            136239,
            151308,
            647315,
            375635,
            229825,
            152105,
            220930,
            208343,
            281100,
            351262,
            136180,
            319270,
            79288,
            132500,
            122010,
            735055,
            369928,
            205045,
            247030,
            131707,
            439438,
            192170,
            115589,
            202833,
            167100,
            89810,
            88223,
            1350071,
            488533,
            306280,
            286770,
            154470,
            209432,
            348328,
            168680,
            197301,
            104600,
            145200,
            254213,
            242830,
            139116,
            72150,
            59050,
            83100,
            75010,
            82183,
            476619,
            572309,
            454250,
            517027,
            218300,
            211310,
            114539,
            67500,
            89350,
            242085,
            190404,
            126255,
            89459,
            154220,
            92140,
            352371,
            178260,
            270710,
            235290,
            135138,
            111027,
            404160,
            297378,
            221551,
            124054,
            164663,
            121150,
            127080,
            90382,
            92455,
            61000,
            84200,
            120200,
            107057,
            68922,
            280100,
            226365,
            140460,
            126465,
            131200,
            40000,
            170700,
            193533,
            85985,
            459655,
            483200,
            303958,
            423906,
            171600,
            320850,
            361505,
            240836,
            361633,
            382718,
            250759,
            550106,
            381946,
            213687,
            137399,
            179451,
            322279,
            194936,
            355860,
            387301,
            143485,
            335263,
            174470,
            100580,
            178108,
            97151,
            173181,
            179000,
            83001,
            54170,
            153170,
            195111,
            204150,
            591033,
            197287,
            160201,
            189201,
            74550,
            120160,
            177352,
            184178,
            79100,
            90000,
            168150,
            172200,
            102100,
            127100,
            159000,
            96200,
            106426,
            149065,
            144000,
            221000,
            63000
        ],
        "Trading_money": [
            269199756,
            439368440,
            189864173,
            141487700,
            57582500,
            104501640,
            70270460,
            51158823,
            38638966,
            77483041,
            42875931,
            30855625,
            26226360,
            22826771,
            25115628,
            109713836,
            64037585,
            38871336,
            25470350,
            37175170,
            34743950,
            46639200,
            57128730,
            22043840,
            49946700,
            12432792,
            20676000,
            19210585,
            122163905,
            62906080,
            34429537,
            41784615,
            22209690,
            75635679,
            32425815,
            19557834,
            34435860,
            27845600,
            14858650,
            14673464,
            235494067,
            84723808,
            53237858,
            50098135,
            26848780,
            35867304,
            60857564,
            29284480,
            34245874,
            18153300,
            25075799,
            44326954,
            42301662,
            24286241,
            12468025,
            10215650,
            14397800,
            12998230,
            14251842,
            84159182,
            103501818,
            82216750,
            92888806,
            38837400,
            37026904,
            19802747,
            11740249,
            15635400,
            42832171,
            33572613,
            21951497,
            15528595,
            26720340,
            15892150,
            56817473,
            28755770,
            41760260,
            36328950,
            20828890,
            17223212,
            61095640,
            43124496,
            32981650,
            19014897,
            25250439,
            18350450,
            18998160,
            13469300,
            13818250,
            9096500,
            12598000,
            17747000,
            15684349,
            10147995,
            40505600,
            30830965,
            19666360,
            17642530,
            18497999,
            5583500,
            23050848,
            25533922,
            11329535,
            55767410,
            52445300,
            32559674,
            41982726,
            17151900,
            28981119,
            33233908,
            20248973,
            32295837,
            35314460,
            23082028,
            54860100,
            36850562,
            21062939,
            13659834,
            17664349,
            32767516,
            20351716,
            40351760,
            45181661,
            16328046,
            39805902,
            20609900,
            11809520,
            21162244,
            11485892,
            19685862,
            19729500,
            9417115,
            6065125,
            17667560,
            22835098,
            24328300,
            75132724,
            24358444,
            20242127,
            24181925,
            9382575,
            15159660,
            22777260,
            23897106,
            9976049,
            11238000,
            20406724,
            21438400,
            12717700,
            15893100,
            19756500,
            11983300,
            13179389,
            18915787,
            18148500,
            28244000,
            8040000
        ],
        "open": [
            174.5,
            179.0,
            180.0,
            172.0,
            169.0,
            168.5,
            162.5,
            165.0,
            166.5,
            165.5,
            170.5,
            168.5,
            167.0,
            168.0,
            167.5,
            165.0,
            170.5,
            170.5,
            167.5,
            169.0,
            167.5,
            167.0,
            164.5,
            163.5,
            160.5,
            156.0,
            158.5,
            158.5,
            159.0,
            169.0,
            170.0,
            169.0,
            170.0,
            170.0,
            170.5,
            169.5,
            170.0,
            168.0,
            166.5,
            165.0,
            170.0,
            175.0,
            174.5,
            175.0,
            175.5,
            174.0,
            174.5,
            174.0,
            174.0,
            173.0,
            173.0,
            173.0,
            173.5,
            176.0,
            173.0,
            173.5,
            174.0,
            173.5,
            174.0,
            175.0,
            177.0,
            182.0,
            183.0,
            177.5,
            177.5,
            174.0,
            173.0,
            174.5,
            175.5,
            178.0,
            175.5,
            173.0,
            175.0,
            173.0,
            159.0,
            159.0,
            150.0,
            153.5,
            156.0,
            154.0,
            155.0,
            147.0,
            145.5,
            151.5,
            154.0,
            153.0,
            151.5,
            149.0,
            149.0,
            150.5,
            149.0,
            150.0,
            146.5,
            147.0,
            147.0,
            130.5,
            140.5,
            139.5,
            142.0,
            140.5,
            137.0,
            133.0,
            134.0,
            129.0,
            110.0,
            111.0,
            99.4,
            96.4,
            98.9,
            90.0,
            88.0,
            85.1,
            95.5,
            91.5,
            95.0,
            97.0,
            99.1,
            99.2,
            100.0,
            101.5,
            103.5,
            106.0,
            119.0,
            115.0,
            114.5,
            118.5,
            119.0,
            119.0,
            117.0,
            117.5,
            110.0,
            114.5,
            113.5,
            114.5,
            117.0,
            117.0,
            122.5,
            124.0,
            123.5,
            129.0,
            124.5,
            126.5,
            126.5,
            129.5,
            125.5,
            126.0,
            122.5,
            121.5,
            126.0,
            125.0,
            125.0,
            125.0,
            124.0,
            126.0,
            127.5,
            127.5,
            128.5
        ],
        "max": [
            180.5,
            181.5,
            180.0,
            172.0,
            171.5,
            169.0,
            167.5,
            166.0,
            166.5,
            171.5,
            171.0,
            168.5,
            167.5,
            168.0,
            167.5,
            171.0,
            172.0,
            170.5,
            168.5,
            169.0,
            167.5,
            167.5,
            165.0,
            163.5,
            160.5,
            158.0,
            158.5,
            158.5,
            172.0,
            171.0,
            170.0,
            171.0,
            170.0,
            175.5,
            170.5,
            170.0,
            171.0,
            168.0,
            166.5,
            167.5,
            176.5,
            175.5,
            175.0,
            176.0,
            175.5,
            174.0,
            176.5,
            174.0,
            175.0,
            174.5,
            174.0,
            175.0,
            176.0,
            176.0,
            173.0,
            173.5,
            174.0,
            174.0,
            174.0,
            179.5,
            183.0,
            182.0,
            183.0,
            180.0,
            177.5,
            174.0,
            174.5,
            175.5,
            178.5,
            178.5,
            175.5,
            174.5,
            175.5,
            173.0,
            168.0,
            163.0,
            158.5,
            155.5,
            156.0,
            156.0,
            155.0,
            147.0,
            150.5,
            154.0,
            155.0,
            153.0,
            151.5,
            150.5,
            150.5,
            150.5,
            150.5,
            150.0,
            147.5,
            148.0,
            148.5,
            141.5,
            141.0,
            142.5,
            145.0,
            140.5,
            137.0,
            134.0,
            134.0,
            129.0,
            112.0,
            111.5,
            101.5,
            104.0,
            98.9,
            94.0,
            88.0,
            91.0,
            95.6,
            94.5,
            101.0,
            99.1,
            102.0,
            101.5,
            100.5,
            103.5,
            106.5,
            116.0,
            121.0,
            116.5,
            122.0,
            119.5,
            119.0,
            121.5,
            119.5,
            117.5,
            113.5,
            115.0,
            113.5,
            117.0,
            119.0,
            120.5,
            132.0,
            125.5,
            128.5,
            129.5,
            126.5,
            127.0,
            131.5,
            132.5,
            127.5,
            126.5,
            124.5,
            127.5,
            126.0,
            126.5,
            125.0,
            126.5,
            126.5,
            128.5,
            127.5,
            129.0,
            128.5
        ],
        "min": [
            167.0,
            177.5,
            172.5,
            168.0,
            168.0,
            162.5,
            162.5,
            163.0,
            165.5,
            165.5,
            168.0,
            166.0,
            166.5,
            167.0,
            165.0,
            165.0,
            168.0,
            168.0,
            166.5,
            167.5,
            166.5,
            164.5,
            161.0,
            161.0,
            155.0,
            156.0,
            154.5,
            156.5,
            158.5,
            169.0,
            166.5,
            165.5,
            167.5,
            167.5,
            167.5,
            168.0,
            168.0,
            166.0,
            165.0,
            165.0,
            170.0,
            171.0,
            172.5,
            173.5,
            173.0,
            170.0,
            172.0,
            172.5,
            172.0,
            173.0,
            172.0,
            173.0,
            172.0,
            173.5,
            172.5,
            172.5,
            173.0,
            172.5,
            173.0,
            174.0,
            177.0,
            178.0,
            176.0,
            176.0,
            174.0,
            171.0,
            173.0,
            174.5,
            175.0,
            174.0,
            173.0,
            172.5,
            172.5,
            172.0,
            159.0,
            159.0,
            150.0,
            153.5,
            153.0,
            154.0,
            148.0,
            142.5,
            145.0,
            151.5,
            151.5,
            151.0,
            148.5,
            148.5,
            149.0,
            148.5,
            148.0,
            147.0,
            145.5,
            146.5,
            141.5,
            130.5,
            138.5,
            137.5,
            139.0,
            139.0,
            134.0,
            130.0,
            130.0,
            118.5,
            108.0,
            103.0,
            95.1,
            96.4,
            89.2,
            89.6,
            81.5,
            85.1,
            89.7,
            89.5,
            94.5,
            94.0,
            97.5,
            97.1,
            97.3,
            100.0,
            103.0,
            106.0,
            112.5,
            111.0,
            114.5,
            117.0,
            115.0,
            115.5,
            117.0,
            112.0,
            108.0,
            112.0,
            111.0,
            113.0,
            116.0,
            117.0,
            122.0,
            120.0,
            123.5,
            126.0,
            124.5,
            125.0,
            125.0,
            126.0,
            125.5,
            122.5,
            120.0,
            121.5,
            123.5,
            123.5,
            123.5,
            123.0,
            120.5,
            125.5,
            125.5,
            126.5,
            127.0
        ],
        "close": [
            175.5,
            178.5,
            173.0,
            168.5,
            168.5,
            162.5,
            164.0,
            166.0,
            165.5,
            170.5,
            168.5,
            166.5,
            167.0,
            167.5,
            165.5,
            170.5,
            170.5,
            168.0,
            168.5,
            168.0,
            166.5,
            165.5,
            162.0,
            161.5,
            155.5,
            157.5,
            157.0,
            157.0,
            172.0,
            170.0,
            167.0,
            169.0,
            169.0,
            170.5,
            168.5,
            169.5,
            168.0,
            166.0,
            165.0,
            166.0,
            175.5,
            172.0,
            173.0,
            174.5,
            174.0,
            171.0,
            174.0,
            173.5,
            174.5,
            173.0,
            173.0,
            174.0,
            176.0,
            173.5,
            173.0,
            173.0,
            173.0,
            173.0,
            174.0,
            178.0,
            181.5,
            180.5,
            176.5,
            178.5,
            175.0,
            172.5,
            174.5,
            174.5,
            178.5,
            175.5,
            173.5,
            174.5,
            172.5,
            172.5,
            159.5,
            162.0,
            154.5,
            154.0,
            153.5,
            155.5,
            150.0,
            144.5,
            150.0,
            153.0,
            152.5,
            151.5,
            149.0,
            149.0,
            149.5,
            149.0,
            150.0,
            148.5,
            147.0,
            147.5,
            143.0,
            137.0,
            140.5,
            142.0,
            142.0,
            139.5,
            134.0,
            133.5,
            131.0,
            119.5,
            111.0,
            103.0,
            96.3,
            99.1,
            89.2,
            90.0,
            84.3,
            89.1,
            89.7,
            92.0,
            101.0,
            99.0,
            99.2,
            100.0,
            100.0,
            103.5,
            105.5,
            116.0,
            113.5,
            113.5,
            116.5,
            119.5,
            118.0,
            117.0,
            118.0,
            112.5,
            113.0,
            113.5,
            112.5,
            116.0,
            116.5,
            120.5,
            127.5,
            123.0,
            127.5,
            126.0,
            126.5,
            125.5,
            129.5,
            126.5,
            126.0,
            122.5,
            120.0,
            123.5,
            125.0,
            124.0,
            124.5,
            123.5,
            126.5,
            125.5,
            126.0,
            127.5,
            127.0
        ],
        "spread": [
            -0.5,
            0.0,
            -5.5,
            -4.5,
            0.0,
            -6.0,
            1.5,
            2.0,
            -0.5,
            5.0,
            -2.0,
            -2.0,
            0.5,
            0.5,
            -2.0,
            5.0,
            0.0,
            -2.5,
            0.5,
            -0.5,
            -1.5,
            -1.0,
            -3.5,
            -0.5,
            -6.0,
            2.0,
            -0.5,
            0.0,
            15.0,
            -2.0,
            -3.0,
            2.0,
            0.0,
            1.5,
            -2.0,
            1.0,
            -1.5,
            -2.0,
            -1.0,
            1.0,
            9.5,
            -3.5,
            1.0,
            1.5,
            -0.5,
            -3.0,
            3.0,
            -0.5,
            1.0,
            -1.5,
            0.0,
            1.0,
            2.0,
            -2.5,
            -0.5,
            0.0,
            0.0,
            0.0,
            1.0,
            4.0,
            3.5,
            -1.0,
            -4.0,
            2.0,
            -3.5,
            -2.5,
            2.0,
            0.0,
            4.0,
            -3.0,
            -2.0,
            1.0,
            -2.0,
            0.0,
            -13.0,
            2.5,
            -7.5,
            -0.5,
            -0.5,
            2.0,
            -5.5,
            -5.5,
            5.5,
            3.0,
            -0.5,
            -1.0,
            -2.5,
            0.0,
            0.5,
            -0.5,
            1.0,
            -1.5,
            -1.5,
            0.5,
            -4.5,
            -6.0,
            3.5,
            1.5,
            0.0,
            -2.5,
            -5.5,
            -0.5,
            -2.5,
            -11.5,
            -8.5,
            -8.0,
            -6.7,
            2.8,
            -9.9,
            0.8,
            -5.7,
            4.8,
            0.6,
            2.3,
            9.0,
            -2.0,
            0.2,
            0.8,
            0.0,
            3.5,
            2.0,
            10.5,
            -2.5,
            0.0,
            3.0,
            3.0,
            -1.5,
            -1.0,
            1.0,
            -5.5,
            0.5,
            0.5,
            -1.0,
            3.5,
            0.5,
            4.0,
            7.0,
            -4.5,
            4.5,
            -1.5,
            0.5,
            -1.0,
            4.0,
            -3.0,
            -0.5,
            -3.5,
            -2.5,
            3.5,
            1.5,
            -1.0,
            0.5,
            -1.0,
            3.0,
            -1.0,
            0.5,
            1.5,
            -0.5
        ],
        "Trading_turnover": [
            1224,
            2098,
            935,
            694,
            296,
            549,
            358,
            242,
            206,
            389,
            226,
            176,
            129,
            122,
            135,
            489,
            296,
            189,
            116,
            171,
            168,
            195,
            311,
            119,
            278,
            78,
            118,
            102,
            625,
            298,
            159,
            215,
            108,
            409,
            157,
            112,
            164,
            151,
            85,
            83,
            1042,
            412,
            265,
            216,
            144,
            178,
            291,
            151,
            163,
            108,
            119,
            219,
            220,
            117,
            67,
            53,
            73,
            61,
            71,
            372,
            475,
            358,
            409,
            204,
            195,
            111,
            60,
            90,
            215,
            186,
            120,
            82,
            137,
            86,
            282,
            159,
            226,
            189,
            117,
            108,
            338,
            229,
            167,
            93,
            110,
            112,
            98,
            74,
            76,
            56,
            87,
            108,
            109,
            58,
            232,
            191,
            128,
            121,
            124,
            37,
            146,
            162,
            94,
            354,
            332,
            257,
            260,
            152,
            258,
            243,
            163,
            220,
            254,
            173,
            340,
            344,
            197,
            125,
            144,
            239,
            149,
            250,
            347,
            111,
            300,
            162,
            98,
            164,
            82,
            167,
            152,
            73,
            53,
            136,
            146,
            164,
            514,
            176,
            151,
            163,
            78,
            97,
            163,
            175,
            68,
            77,
            149,
            138,
            90,
            92,
            138,
            80,
            104,
            130,
            111,
            169,
            56
        ]
    }
}