{
    "msg": "success",
    "status": 200,
    "data": {
        "date": [
            "2019-12-25",
            "2019-12-26",
            "2019-12-27",
            "2019-12-30",
            "2019-12-31",
            "2020-01-02",
            "2020-01-03",
            "2020-01-06",
            "2020-01-07",
            "2020-01-08",
            "2020-01-09",
            "2020-01-10",
            "2020-01-13",
            "2020-01-14",
            "2020-01-15",
            "2020-01-16",
            "2020-01-17",
            "2020-01-20",
            "2020-01-30",
            "2020-01-31",
            "2020-02-03",
            "2020-02-04",
            "2020-02-05",
            "2020-02-06",
            "2020-02-07",
            "2020-02-10",
            "2020-02-11",
            "2020-02-12",
            "2020-02-13",
            "2020-02-14",
            "2020-02-17",
            "2020-02-18",
            "2020-02-19",
            "2020-02-20",
            "2020-02-21",
            "2020-02-24",
            "2020-02-25",
            "2020-02-26",
            "2020-02-27",
            "2020-03-02",
            "2020-03-03",
            "2020-03-04",
            "2020-03-05",
            "2020-03-06",
            "2020-03-09",
            "2020-03-10",
            "2020-03-11",
            "2020-03-12",
            "2020-03-13",
            "2020-03-16",
            "2020-03-17",
            "2020-03-18",
            "2020-03-19",
            "2020-03-20",
            "2020-03-23",
            "2020-03-24",
            "2020-03-25",
            "2020-03-26",
            "2020-03-27",
            "2020-03-30",
            "2020-03-31",
            "2020-04-01",
            "2020-04-06",
            "2020-04-07",
            "2020-04-08",
            "2020-04-09",
            "2020-04-10",
            "2020-04-13",
            "2020-04-14",
            "2020-04-15",
            "2020-04-16",
            "2020-04-17",
            "2020-04-20",
            "2020-04-21",
            "2020-04-22",
            "2020-04-23",
            "2020-04-24",
            "2020-04-27",
            "2020-04-28",
            "2020-04-29",
            "2020-04-30",
            "2020-05-04",
            "2020-05-05",
            "2020-05-06",
            "2020-05-07",
            "2020-05-08",
            "2020-05-11",
            "2020-05-12",
            "2020-05-13",
            "2020-05-14",
            "2020-05-15",
            "2020-05-18",
            "2020-05-19",
            "2020-05-20",
            "2020-05-21",
            "2020-05-22",
            "2020-05-25",
            "2020-05-26",
            "2020-05-27",
            "2020-05-28",
            "2020-05-29"
        ],
        "stock_id": [
            "6527",
            "6527",
            "6527",
            "6527",
            "6527",
            "6527",
            "6527",
            "6527",
            "6527",
            "6527",
            "6527",
            "6527",
            "6527",
            "6527",
            "6527",
            "6527",
            "6527",
            "6527",
            "6527",
            "6527",
            "6527",
            "6527",
            "6527",
            "6527",
            "6527",
            "6527",
            "6527",
            "6527",
            "6527",
            "6527",
            "6527",
            "6527",
            "6527",
            "6527",
            "6527",
            "6527",
            "6527",
            "6527",
            "6527",
            "6527",
            "6527",
            "6527",
            "6527",
            "6527",
            "6527",
            "6527",
            "6527",
            "6527",
            "6527",
            "6527",
            "6527",
            "6527",
            "6527",
            "6527",
            "6527",
            "6527",
            "6527",
            "6527",
            "6527",
            "6527",
            "6527",
            "6527",
            "6527",
            "6527",
            "6527",
            "6527",
            "6527",
            "6527",
            "6527",
            "6527",
            "6527",
            "6527",
            "6527",
            "6527",
            "6527",
            "6527",
            "6527",
            "6527",
            "6527",
            "6527",
            "6527",
            "6527",
            "6527",
            "6527",
            "6527",
            "6527",
            "6527",
            "6527",
            "6527",
            "6527",
            "6527",
            "6527",
            "6527",
            "6527",
            "6527",
            "6527",
            "6527",
            "6527",
            "6527",
            "6527",
            "6527"
        ],
        "Trading_Volume": [
            2133000,
            1602000,
            920000,
            723000,
            361000,
            345000,
            375000,
            308000,
            234000,
            91000,
            195000,
            144000,
            64000,
            126000,
            130000,
            310000,
            230000,
            103000,
            226000,
            106000,
            84000,
            54000,
            56000,
            81000,
            40000,
            49000,
            35000,
            68000,
            24000,
            29000,
            70000,
            20000,
            57000,
            52000,
            57000,
            37000,
            42000,
            56000,
            133000,
            190000,
            82000,
            50000,
            141000,
            61000,
            122000,
            117000,
            85000,
            121000,
            182000,
            125000,
            75000,
            51000,
            126000,
            159000,
            31000,
            55000,
            151000,
            81000,
            98000,
            83000,
            165000,
            115000,
            78000,
            119000,
            148000,
            207000,
            279000,
            80000,
            108000,
            149000,
            97000,
            192000,
            205000,
            257000,
            216000,
            149000,
            138000,
            505000,
            241000,
            174000,
            268000,
            150000,
            135000,
            187000,
            170000,
            140000,
            100000,
            157000,
            111000,
            280000,
            95000,
            101000,
            103000,
            34000,
            90000,
            128000,
            232000,
            441000,
            354000,
            124000,
            134000
        ],
        "Trading_money": [
            176437400,
            137400100,
            74860300,
            57009800,
            28281400,
            26880100,
            28646000,
            22516400,
            16945800,
            6548800,
            13866200,
            10531100,
            4655400,
            9207800,
            9485000,
            23258500,
            17252100,
            7644100,
            15865100,
            7251500,
            5530900,
            3590300,
            3777300,
            5571300,
            2731400,
            3346500,
            2425400,
            4691900,
            1646400,
            1997800,
            4786500,
            1360100,
            3860700,
            3536600,
            3873200,
            2478100,
            2773200,
            3656800,
            8441900,
            11604800,
            5206600,
            3137600,
            8860300,
            3789300,
            7305400,
            6776500,
            4994600,
            6750100,
            8946200,
            6262300,
            3621200,
            2424250,
            5188500,
            6642950,
            1259850,
            2265350,
            6618750,
            3550150,
            4398400,
            3731650,
            7540950,
            5299700,
            3597700,
            5508650,
            7000900,
            9948000,
            12731000,
            3691350,
            5076500,
            7153450,
            4645650,
            9484900,
            10369000,
            13184500,
            10961000,
            7676000,
            7072900,
            26962500,
            12989700,
            9273600,
            14419200,
            7781600,
            6974900,
            9783000,
            8760700,
            7350000,
            5232100,
            8359500,
            5985800,
            15340300,
            5030500,
            5281100,
            5366300,
            1774500,
            4775500,
            6826200,
            12707900,
            25138000,
            20201200,
            6864200,
            7323800
        ],
        "open": [
            81.5,
            86.5,
            83.3,
            80.6,
            77.4,
            78.7,
            77.8,
            74.7,
            72.0,
            71.0,
            71.7,
            71.8,
            72.8,
            73.2,
            72.6,
            73.6,
            74.5,
            73.8,
            72.2,
            67.7,
            67.9,
            65.6,
            67.8,
            67.1,
            68.5,
            67.8,
            69.0,
            69.7,
            68.7,
            68.9,
            68.8,
            68.4,
            67.7,
            68.1,
            68.0,
            66.4,
            65.6,
            65.6,
            65.0,
            61.1,
            64.1,
            62.9,
            63.4,
            62.5,
            61.3,
            58.9,
            58.0,
            58.0,
            49.3,
            49.2,
            47.9,
            49.25,
            44.75,
            41.0,
            40.0,
            40.0,
            42.65,
            44.2,
            44.2,
            43.75,
            45.1,
            45.85,
            46.3,
            46.3,
            46.25,
            47.7,
            46.1,
            45.65,
            46.7,
            47.3,
            47.8,
            48.4,
            49.6,
            51.0,
            51.1,
            51.7,
            52.0,
            52.5,
            54.4,
            53.8,
            54.0,
            53.5,
            52.2,
            51.5,
            51.6,
            52.2,
            52.5,
            52.2,
            54.2,
            54.0,
            54.2,
            52.1,
            51.7,
            52.8,
            52.7,
            53.3,
            53.7,
            56.5,
            58.0,
            55.6,
            55.4
        ],
        "max": [
            87.1,
            88.6,
            83.6,
            81.4,
            79.0,
            78.7,
            78.1,
            74.7,
            73.9,
            72.5,
            71.7,
            75.0,
            73.2,
            73.8,
            73.4,
            76.4,
            76.6,
            74.8,
            72.3,
            69.7,
            67.9,
            67.5,
            67.9,
            70.2,
            69.0,
            69.1,
            69.7,
            69.7,
            68.8,
            69.4,
            69.2,
            68.5,
            68.4,
            68.5,
            68.5,
            67.9,
            66.6,
            66.0,
            65.7,
            63.7,
            64.5,
            63.4,
            63.4,
            63.0,
            61.4,
            59.7,
            59.7,
            58.0,
            50.0,
            52.9,
            49.6,
            49.9,
            44.75,
            43.2,
            40.9,
            41.8,
            44.8,
            44.6,
            45.65,
            46.0,
            46.15,
            46.6,
            46.9,
            46.9,
            48.5,
            49.2,
            46.1,
            46.9,
            47.55,
            48.5,
            48.35,
            50.1,
            52.5,
            52.6,
            52.0,
            52.5,
            52.0,
            54.0,
            55.1,
            54.1,
            54.9,
            53.5,
            52.9,
            53.2,
            52.3,
            53.1,
            52.6,
            54.1,
            54.4,
            56.3,
            54.6,
            53.0,
            52.6,
            52.9,
            53.4,
            53.9,
            56.5,
            58.9,
            58.5,
            56.2,
            55.8
        ],
        "min": [
            81.1,
            83.0,
            80.2,
            77.4,
            76.9,
            77.5,
            75.3,
            72.3,
            71.8,
            71.0,
            70.6,
            71.5,
            72.3,
            72.5,
            72.6,
            73.5,
            73.7,
            73.8,
            68.0,
            67.5,
            65.0,
            65.6,
            67.0,
            67.1,
            68.0,
            67.5,
            69.0,
            68.5,
            68.4,
            68.6,
            68.0,
            67.7,
            67.6,
            67.7,
            67.6,
            66.4,
            65.6,
            65.0,
            61.8,
            58.5,
            62.6,
            62.5,
            62.1,
            61.8,
            59.0,
            57.0,
            57.8,
            54.1,
            49.05,
            47.8,
            47.75,
            45.0,
            40.85,
            40.85,
            40.0,
            40.0,
            42.65,
            43.1,
            44.2,
            43.75,
            45.05,
            45.7,
            45.8,
            46.0,
            46.1,
            47.5,
            45.2,
            45.25,
            46.6,
            47.05,
            47.5,
            48.4,
            48.95,
            50.5,
            49.8,
            50.7,
            50.5,
            52.4,
            53.0,
            52.9,
            53.2,
            51.5,
            51.0,
            51.0,
            50.8,
            52.0,
            52.1,
            52.2,
            53.3,
            53.6,
            52.1,
            51.7,
            51.7,
            51.9,
            52.7,
            53.0,
            53.2,
            54.2,
            55.7,
            55.0,
            54.2
        ],
        "close": [
            86.2,
            83.0,
            80.5,
            77.4,
            78.5,
            77.8,
            75.3,
            72.4,
            71.8,
            72.1,
            70.8,
            72.6,
            72.8,
            73.0,
            72.7,
            75.2,
            74.9,
            74.2,
            68.0,
            68.9,
            65.6,
            66.8,
            67.1,
            68.5,
            68.0,
            68.6,
            69.3,
            69.0,
            68.4,
            68.9,
            68.0,
            67.7,
            67.7,
            67.8,
            67.8,
            66.8,
            66.0,
            65.0,
            61.8,
            63.0,
            62.6,
            62.8,
            62.7,
            61.8,
            59.0,
            57.8,
            58.7,
            54.5,
            49.15,
            49.0,
            48.3,
            45.35,
            40.85,
            40.9,
            40.0,
            41.5,
            43.3,
            43.85,
            44.25,
            44.8,
            45.85,
            46.3,
            45.9,
            46.25,
            47.35,
            47.55,
            45.95,
            46.55,
            47.0,
            48.1,
            48.3,
            49.3,
            51.2,
            51.5,
            51.8,
            52.0,
            51.6,
            54.0,
            53.8,
            53.6,
            53.5,
            51.7,
            51.5,
            52.4,
            52.0,
            52.5,
            52.4,
            54.1,
            54.2,
            54.4,
            52.5,
            51.7,
            52.4,
            52.4,
            53.0,
            53.2,
            56.0,
            57.8,
            56.3,
            55.3,
            54.6
        ],
        "spread": [
            27.4,
            -3.2,
            -2.5,
            -3.1,
            1.1,
            -0.7,
            -2.5,
            -2.9,
            -0.6,
            0.3,
            -1.3,
            1.8,
            0.2,
            0.2,
            -0.3,
            2.5,
            -0.3,
            -0.7,
            -6.2,
            0.9,
            -3.3,
            1.2,
            0.3,
            1.4,
            -0.5,
            0.6,
            0.7,
            -0.3,
            -0.6,
            0.5,
            -0.9,
            -0.3,
            0.0,
            0.1,
            0.0,
            -1.0,
            -0.8,
            -1.0,
            -3.2,
            1.2,
            -0.4,
            0.2,
            -0.1,
            -0.9,
            -2.8,
            -1.2,
            0.9,
            -4.2,
            -5.35,
            -0.15,
            -0.7,
            -2.95,
            -4.5,
            0.05,
            -0.9,
            1.5,
            1.8,
            0.55,
            0.4,
            0.55,
            1.05,
            0.45,
            -0.4,
            0.35,
            1.1,
            0.2,
            -1.6,
            0.6,
            0.45,
            1.1,
            0.2,
            1.0,
            1.9,
            0.3,
            0.3,
            0.2,
            -0.4,
            2.4,
            -0.2,
            -0.2,
            -0.1,
            -1.8,
            -0.2,
            0.9,
            -0.4,
            0.5,
            -0.1,
            1.7,
            0.1,
            0.2,
            -1.9,
            -0.8,
            0.7,
            0.0,
            0.6,
            0.2,
            2.8,
            1.8,
            -1.5,
            -1.0,
            -0.7
        ],
        "Trading_turnover": [
            1558,
            1260,
            688,
            597,
            302,
            285,
            297,
            262,
            188,
            76,
            145,
            136,
            48,
            95,
            121,
            290,
            200,
            80,
            200,
            69,
            69,
            51,
            49,
            75,
            40,
            41,
            30,
            60,
            23,
            27,
            60,
            20,
            53,
            44,
            47,
            29,
            35,
            51,
            109,
            130,
            69,
            45,
            118,
            59,
            100,
            96,
            65,
            92,
            112,
            104,
            53,
            49,
            93,
            120,
            24,
            47,
            114,
            72,
            83,
            76,
            125,
            95,
            60,
            108,
            116,
            160,
            210,
            74,
            97,
            127,
            69,
            155,
            157,
            182,
            141,
            108,
            102,
            366,
            180,
            138,
            199,
            116,
            109,
            157,
            138,
            114,
            82,
            138,
            98,
            222,
            87,
            82,
            81,
            31,
            83,
            90,
            181,
            338,
            284,
            111,
            105
        ]
    }
}