{
    "msg": "success",
    "status": 200,
    "data": {
        "date": [
            "2012-01-07",
            "2019-12-09",
            "2019-12-10",
            "2019-12-11",
            "2019-12-12",
            "2019-12-13",
            "2019-12-16",
            "2019-12-17",
            "2019-12-18",
            "2019-12-19",
            "2019-12-20",
            "2019-12-23",
            "2019-12-24",
            "2019-12-25",
            "2019-12-26",
            "2019-12-27",
            "2019-12-30",
            "2019-12-31",
            "2020-01-02",
            "2020-01-03",
            "2020-01-06",
            "2020-01-07",
            "2020-01-08",
            "2020-01-09",
            "2020-01-10",
            "2020-01-13",
            "2020-01-14",
            "2020-01-15",
            "2020-01-16",
            "2020-01-17",
            "2020-01-20",
            "2020-01-30",
            "2020-01-31",
            "2020-02-03",
            "2020-02-04",
            "2020-02-05",
            "2020-02-06",
            "2020-02-07",
            "2020-02-10",
            "2020-02-11",
            "2020-02-12",
            "2020-02-13",
            "2020-02-14",
            "2020-02-17",
            "2020-02-18",
            "2020-02-19",
            "2020-02-20",
            "2020-02-21",
            "2020-02-24",
            "2020-02-25",
            "2020-02-26",
            "2020-02-27",
            "2020-03-02",
            "2020-03-03",
            "2020-03-04",
            "2020-03-05",
            "2020-03-06",
            "2020-03-09",
            "2020-03-10",
            "2020-03-11",
            "2020-03-12",
            "2020-03-13",
            "2020-03-16",
            "2020-03-17",
            "2020-03-18",
            "2020-03-19",
            "2020-03-20",
            "2020-03-23",
            "2020-03-24",
            "2020-03-25",
            "2020-03-26",
            "2020-03-27",
            "2020-03-30",
            "2020-03-31",
            "2020-04-01",
            "2020-04-06",
            "2020-04-07",
            "2020-04-08",
            "2020-04-09",
            "2020-04-10",
            "2020-04-13",
            "2020-04-14",
            "2020-04-15",
            "2020-04-16",
            "2020-04-17",
            "2020-04-20",
            "2020-04-21",
            "2020-04-22",
            "2020-04-23",
            "2020-04-24",
            "2020-04-27",
            "2020-04-28",
            "2020-04-29",
            "2020-04-30",
            "2020-05-04",
            "2020-05-05",
            "2020-05-06",
            "2020-05-07",
            "2020-05-08",
            "2020-05-11",
            "2020-05-12",
            "2020-05-13",
            "2020-05-14",
            "2020-05-15",
            "2020-05-18",
            "2020-05-19",
            "2020-05-20",
            "2020-05-21",
            "2020-05-22",
            "2020-05-25",
            "2020-05-26",
            "2020-05-27",
            "2020-05-28",
            "2020-05-29"
        ],
        "stock_id": [
            "6592",
            "6592",
            "6592",
            "6592",
            "6592",
            "6592",
            "6592",
            "6592",
            "6592",
            "6592",
            "6592",
            "6592",
            "6592",
            "6592",
            "6592",
            "6592",
            "6592",
            "6592",
            "6592",
            "6592",
            "6592",
            "6592",
            "6592",
            "6592",
            "6592",
            "6592",
            "6592",
            "6592",
            "6592",
            "6592",
            "6592",
            "6592",
            "6592",
            "6592",
            "6592",
            "6592",
            "6592",
            "6592",
            "6592",
            "6592",
            "6592",
            "6592",
            "6592",
            "6592",
            "6592",
            "6592",
            "6592",
            "6592",
            "6592",
            "6592",
            "6592",
            "6592",
            "6592",
            "6592",
            "6592",
            "6592",
            "6592",
            "6592",
            "6592",
            "6592",
            "6592",
            "6592",
            "6592",
            "6592",
            "6592",
            "6592",
            "6592",
            "6592",
            "6592",
            "6592",
            "6592",
            "6592",
            "6592",
            "6592",
            "6592",
            "6592",
            "6592",
            "6592",
            "6592",
            "6592",
            "6592",
            "6592",
            "6592",
            "6592",
            "6592",
            "6592",
            "6592",
            "6592",
            "6592",
            "6592",
            "6592",
            "6592",
            "6592",
            "6592",
            "6592",
            "6592",
            "6592",
            "6592",
            "6592",
            "6592",
            "6592",
            "6592",
            "6592",
            "6592",
            "6592",
            "6592",
            "6592",
            "6592",
            "6592",
            "6592",
            "6592",
            "6592",
            "6592",
            "6592"
        ],
        "Trading_Volume": [
            2605131,
            46515299,
            21207094,
            15718268,
            11502431,
            17401267,
            8779659,
            5529965,
            3046260,
            10264093,
            8054099,
            4913575,
            2923787,
            7120341,
            3677401,
            3571104,
            3852796,
            1962772,
            2595537,
            4026588,
            3273850,
            2703512,
            2872365,
            1398181,
            1496300,
            2328799,
            1388900,
            1439056,
            907500,
            884722,
            1663449,
            7047617,
            2257589,
            2945970,
            1526746,
            1803190,
            2218376,
            1168531,
            1705750,
            1010294,
            1004152,
            981003,
            1157090,
            1119984,
            959341,
            906560,
            634704,
            720200,
            1394140,
            1373020,
            1075192,
            2097755,
            1889244,
            1278100,
            797938,
            1010840,
            1050630,
            3173883,
            3972780,
            1423946,
            3495990,
            4153414,
            2366899,
            2415189,
            2063539,
            4376503,
            2447940,
            1285150,
            1626440,
            3116560,
            2041131,
            2178339,
            1123126,
            1056543,
            1331261,
            1417050,
            1773868,
            1760649,
            2016658,
            3803984,
            1813218,
            2213229,
            2138529,
            1243672,
            2331515,
            2153965,
            3444579,
            2023044,
            1382583,
            1431772,
            2101212,
            4501717,
            2841923,
            2713922,
            2247215,
            2026417,
            1466434,
            1178958,
            1700390,
            1394826,
            1259400,
            1497610,
            1692200,
            2028889,
            1761979,
            1320253,
            1303154,
            3314913,
            3139526,
            1269833,
            1186812,
            1326569,
            1325298,
            5460645
        ],
        "Trading_money": [
            209557101,
            4163181400,
            2013013836,
            1427166388,
            1042870019,
            1502918715,
            747494774,
            470146300,
            259950353,
            904788414,
            721689779,
            433303601,
            257192137,
            641043276,
            329862840,
            318575667,
            343406640,
            174633192,
            229853768,
            352839045,
            281408200,
            230621413,
            241887231,
            118798735,
            128154629,
            202817330,
            120701000,
            124012124,
            78119349,
            76304052,
            144105863,
            575423479,
            184283164,
            233382767,
            123658813,
            147784327,
            183790878,
            96061647,
            137474097,
            81974058,
            81661113,
            79856438,
            93668021,
            90134404,
            77301376,
            73156111,
            51440591,
            58083232,
            111627870,
            109460595,
            85576028,
            165204758,
            144614327,
            99757348,
            61560084,
            78860120,
            81310959,
            239588825,
            285174423,
            103835472,
            241246707,
            260229048,
            151720115,
            149960107,
            128593018,
            249698068,
            143985342,
            72091031,
            95918937,
            195439831,
            128355025,
            141166085,
            70218397,
            67766185,
            86030235,
            91053150,
            118851971,
            119877381,
            140430551,
            275846628,
            129565358,
            162227746,
            159810075,
            92282724,
            173951012,
            162375417,
            256001999,
            147460456,
            102189673,
            106818365,
            159639269,
            355677243,
            227649205,
            218583560,
            177498686,
            160699822,
            115528365,
            93587339,
            135446605,
            111142591,
            100703358,
            119549780,
            134032413,
            159924636,
            140087341,
            105560286,
            104210120,
            270177166,
            253378915,
            101158280,
            95062420,
            106064358,
            105903906,
            446929836
        ],
        "open": [
            80.0,
            82.0,
            97.8,
            91.7,
            91.0,
            89.9,
            83.9,
            85.0,
            85.0,
            86.0,
            89.3,
            89.2,
            88.1,
            89.0,
            90.3,
            89.9,
            89.0,
            89.1,
            89.5,
            88.8,
            86.7,
            85.6,
            84.5,
            84.5,
            85.3,
            86.0,
            87.2,
            86.8,
            86.1,
            86.2,
            86.3,
            82.2,
            80.8,
            80.0,
            80.2,
            82.3,
            82.5,
            82.9,
            80.1,
            81.0,
            80.9,
            81.6,
            81.1,
            80.8,
            80.6,
            80.6,
            81.2,
            80.9,
            80.0,
            79.2,
            79.5,
            79.5,
            76.0,
            77.7,
            77.5,
            78.0,
            78.0,
            76.8,
            72.2,
            73.5,
            71.0,
            63.5,
            64.5,
            61.7,
            62.0,
            60.6,
            58.0,
            56.0,
            57.6,
            62.0,
            62.9,
            64.8,
            62.0,
            64.5,
            64.1,
            64.2,
            66.0,
            67.3,
            69.6,
            70.2,
            72.5,
            71.6,
            74.6,
            74.0,
            74.8,
            74.0,
            76.4,
            72.2,
            73.9,
            73.9,
            75.0,
            77.5,
            79.6,
            80.7,
            78.3,
            79.6,
            79.5,
            78.3,
            79.7,
            79.2,
            80.2,
            80.0,
            79.8,
            79.0,
            78.5,
            80.5,
            80.1,
            80.5,
            82.2,
            79.5,
            80.2,
            80.4,
            80.1,
            80.1
        ],
        "max": [
            81.9,
            100.0,
            97.8,
            92.8,
            92.1,
            90.0,
            87.0,
            85.9,
            85.8,
            89.4,
            90.5,
            89.2,
            88.6,
            90.9,
            90.7,
            90.0,
            90.0,
            89.3,
            89.5,
            88.9,
            86.8,
            86.2,
            84.8,
            85.3,
            86.0,
            87.7,
            87.4,
            87.0,
            86.3,
            86.6,
            87.1,
            82.8,
            82.4,
            80.4,
            81.5,
            82.3,
            83.3,
            82.9,
            81.3,
            81.5,
            81.8,
            81.7,
            81.2,
            80.9,
            80.9,
            81.0,
            81.5,
            80.9,
            80.5,
            80.1,
            79.8,
            79.7,
            77.8,
            78.5,
            77.7,
            78.5,
            78.2,
            76.8,
            73.0,
            73.7,
            71.0,
            64.4,
            64.8,
            63.0,
            63.2,
            60.6,
            60.0,
            57.1,
            60.0,
            63.9,
            63.6,
            65.6,
            63.4,
            64.8,
            65.6,
            65.1,
            67.7,
            68.7,
            70.4,
            74.3,
            72.5,
            74.2,
            75.3,
            74.9,
            75.4,
            76.7,
            76.4,
            74.5,
            74.6,
            75.2,
            76.5,
            80.8,
            81.0,
            81.3,
            80.5,
            80.3,
            79.5,
            80.3,
            80.3,
            80.4,
            80.4,
            80.5,
            80.1,
            79.9,
            80.0,
            80.7,
            80.3,
            82.4,
            82.3,
            80.3,
            80.5,
            80.6,
            80.5,
            82.5
        ],
        "min": [
            79.0,
            80.0,
            93.0,
            89.5,
            89.7,
            84.6,
            83.0,
            84.6,
            85.0,
            85.8,
            88.7,
            87.7,
            87.7,
            88.9,
            89.2,
            88.7,
            88.2,
            88.7,
            88.3,
            87.0,
            85.6,
            84.9,
            83.8,
            84.5,
            85.3,
            86.0,
            86.5,
            85.8,
            85.9,
            86.1,
            86.2,
            80.2,
            80.7,
            77.4,
            80.1,
            81.2,
            82.4,
            82.0,
            80.0,
            80.8,
            80.9,
            81.2,
            80.8,
            80.2,
            80.3,
            80.4,
            80.8,
            80.5,
            79.9,
            79.2,
            79.4,
            78.0,
            75.7,
            77.7,
            76.7,
            77.7,
            77.0,
            74.3,
            71.0,
            72.0,
            68.1,
            61.7,
            63.5,
            61.6,
            62.0,
            55.8,
            57.6,
            54.4,
            57.6,
            61.7,
            62.0,
            63.6,
            61.7,
            63.7,
            63.7,
            63.6,
            65.7,
            66.9,
            69.0,
            70.2,
            70.5,
            71.6,
            74.0,
            73.5,
            73.7,
            74.0,
            72.7,
            71.2,
            73.4,
            73.8,
            74.8,
            77.3,
            79.1,
            80.0,
            77.6,
            78.5,
            78.5,
            78.3,
            79.0,
            79.0,
            79.4,
            79.3,
            78.4,
            77.6,
            78.5,
            78.8,
            79.6,
            80.3,
            79.3,
            79.0,
            79.7,
            79.5,
            79.5,
            79.8
        ],
        "close": [
            81.9,
            98.0,
            93.5,
            90.5,
            89.8,
            84.8,
            85.6,
            84.9,
            85.3,
            89.1,
            89.4,
            87.7,
            88.1,
            90.2,
            89.4,
            88.9,
            89.1,
            88.9,
            88.5,
            87.1,
            85.6,
            85.1,
            84.1,
            85.1,
            85.7,
            87.1,
            86.8,
            85.8,
            86.1,
            86.1,
            86.8,
            80.7,
            81.8,
            79.8,
            81.4,
            82.0,
            82.9,
            82.0,
            80.7,
            80.9,
            81.4,
            81.3,
            80.9,
            80.5,
            80.6,
            80.9,
            80.9,
            80.6,
            80.0,
            79.9,
            79.5,
            78.1,
            76.5,
            78.0,
            77.3,
            77.9,
            77.1,
            74.3,
            73.0,
            72.0,
            68.1,
            63.9,
            63.6,
            62.0,
            62.0,
            55.8,
            58.7,
            56.5,
            59.1,
            62.7,
            63.5,
            63.6,
            63.2,
            64.0,
            64.5,
            64.8,
            67.3,
            68.6,
            69.5,
            72.4,
            71.3,
            73.8,
            74.9,
            74.4,
            74.0,
            76.2,
            72.8,
            73.9,
            73.9,
            74.7,
            76.3,
            79.3,
            80.3,
            80.0,
            79.2,
            79.2,
            78.5,
            79.7,
            79.1,
            80.1,
            79.6,
            80.2,
            78.5,
            78.7,
            79.2,
            79.8,
            80.0,
            82.0,
            79.6,
            79.6,
            80.3,
            79.7,
            79.7,
            82.5
        ],
        "spread": [
            -0.1,
            0.0,
            -4.5,
            -3.0,
            -0.7,
            -5.0,
            0.8,
            -0.7,
            0.4,
            3.8,
            0.3,
            -1.7,
            0.4,
            2.1,
            -0.8,
            -0.5,
            0.2,
            -0.2,
            -0.4,
            -1.4,
            -1.5,
            -0.5,
            -1.0,
            1.0,
            0.6,
            1.4,
            -0.3,
            -1.0,
            0.3,
            0.0,
            0.7,
            -6.1,
            1.1,
            -2.0,
            1.6,
            0.6,
            0.9,
            -0.9,
            -1.3,
            0.2,
            0.5,
            -0.1,
            -0.4,
            -0.4,
            0.1,
            0.3,
            0.0,
            -0.3,
            -0.6,
            -0.1,
            -0.4,
            -1.4,
            -1.6,
            1.5,
            -0.7,
            0.6,
            -0.8,
            -2.8,
            -1.3,
            -1.0,
            -3.9,
            -4.2,
            -0.3,
            -1.6,
            0.0,
            -6.2,
            2.9,
            -2.2,
            2.6,
            3.6,
            0.8,
            0.1,
            -0.4,
            0.8,
            0.5,
            0.3,
            2.5,
            1.3,
            0.9,
            2.9,
            -1.1,
            2.5,
            1.1,
            -0.5,
            -0.4,
            2.2,
            -3.4,
            1.1,
            0.0,
            0.8,
            1.6,
            3.0,
            1.0,
            -0.3,
            -0.8,
            0.0,
            -0.7,
            1.2,
            -0.6,
            1.0,
            -0.5,
            0.6,
            -1.7,
            0.2,
            0.5,
            0.6,
            0.2,
            2.0,
            -2.4,
            0.0,
            0.7,
            -0.6,
            0.0,
            2.8
        ],
        "Trading_turnover": [
            1585,
            29039,
            16606,
            12117,
            8800,
            13238,
            6784,
            3953,
            2654,
            7843,
            5971,
            3779,
            2365,
            5595,
            2867,
            2691,
            2975,
            1515,
            1964,
            2983,
            2400,
            2023,
            2210,
            1147,
            1101,
            1674,
            1076,
            1093,
            689,
            685,
            1298,
            4792,
            1700,
            2235,
            1203,
            1267,
            1545,
            818,
            1218,
            799,
            694,
            704,
            821,
            851,
            715,
            617,
            502,
            560,
            980,
            937,
            722,
            1545,
            1487,
            895,
            618,
            694,
            676,
            2132,
            2453,
            956,
            2529,
            2785,
            1535,
            1439,
            1294,
            2804,
            1547,
            887,
            1136,
            1921,
            1167,
            1462,
            659,
            742,
            840,
            702,
            1134,
            1105,
            1197,
            2415,
            1067,
            1446,
            1446,
            939,
            1266,
            1437,
            2137,
            1223,
            948,
            950,
            1408,
            3025,
            1921,
            1645,
            1431,
            1122,
            787,
            767,
            963,
            840,
            658,
            1063,
            1219,
            1109,
            959,
            788,
            812,
            2264,
            1769,
            906,
            849,
            796,
            773,
            2233
        ]
    }
}