{
    "msg": "success",
    "status": 200,
    "data": {
        "date": [
            "2012-01-07"
        ],
        "stock_id": [
            "6598"
        ],
        "Trading_Volume": [
            3722434
        ],
        "Trading_money": [
            458068552
        ],
        "open": [
            117.0
        ],
        "max": [
            129.5
        ],
        "min": [
            112.0
        ],
        "close": [
            128.0
        ],
        "spread": [
            10.5
        ],
        "Trading_turnover": [
            2898
        ]
    }
}