{
    "msg": "success",
    "status": 200,
    "data": {
        "date": [
            "2019-09-23",
            "2019-09-24",
            "2019-09-25",
            "2019-09-26",
            "2019-09-27",
            "2019-10-01",
            "2019-10-02",
            "2019-10-03",
            "2019-10-04",
            "2019-10-07",
            "2019-10-08",
            "2019-10-09",
            "2019-10-14",
            "2019-10-15",
            "2019-10-16",
            "2019-10-17",
            "2019-10-18",
            "2019-10-21",
            "2019-10-22",
            "2019-10-23",
            "2019-10-24",
            "2019-10-25",
            "2019-10-28",
            "2019-10-29",
            "2019-10-30",
            "2019-10-31",
            "2019-11-01",
            "2019-11-04",
            "2019-11-05",
            "2019-11-06",
            "2019-11-07",
            "2019-11-08",
            "2019-11-11",
            "2019-11-12",
            "2019-11-13",
            "2019-11-14",
            "2019-11-15",
            "2019-11-18",
            "2019-11-19",
            "2019-11-20",
            "2019-11-21",
            "2019-11-22",
            "2019-11-25",
            "2019-11-26",
            "2019-11-27",
            "2019-11-28",
            "2019-11-29",
            "2019-12-02",
            "2019-12-03",
            "2019-12-04",
            "2019-12-05",
            "2019-12-06",
            "2019-12-09",
            "2019-12-10",
            "2019-12-11",
            "2019-12-12",
            "2019-12-13",
            "2019-12-16",
            "2019-12-17",
            "2019-12-18",
            "2019-12-19",
            "2019-12-20",
            "2019-12-23",
            "2019-12-24",
            "2019-12-25",
            "2019-12-26",
            "2019-12-27",
            "2019-12-30",
            "2019-12-31",
            "2020-01-02",
            "2020-01-03",
            "2020-01-06",
            "2020-01-07",
            "2020-01-08",
            "2020-01-09",
            "2020-01-10",
            "2020-01-13",
            "2020-01-14",
            "2020-01-15",
            "2020-01-16",
            "2020-01-17",
            "2020-01-20",
            "2020-01-30",
            "2020-01-31",
            "2020-02-03",
            "2020-02-04",
            "2020-02-05",
            "2020-02-06",
            "2020-02-07",
            "2020-02-10",
            "2020-02-11",
            "2020-02-12",
            "2020-02-13",
            "2020-02-14",
            "2020-02-17",
            "2020-02-18",
            "2020-02-19",
            "2020-02-20",
            "2020-02-21",
            "2020-02-24",
            "2020-02-25",
            "2020-02-26",
            "2020-02-27",
            "2020-03-02",
            "2020-03-03",
            "2020-03-04",
            "2020-03-05",
            "2020-03-06",
            "2020-03-09",
            "2020-03-10",
            "2020-03-11",
            "2020-03-12",
            "2020-03-13",
            "2020-03-16",
            "2020-03-17",
            "2020-03-18",
            "2020-03-19",
            "2020-03-20",
            "2020-03-23",
            "2020-03-24",
            "2020-03-25",
            "2020-03-26",
            "2020-03-27",
            "2020-03-30",
            "2020-03-31",
            "2020-04-01",
            "2020-04-06",
            "2020-04-07",
            "2020-04-08",
            "2020-04-09",
            "2020-04-10",
            "2020-04-13",
            "2020-04-14",
            "2020-04-15",
            "2020-04-16",
            "2020-04-17",
            "2020-04-20",
            "2020-04-21",
            "2020-04-22",
            "2020-04-23",
            "2020-04-24",
            "2020-04-27",
            "2020-04-28",
            "2020-04-29",
            "2020-04-30",
            "2020-05-04",
            "2020-05-05",
            "2020-05-06",
            "2020-05-07",
            "2020-05-08",
            "2020-05-11",
            "2020-05-12",
            "2020-05-13",
            "2020-05-14",
            "2020-05-15",
            "2020-05-18",
            "2020-05-19",
            "2020-05-20",
            "2020-05-21",
            "2020-05-22",
            "2020-05-25",
            "2020-05-26",
            "2020-05-27",
            "2020-05-28",
            "2020-05-29"
        ],
        "stock_id": [
            "6642",
            "6642",
            "6642",
            "6642",
            "6642",
            "6642",
            "6642",
            "6642",
            "6642",
            "6642",
            "6642",
            "6642",
            "6642",
            "6642",
            "6642",
            "6642",
            "6642",
            "6642",
            "6642",
            "6642",
            "6642",
            "6642",
            "6642",
            "6642",
            "6642",
            "6642",
            "6642",
            "6642",
            "6642",
            "6642",
            "6642",
            "6642",
            "6642",
            "6642",
            "6642",
            "6642",
            "6642",
            "6642",
            "6642",
            "6642",
            "6642",
            "6642",
            "6642",
            "6642",
            "6642",
            "6642",
            "6642",
            "6642",
            "6642",
            "6642",
            "6642",
            "6642",
            "6642",
            "6642",
            "6642",
            "6642",
            "6642",
            "6642",
            "6642",
            "6642",
            "6642",
            "6642",
            "6642",
            "6642",
            "6642",
            "6642",
            "6642",
            "6642",
            "6642",
            "6642",
            "6642",
            "6642",
            "6642",
            "6642",
            "6642",
            "6642",
            "6642",
            "6642",
            "6642",
            "6642",
            "6642",
            "6642",
            "6642",
            "6642",
            "6642",
            "6642",
            "6642",
            "6642",
            "6642",
            "6642",
            "6642",
            "6642",
            "6642",
            "6642",
            "6642",
            "6642",
            "6642",
            "6642",
            "6642",
            "6642",
            "6642",
            "6642",
            "6642",
            "6642",
            "6642",
            "6642",
            "6642",
            "6642",
            "6642",
            "6642",
            "6642",
            "6642",
            "6642",
            "6642",
            "6642",
            "6642",
            "6642",
            "6642",
            "6642",
            "6642",
            "6642",
            "6642",
            "6642",
            "6642",
            "6642",
            "6642",
            "6642",
            "6642",
            "6642",
            "6642",
            "6642",
            "6642",
            "6642",
            "6642",
            "6642",
            "6642",
            "6642",
            "6642",
            "6642",
            "6642",
            "6642",
            "6642",
            "6642",
            "6642",
            "6642",
            "6642",
            "6642",
            "6642",
            "6642",
            "6642",
            "6642",
            "6642",
            "6642",
            "6642",
            "6642",
            "6642",
            "6642",
            "6642",
            "6642",
            "6642",
            "6642",
            "6642",
            "6642",
            "6642",
            "6642"
        ],
        "Trading_Volume": [
            1461000,
            1530000,
            651000,
            445000,
            365000,
            329000,
            168000,
            125000,
            85000,
            52000,
            133000,
            137000,
            72000,
            51000,
            71000,
            47000,
            32000,
            47000,
            60000,
            16000,
            92000,
            43000,
            45000,
            86000,
            122000,
            60000,
            23000,
            29000,
            17000,
            44000,
            70000,
            15000,
            34000,
            35000,
            25000,
            24000,
            60000,
            33000,
            71000,
            14000,
            32000,
            18000,
            6000,
            20000,
            5000,
            13000,
            28000,
            56000,
            24000,
            15000,
            32000,
            14000,
            44000,
            55000,
            15000,
            23000,
            16000,
            21000,
            20000,
            30000,
            47000,
            37000,
            17000,
            15000,
            407000,
            502000,
            169000,
            89000,
            51000,
            20000,
            50000,
            26000,
            52000,
            44000,
            23000,
            11000,
            10000,
            10000,
            155000,
            384000,
            247000,
            111000,
            157000,
            35000,
            62000,
            243000,
            302000,
            73000,
            63000,
            84000,
            56000,
            31000,
            57000,
            69000,
            20000,
            57000,
            44000,
            80000,
            22000,
            40000,
            24000,
            34000,
            83000,
            28000,
            6000,
            33000,
            46000,
            47000,
            45000,
            18000,
            13000,
            164000,
            82000,
            10000,
            17000,
            37000,
            92000,
            22000,
            0,
            6000,
            12000,
            5000,
            21000,
            11000,
            0,
            4000,
            0,
            5000,
            31000,
            58000,
            15000,
            12000,
            15000,
            48000,
            8000,
            17000,
            10000,
            31000,
            7000,
            5000,
            8000,
            22000,
            8000,
            18000,
            17000,
            27000,
            12000,
            18000,
            36000,
            58000,
            31000,
            9000,
            25000,
            12000,
            32000,
            33000,
            46000,
            84000,
            16000,
            24000,
            11000,
            20000,
            58000,
            158000,
            30000
        ],
        "Trading_money": [
            57365300,
            65020700,
            26825250,
            17945200,
            14071900,
            13063950,
            6608050,
            4841650,
            3302500,
            2015600,
            5023350,
            5010200,
            2657400,
            1858150,
            2581650,
            1699400,
            1162450,
            1711800,
            2180100,
            581600,
            3400850,
            1594950,
            1668250,
            3126550,
            4393050,
            2163800,
            835800,
            1049500,
            614100,
            1588800,
            2494500,
            543350,
            1219750,
            1249700,
            886900,
            849150,
            2113050,
            1159400,
            2473900,
            488600,
            1118050,
            638750,
            212050,
            706500,
            175500,
            456950,
            979000,
            1959800,
            850600,
            531900,
            1136250,
            501150,
            1583550,
            1948000,
            526800,
            809900,
            563150,
            737600,
            703550,
            1052850,
            1667850,
            1306900,
            599300,
            527700,
            15614200,
            19509000,
            6218750,
            3257950,
            1846300,
            725150,
            1829800,
            938150,
            1873850,
            1567750,
            819100,
            392800,
            358900,
            359600,
            5835800,
            14847050,
            9711250,
            4273600,
            5568900,
            1237900,
            2166050,
            9026200,
            11483500,
            2759800,
            2316650,
            3080800,
            2064700,
            1139250,
            2112700,
            2600850,
            752200,
            2166600,
            1655250,
            3008050,
            823750,
            1481500,
            886800,
            1253350,
            3022350,
            1009950,
            219500,
            1194300,
            1697700,
            1695650,
            1571800,
            634650,
            458150,
            5558400,
            2538750,
            315400,
            521250,
            1118600,
            2542700,
            646750,
            0,
            176400,
            368950,
            152300,
            642600,
            331500,
            0,
            120800,
            0,
            152400,
            967950,
            1929450,
            490400,
            390950,
            488400,
            1657200,
            270650,
            575450,
            335500,
            1016650,
            228950,
            165350,
            261100,
            733550,
            267150,
            607450,
            577200,
            890350,
            393650,
            590900,
            1206350,
            1969150,
            1042100,
            300900,
            839300,
            402550,
            1082000,
            1112600,
            1586150,
            2871500,
            539400,
            803550,
            370200,
            682900,
            2046300,
            5862800,
            1087050
        ],
        "open": [
            38.7,
            40.7,
            42.0,
            41.0,
            39.65,
            38.2,
            39.9,
            39.1,
            39.0,
            39.0,
            38.5,
            37.5,
            36.1,
            37.1,
            36.25,
            36.4,
            36.2,
            36.45,
            36.4,
            36.5,
            36.45,
            37.6,
            37.1,
            36.2,
            36.2,
            36.1,
            36.15,
            36.0,
            36.05,
            36.2,
            35.9,
            36.2,
            36.1,
            36.0,
            35.65,
            35.5,
            35.25,
            35.15,
            35.15,
            34.65,
            35.5,
            35.6,
            35.45,
            35.55,
            35.1,
            35.2,
            35.05,
            35.0,
            35.1,
            35.45,
            35.6,
            35.55,
            35.9,
            35.8,
            35.2,
            35.2,
            35.2,
            35.1,
            35.2,
            35.3,
            35.1,
            35.2,
            35.35,
            35.2,
            35.5,
            38.8,
            37.0,
            36.9,
            36.3,
            36.0,
            36.45,
            36.4,
            36.15,
            35.95,
            35.5,
            36.0,
            36.0,
            35.9,
            35.95,
            37.3,
            39.7,
            39.8,
            37.3,
            35.1,
            35.0,
            35.9,
            38.3,
            37.95,
            37.3,
            37.4,
            36.55,
            36.7,
            37.0,
            37.0,
            37.35,
            37.85,
            38.1,
            37.6,
            36.9,
            36.9,
            36.45,
            36.8,
            36.7,
            36.05,
            36.25,
            36.8,
            36.8,
            36.65,
            35.8,
            34.1,
            35.35,
            34.8,
            31.0,
            31.5,
            30.5,
            30.5,
            28.1,
            29.5,
            0.0,
            29.1,
            31.75,
            30.4,
            31.4,
            30.5,
            0.0,
            30.2,
            0.0,
            30.5,
            30.9,
            34.1,
            32.7,
            33.0,
            32.45,
            34.0,
            33.6,
            34.3,
            33.5,
            33.6,
            32.55,
            33.0,
            32.55,
            32.75,
            33.6,
            33.4,
            33.5,
            33.3,
            32.9,
            32.8,
            33.35,
            33.9,
            33.9,
            33.25,
            33.8,
            33.5,
            33.8,
            33.5,
            34.0,
            34.45,
            33.5,
            33.85,
            33.4,
            33.9,
            36.55,
            36.3,
            36.15
        ],
        "max": [
            40.25,
            43.9,
            42.0,
            41.25,
            39.9,
            40.85,
            40.0,
            39.1,
            39.0,
            39.0,
            38.5,
            37.5,
            37.5,
            37.15,
            36.5,
            36.4,
            36.5,
            36.5,
            36.5,
            36.5,
            37.95,
            37.6,
            37.2,
            36.8,
            36.2,
            36.1,
            36.6,
            36.45,
            36.2,
            36.2,
            36.2,
            36.3,
            36.1,
            36.0,
            35.65,
            35.5,
            35.3,
            35.3,
            35.15,
            35.4,
            35.5,
            35.6,
            35.45,
            35.55,
            35.1,
            35.2,
            35.1,
            35.15,
            35.6,
            35.6,
            35.6,
            35.95,
            36.15,
            35.8,
            35.2,
            35.45,
            35.25,
            35.35,
            35.3,
            35.3,
            35.7,
            35.4,
            35.35,
            35.2,
            38.7,
            40.0,
            37.3,
            36.9,
            36.3,
            36.6,
            36.9,
            36.4,
            36.2,
            35.95,
            36.05,
            36.3,
            36.0,
            36.1,
            38.6,
            39.85,
            40.1,
            39.8,
            37.3,
            35.85,
            35.05,
            38.55,
            39.1,
            38.3,
            37.3,
            37.4,
            37.15,
            36.95,
            37.3,
            38.0,
            37.95,
            38.75,
            38.1,
            37.65,
            37.7,
            37.3,
            37.1,
            37.0,
            36.9,
            36.2,
            36.95,
            36.8,
            37.0,
            36.8,
            35.8,
            35.5,
            36.0,
            34.8,
            31.5,
            31.65,
            30.9,
            30.8,
            28.3,
            29.5,
            0.0,
            29.5,
            31.75,
            30.55,
            31.4,
            30.5,
            0.0,
            30.3,
            0.0,
            30.55,
            31.9,
            34.3,
            33.0,
            33.0,
            34.65,
            34.9,
            34.0,
            34.3,
            33.6,
            33.6,
            32.9,
            33.4,
            32.75,
            33.95,
            33.6,
            34.0,
            34.05,
            33.8,
            32.9,
            33.1,
            33.6,
            34.1,
            34.0,
            33.5,
            33.85,
            34.0,
            33.95,
            33.8,
            34.8,
            35.0,
            34.3,
            33.85,
            33.85,
            34.3,
            36.55,
            38.3,
            36.3
        ],
        "min": [
            38.6,
            40.7,
            40.15,
            39.45,
            37.5,
            38.05,
            38.9,
            38.5,
            38.6,
            38.5,
            37.25,
            36.0,
            36.1,
            36.0,
            36.25,
            36.0,
            36.1,
            36.3,
            36.2,
            36.3,
            36.35,
            36.9,
            36.8,
            36.2,
            35.75,
            36.0,
            36.15,
            36.0,
            36.05,
            36.0,
            35.0,
            36.2,
            35.8,
            35.45,
            35.4,
            35.25,
            35.2,
            35.0,
            34.55,
            34.65,
            34.7,
            35.4,
            35.15,
            35.05,
            35.1,
            35.05,
            34.8,
            34.9,
            35.1,
            35.4,
            35.45,
            35.55,
            35.8,
            35.3,
            35.1,
            35.1,
            35.15,
            35.1,
            35.15,
            35.0,
            35.1,
            35.2,
            35.15,
            35.15,
            35.5,
            37.0,
            36.5,
            36.15,
            36.1,
            36.0,
            36.4,
            36.0,
            35.85,
            35.5,
            35.5,
            35.3,
            35.8,
            35.9,
            35.95,
            37.1,
            38.7,
            38.0,
            34.6,
            35.0,
            34.7,
            35.2,
            36.0,
            37.4,
            36.2,
            36.45,
            36.55,
            36.7,
            37.0,
            37.0,
            37.35,
            37.65,
            37.3,
            37.6,
            36.9,
            36.9,
            36.45,
            36.6,
            36.0,
            36.0,
            36.25,
            36.0,
            36.55,
            35.1,
            34.5,
            34.1,
            34.8,
            33.45,
            30.4,
            31.5,
            30.5,
            29.7,
            26.75,
            29.0,
            0.0,
            29.1,
            30.4,
            30.4,
            30.5,
            30.1,
            0.0,
            30.1,
            0.0,
            30.25,
            30.9,
            32.65,
            32.1,
            32.45,
            32.0,
            33.7,
            33.6,
            33.5,
            33.5,
            32.2,
            32.55,
            32.95,
            32.55,
            32.75,
            33.3,
            33.3,
            33.5,
            32.5,
            32.6,
            32.55,
            33.35,
            33.7,
            33.3,
            33.2,
            33.45,
            33.1,
            33.8,
            33.3,
            34.0,
            33.8,
            33.5,
            33.3,
            33.4,
            33.9,
            34.9,
            36.3,
            36.15
        ],
        "close": [
            40.25,
            43.0,
            40.85,
            39.65,
            38.1,
            40.45,
            39.15,
            39.0,
            38.75,
            38.5,
            37.5,
            36.1,
            37.0,
            36.2,
            36.5,
            36.2,
            36.45,
            36.4,
            36.45,
            36.3,
            37.6,
            37.05,
            36.8,
            36.3,
            35.95,
            36.05,
            36.25,
            36.15,
            36.2,
            36.0,
            36.2,
            36.2,
            36.0,
            35.65,
            35.5,
            35.25,
            35.2,
            35.15,
            34.6,
            35.4,
            35.35,
            35.45,
            35.4,
            35.05,
            35.1,
            35.05,
            34.9,
            35.1,
            35.55,
            35.6,
            35.5,
            35.9,
            35.85,
            35.5,
            35.2,
            35.45,
            35.15,
            35.35,
            35.3,
            35.1,
            35.45,
            35.35,
            35.2,
            35.2,
            38.7,
            37.3,
            36.95,
            36.25,
            36.1,
            36.4,
            36.65,
            36.1,
            35.95,
            35.5,
            35.85,
            35.9,
            35.8,
            35.9,
            37.1,
            39.5,
            39.0,
            38.4,
            34.65,
            35.3,
            35.05,
            38.1,
            37.8,
            37.7,
            36.6,
            36.5,
            36.7,
            36.8,
            37.0,
            37.95,
            37.55,
            37.7,
            37.6,
            37.65,
            37.4,
            37.0,
            37.0,
            36.7,
            36.05,
            36.1,
            36.8,
            36.6,
            36.55,
            35.8,
            34.6,
            35.35,
            34.8,
            33.7,
            31.5,
            31.5,
            30.5,
            29.7,
            26.9,
            29.45,
            0.0,
            29.4,
            30.4,
            30.55,
            30.5,
            30.1,
            0.0,
            30.1,
            0.0,
            30.25,
            31.9,
            32.65,
            32.7,
            32.5,
            34.65,
            34.7,
            34.0,
            33.5,
            33.6,
            32.9,
            32.8,
            32.95,
            32.75,
            33.55,
            33.35,
            33.3,
            33.95,
            32.8,
            32.6,
            33.1,
            33.5,
            33.9,
            33.5,
            33.45,
            33.45,
            33.5,
            33.8,
            33.8,
            34.45,
            33.85,
            33.85,
            33.4,
            33.85,
            34.1,
            34.95,
            36.75,
            36.2
        ],
        "spread": [
            10.25,
            2.75,
            -2.15,
            -1.2,
            -1.55,
            2.35,
            -1.3,
            -0.15,
            -0.25,
            -0.25,
            -1.0,
            -1.4,
            0.9,
            -0.8,
            0.3,
            -0.3,
            0.25,
            -0.05,
            0.05,
            -0.15,
            1.3,
            -0.55,
            -0.25,
            -0.5,
            -0.35,
            0.1,
            0.2,
            -0.1,
            0.05,
            -0.2,
            0.2,
            0.0,
            -0.2,
            -0.35,
            -0.15,
            -0.25,
            -0.05,
            -0.05,
            -0.55,
            0.8,
            -0.05,
            0.1,
            -0.05,
            -0.35,
            0.05,
            -0.05,
            -0.15,
            0.2,
            0.45,
            0.05,
            -0.1,
            0.4,
            -0.05,
            -0.35,
            -0.3,
            0.25,
            -0.3,
            0.2,
            -0.05,
            -0.2,
            0.35,
            -0.1,
            -0.15,
            0.0,
            3.5,
            -1.4,
            -0.35,
            -0.7,
            -0.15,
            0.3,
            0.25,
            -0.55,
            -0.15,
            -0.45,
            0.35,
            0.05,
            -0.1,
            0.1,
            1.2,
            2.4,
            -0.5,
            -0.6,
            -3.75,
            0.65,
            -0.25,
            3.05,
            -0.3,
            -0.1,
            -1.1,
            -0.1,
            0.2,
            0.1,
            0.2,
            0.95,
            -0.4,
            0.15,
            -0.1,
            0.05,
            -0.25,
            -0.4,
            0.0,
            -0.3,
            -0.65,
            0.05,
            0.7,
            -0.2,
            -0.05,
            -0.75,
            -1.2,
            0.75,
            -0.55,
            -1.1,
            -2.2,
            0.0,
            -1.0,
            -0.8,
            -2.8,
            2.55,
            0.0,
            -0.05,
            1.0,
            0.15,
            -0.05,
            -0.4,
            0.0,
            0.0,
            0.0,
            0.15,
            1.65,
            0.75,
            0.05,
            -0.2,
            2.15,
            0.05,
            -0.7,
            -0.5,
            0.1,
            -0.7,
            -0.1,
            0.15,
            -0.2,
            0.8,
            -0.2,
            -0.05,
            0.65,
            -1.15,
            -0.2,
            0.5,
            0.4,
            0.4,
            -0.4,
            -0.05,
            0.0,
            0.05,
            0.3,
            0.0,
            0.65,
            -0.6,
            0.0,
            -0.45,
            0.45,
            0.25,
            0.85,
            1.8,
            -0.55
        ],
        "Trading_turnover": [
            909,
            972,
            465,
            308,
            239,
            244,
            119,
            85,
            60,
            44,
            87,
            91,
            48,
            41,
            41,
            35,
            27,
            35,
            46,
            14,
            84,
            28,
            38,
            65,
            64,
            34,
            15,
            25,
            14,
            29,
            59,
            13,
            23,
            21,
            24,
            16,
            28,
            18,
            39,
            11,
            18,
            16,
            6,
            19,
            5,
            12,
            16,
            21,
            21,
            13,
            24,
            14,
            39,
            30,
            11,
            18,
            15,
            14,
            16,
            21,
            35,
            16,
            14,
            9,
            238,
            330,
            127,
            68,
            40,
            17,
            41,
            20,
            40,
            29,
            21,
            11,
            10,
            10,
            134,
            284,
            184,
            83,
            98,
            31,
            48,
            178,
            219,
            60,
            54,
            59,
            48,
            27,
            46,
            56,
            18,
            48,
            31,
            23,
            21,
            35,
            17,
            21,
            51,
            18,
            6,
            28,
            16,
            35,
            30,
            14,
            9,
            94,
            41,
            8,
            13,
            22,
            49,
            16,
            0,
            6,
            10,
            4,
            9,
            7,
            0,
            3,
            0,
            5,
            26,
            46,
            15,
            10,
            11,
            26,
            8,
            16,
            8,
            24,
            5,
            5,
            8,
            18,
            7,
            15,
            16,
            20,
            9,
            18,
            28,
            34,
            24,
            5,
            20,
            11,
            21,
            14,
            28,
            51,
            16,
            19,
            11,
            15,
            44,
            136,
            25
        ]
    }
}