{
    "msg": "success",
    "status": 200,
    "data": {
        "date": [
            "2019-09-16",
            "2019-09-17",
            "2019-09-18",
            "2019-09-19",
            "2019-09-20",
            "2019-09-23",
            "2019-09-24",
            "2019-09-25",
            "2019-09-26",
            "2019-09-27",
            "2019-10-01",
            "2019-10-02",
            "2019-10-03",
            "2019-10-04",
            "2019-10-07",
            "2019-10-08",
            "2019-10-09",
            "2019-10-14",
            "2019-10-15",
            "2019-10-16",
            "2019-10-17",
            "2019-10-18",
            "2019-10-21",
            "2019-10-22",
            "2019-10-23",
            "2019-10-24",
            "2019-10-25",
            "2019-10-28",
            "2019-10-29",
            "2019-10-30",
            "2019-10-31",
            "2019-11-01",
            "2019-11-04",
            "2019-11-05",
            "2019-11-06",
            "2019-11-07",
            "2019-11-08",
            "2019-11-11",
            "2019-11-12",
            "2019-11-13",
            "2019-11-14",
            "2019-11-15",
            "2019-11-18",
            "2019-11-19",
            "2019-11-20",
            "2019-11-21",
            "2019-11-22",
            "2019-11-25",
            "2019-11-26",
            "2019-11-27",
            "2019-11-28",
            "2019-11-29",
            "2019-12-02",
            "2019-12-03",
            "2019-12-04",
            "2019-12-05",
            "2019-12-06",
            "2019-12-09",
            "2019-12-10",
            "2019-12-11",
            "2019-12-12",
            "2019-12-13",
            "2019-12-16",
            "2019-12-17",
            "2019-12-18",
            "2019-12-19",
            "2019-12-20",
            "2019-12-23",
            "2019-12-24",
            "2019-12-25",
            "2019-12-26",
            "2019-12-27",
            "2019-12-30",
            "2019-12-31",
            "2020-01-02",
            "2020-01-03",
            "2020-01-06",
            "2020-01-07",
            "2020-01-08",
            "2020-01-09",
            "2020-01-10",
            "2020-01-13",
            "2020-01-14",
            "2020-01-15",
            "2020-01-16",
            "2020-01-17",
            "2020-01-20",
            "2020-01-30",
            "2020-01-31",
            "2020-02-03",
            "2020-02-04",
            "2020-02-05",
            "2020-02-06",
            "2020-02-07",
            "2020-02-10",
            "2020-02-11",
            "2020-02-12",
            "2020-02-13",
            "2020-02-14",
            "2020-02-17",
            "2020-02-18",
            "2020-02-19",
            "2020-02-20",
            "2020-02-21",
            "2020-02-24",
            "2020-02-25",
            "2020-02-26",
            "2020-02-27",
            "2020-03-02",
            "2020-03-03",
            "2020-03-04",
            "2020-03-05",
            "2020-03-06",
            "2020-03-09",
            "2020-03-10",
            "2020-03-11",
            "2020-03-12",
            "2020-03-13",
            "2020-03-16",
            "2020-03-17",
            "2020-03-18",
            "2020-03-19",
            "2020-03-20",
            "2020-03-23",
            "2020-03-24",
            "2020-03-25",
            "2020-03-26",
            "2020-03-27",
            "2020-03-30",
            "2020-03-31",
            "2020-04-01",
            "2020-04-06",
            "2020-04-07",
            "2020-04-08",
            "2020-04-09",
            "2020-04-10",
            "2020-04-13",
            "2020-04-14",
            "2020-04-15",
            "2020-04-16",
            "2020-04-17",
            "2020-04-20",
            "2020-04-21",
            "2020-04-22",
            "2020-04-23",
            "2020-04-24",
            "2020-04-27",
            "2020-04-28",
            "2020-04-29",
            "2020-04-30",
            "2020-05-04",
            "2020-05-05",
            "2020-05-06",
            "2020-05-07",
            "2020-05-08",
            "2020-05-11",
            "2020-05-12",
            "2020-05-13",
            "2020-05-14",
            "2020-05-15",
            "2020-05-18",
            "2020-05-19",
            "2020-05-20",
            "2020-05-21",
            "2020-05-22",
            "2020-05-25",
            "2020-05-26",
            "2020-05-27",
            "2020-05-28",
            "2020-05-29"
        ],
        "stock_id": [
            "6680",
            "6680",
            "6680",
            "6680",
            "6680",
            "6680",
            "6680",
            "6680",
            "6680",
            "6680",
            "6680",
            "6680",
            "6680",
            "6680",
            "6680",
            "6680",
            "6680",
            "6680",
            "6680",
            "6680",
            "6680",
            "6680",
            "6680",
            "6680",
            "6680",
            "6680",
            "6680",
            "6680",
            "6680",
            "6680",
            "6680",
            "6680",
            "6680",
            "6680",
            "6680",
            "6680",
            "6680",
            "6680",
            "6680",
            "6680",
            "6680",
            "6680",
            "6680",
            "6680",
            "6680",
            "6680",
            "6680",
            "6680",
            "6680",
            "6680",
            "6680",
            "6680",
            "6680",
            "6680",
            "6680",
            "6680",
            "6680",
            "6680",
            "6680",
            "6680",
            "6680",
            "6680",
            "6680",
            "6680",
            "6680",
            "6680",
            "6680",
            "6680",
            "6680",
            "6680",
            "6680",
            "6680",
            "6680",
            "6680",
            "6680",
            "6680",
            "6680",
            "6680",
            "6680",
            "6680",
            "6680",
            "6680",
            "6680",
            "6680",
            "6680",
            "6680",
            "6680",
            "6680",
            "6680",
            "6680",
            "6680",
            "6680",
            "6680",
            "6680",
            "6680",
            "6680",
            "6680",
            "6680",
            "6680",
            "6680",
            "6680",
            "6680",
            "6680",
            "6680",
            "6680",
            "6680",
            "6680",
            "6680",
            "6680",
            "6680",
            "6680",
            "6680",
            "6680",
            "6680",
            "6680",
            "6680",
            "6680",
            "6680",
            "6680",
            "6680",
            "6680",
            "6680",
            "6680",
            "6680",
            "6680",
            "6680",
            "6680",
            "6680",
            "6680",
            "6680",
            "6680",
            "6680",
            "6680",
            "6680",
            "6680",
            "6680",
            "6680",
            "6680",
            "6680",
            "6680",
            "6680",
            "6680",
            "6680",
            "6680",
            "6680",
            "6680",
            "6680",
            "6680",
            "6680",
            "6680",
            "6680",
            "6680",
            "6680",
            "6680",
            "6680",
            "6680",
            "6680",
            "6680",
            "6680",
            "6680",
            "6680",
            "6680",
            "6680",
            "6680",
            "6680",
            "6680",
            "6680",
            "6680",
            "6680",
            "6680"
        ],
        "Trading_Volume": [
            385000,
            284000,
            136000,
            89000,
            64000,
            62000,
            59000,
            105000,
            34000,
            11000,
            26000,
            9000,
            40000,
            24000,
            28000,
            75000,
            54000,
            29000,
            13000,
            74000,
            16000,
            54000,
            7000,
            19000,
            2000,
            37000,
            6000,
            13000,
            18000,
            78000,
            7000,
            7000,
            9000,
            11000,
            16000,
            18000,
            6000,
            15000,
            35000,
            10000,
            9000,
            53000,
            55000,
            39000,
            24000,
            3000,
            4000,
            7000,
            4000,
            3000,
            21000,
            5000,
            4000,
            1000,
            0,
            4000,
            14000,
            9000,
            31000,
            23000,
            26000,
            46000,
            1000,
            16000,
            24000,
            16000,
            15000,
            18000,
            25000,
            25000,
            9000,
            15000,
            8000,
            15000,
            31000,
            9000,
            8000,
            43000,
            25000,
            15000,
            2000,
            10000,
            31000,
            15000,
            12000,
            12000,
            38000,
            7000,
            6000,
            9000,
            11000,
            16000,
            16000,
            25000,
            4000,
            0,
            2000,
            21000,
            10000,
            0,
            2000,
            1000,
            1000,
            6000,
            1000,
            1000,
            11000,
            5000,
            5000,
            4000,
            9000,
            4000,
            28000,
            0,
            14000,
            4000,
            12000,
            24000,
            4000,
            12000,
            5000,
            7000,
            14000,
            9000,
            7000,
            7000,
            2000,
            7000,
            0,
            1000,
            2000,
            4000,
            22000,
            4000,
            0,
            7000,
            0,
            0,
            2000,
            3000,
            0,
            0,
            4000,
            5000,
            3000,
            4000,
            5000,
            1000,
            5000,
            8000,
            9000,
            0,
            0,
            0,
            3000,
            14000,
            14000,
            4000,
            6000,
            27000,
            2000,
            6000,
            27000,
            10000,
            0,
            0,
            0,
            2000,
            7000,
            4000
        ],
        "Trading_money": [
            28003100,
            20902600,
            9878800,
            6381700,
            4574500,
            4434200,
            4167700,
            7339400,
            2377300,
            765400,
            1825100,
            632800,
            2785500,
            1673600,
            1957500,
            5334500,
            3763200,
            2019700,
            904300,
            5245000,
            1127300,
            3763300,
            489800,
            1329100,
            139500,
            2568200,
            415400,
            902300,
            1234000,
            5344700,
            482400,
            483000,
            620400,
            755700,
            1092400,
            1223900,
            405200,
            1012300,
            2315700,
            667900,
            595100,
            3425300,
            3481300,
            2495500,
            1505500,
            189500,
            254300,
            444600,
            256500,
            190300,
            1348000,
            319100,
            254600,
            64000,
            0,
            255300,
            895600,
            568500,
            1954100,
            1441400,
            1601600,
            2769900,
            63200,
            993100,
            1475800,
            991100,
            927400,
            1109400,
            1529400,
            1526800,
            548900,
            912400,
            481500,
            911200,
            1873800,
            548400,
            480900,
            2668500,
            1575200,
            950900,
            129000,
            636300,
            2001600,
            968100,
            774000,
            774300,
            2452800,
            443400,
            368700,
            553100,
            697100,
            1020500,
            1017300,
            1625800,
            256000,
            0,
            128700,
            1346200,
            635000,
            0,
            127200,
            65000,
            65700,
            388600,
            63200,
            63000,
            688800,
            310000,
            288300,
            244000,
            537600,
            238100,
            1710200,
            0,
            850000,
            243400,
            710100,
            1397700,
            222700,
            698400,
            284900,
            380200,
            751300,
            500300,
            397800,
            418100,
            117000,
            409900,
            0,
            58500,
            117100,
            234000,
            1292600,
            233200,
            0,
            412700,
            0,
            0,
            119600,
            179700,
            0,
            0,
            239600,
            299000,
            179400,
            237200,
            299800,
            61900,
            317100,
            526000,
            586600,
            0,
            0,
            0,
            190000,
            858300,
            856000,
            250000,
            374700,
            1680800,
            123600,
            374900,
            1701800,
            630000,
            0,
            0,
            0,
            127300,
            442100,
            246100
        ],
        "open": [
            72.5,
            73.0,
            73.1,
            73.0,
            71.4,
            72.0,
            70.9,
            70.4,
            68.9,
            69.8,
            70.0,
            69.7,
            70.4,
            69.5,
            70.0,
            70.0,
            70.1,
            70.3,
            70.0,
            70.0,
            70.5,
            70.4,
            70.0,
            69.9,
            69.8,
            69.7,
            69.4,
            69.4,
            69.3,
            68.2,
            69.8,
            69.0,
            69.0,
            68.5,
            68.5,
            68.1,
            67.6,
            67.5,
            66.4,
            66.8,
            66.2,
            66.1,
            64.2,
            63.3,
            63.5,
            63.1,
            63.5,
            63.2,
            64.1,
            63.6,
            63.8,
            64.2,
            63.6,
            64.0,
            0.0,
            63.9,
            63.9,
            64.0,
            63.6,
            63.0,
            62.0,
            61.0,
            63.2,
            62.5,
            62.0,
            62.0,
            61.7,
            62.0,
            61.0,
            61.0,
            61.0,
            61.0,
            60.1,
            61.0,
            61.0,
            61.0,
            60.0,
            60.7,
            63.2,
            63.5,
            64.5,
            63.5,
            64.5,
            64.8,
            64.5,
            64.5,
            64.5,
            64.0,
            61.0,
            61.5,
            63.7,
            64.0,
            63.9,
            65.0,
            64.0,
            0.0,
            64.2,
            64.6,
            63.5,
            0.0,
            63.6,
            65.0,
            65.7,
            65.0,
            63.2,
            63.0,
            63.5,
            62.0,
            55.8,
            61.0,
            59.8,
            59.0,
            60.5,
            0.0,
            56.1,
            60.8,
            59.5,
            58.8,
            54.2,
            56.5,
            59.4,
            55.0,
            50.1,
            55.5,
            56.6,
            61.0,
            58.5,
            58.6,
            0.0,
            58.5,
            58.5,
            58.5,
            58.8,
            58.5,
            0.0,
            59.0,
            0.0,
            0.0,
            59.8,
            59.9,
            0.0,
            0.0,
            60.0,
            59.8,
            59.8,
            59.8,
            58.8,
            61.9,
            61.5,
            65.8,
            65.0,
            0.0,
            0.0,
            0.0,
            63.5,
            62.8,
            61.1,
            62.5,
            62.5,
            62.2,
            61.8,
            62.4,
            63.0,
            63.0,
            0.0,
            0.0,
            0.0,
            63.5,
            63.5,
            61.5
        ],
        "max": [
            73.7,
            75.5,
            73.4,
            73.0,
            71.9,
            72.6,
            70.9,
            70.4,
            70.0,
            69.8,
            70.5,
            71.0,
            70.4,
            70.0,
            70.0,
            72.2,
            70.1,
            70.3,
            70.0,
            71.5,
            70.8,
            70.4,
            70.0,
            70.0,
            69.8,
            69.7,
            69.4,
            69.5,
            69.3,
            70.0,
            69.8,
            69.0,
            69.0,
            69.0,
            68.6,
            68.1,
            67.6,
            67.6,
            66.8,
            66.8,
            66.2,
            66.1,
            64.3,
            64.5,
            63.5,
            63.3,
            63.8,
            64.8,
            64.2,
            63.6,
            64.5,
            64.2,
            63.9,
            64.0,
            0.0,
            64.0,
            64.0,
            64.0,
            63.6,
            63.4,
            62.1,
            61.0,
            63.2,
            62.5,
            62.0,
            62.0,
            62.0,
            62.0,
            61.5,
            61.3,
            61.0,
            61.2,
            61.0,
            61.0,
            61.0,
            61.0,
            60.3,
            65.0,
            63.2,
            63.6,
            64.5,
            64.8,
            64.8,
            64.8,
            64.5,
            64.7,
            64.9,
            64.0,
            63.7,
            62.5,
            63.9,
            64.0,
            64.5,
            66.0,
            64.0,
            0.0,
            64.5,
            64.6,
            63.5,
            0.0,
            63.6,
            65.0,
            65.7,
            65.0,
            63.2,
            63.0,
            63.5,
            62.0,
            60.0,
            61.0,
            59.8,
            60.0,
            62.4,
            0.0,
            62.0,
            60.9,
            59.5,
            60.0,
            56.5,
            59.5,
            59.4,
            55.0,
            55.8,
            55.8,
            58.0,
            61.0,
            58.5,
            58.6,
            0.0,
            58.5,
            58.6,
            58.5,
            58.9,
            58.5,
            0.0,
            59.1,
            0.0,
            0.0,
            59.8,
            59.9,
            0.0,
            0.0,
            60.0,
            59.8,
            59.8,
            59.8,
            61.9,
            61.9,
            64.0,
            65.8,
            65.5,
            0.0,
            0.0,
            0.0,
            63.5,
            62.8,
            62.5,
            62.5,
            62.6,
            62.5,
            61.8,
            62.5,
            63.4,
            63.0,
            0.0,
            0.0,
            0.0,
            63.8,
            63.5,
            61.6
        ],
        "min": [
            71.8,
            71.8,
            72.1,
            71.4,
            71.1,
            71.0,
            70.4,
            69.3,
            68.9,
            69.5,
            69.8,
            69.7,
            69.4,
            69.5,
            69.5,
            70.0,
            69.1,
            69.2,
            69.2,
            69.8,
            70.0,
            69.4,
            69.9,
            69.5,
            69.7,
            69.3,
            68.9,
            69.3,
            68.1,
            68.2,
            68.5,
            69.0,
            68.8,
            68.5,
            68.0,
            67.9,
            67.5,
            67.0,
            66.0,
            66.7,
            66.1,
            64.0,
            63.0,
            63.3,
            62.5,
            63.1,
            63.5,
            63.2,
            64.1,
            63.2,
            63.2,
            63.6,
            63.5,
            64.0,
            0.0,
            63.5,
            63.9,
            62.3,
            62.9,
            62.0,
            61.4,
            59.9,
            63.2,
            61.6,
            61.0,
            61.8,
            61.7,
            61.4,
            60.8,
            60.9,
            60.9,
            60.5,
            60.0,
            60.0,
            60.1,
            60.4,
            60.0,
            60.7,
            63.0,
            63.0,
            64.5,
            63.5,
            64.4,
            64.5,
            64.5,
            64.5,
            64.5,
            61.7,
            61.0,
            60.8,
            63.0,
            63.5,
            63.4,
            64.5,
            64.0,
            0.0,
            64.2,
            63.5,
            63.5,
            0.0,
            63.6,
            65.0,
            65.7,
            64.5,
            63.2,
            63.0,
            62.3,
            62.0,
            55.8,
            61.0,
            59.6,
            59.0,
            60.5,
            0.0,
            56.1,
            60.8,
            58.8,
            57.5,
            54.2,
            56.0,
            54.2,
            53.4,
            50.1,
            55.0,
            56.6,
            58.0,
            58.5,
            58.5,
            0.0,
            58.5,
            58.5,
            58.5,
            58.5,
            58.0,
            0.0,
            58.8,
            0.0,
            0.0,
            59.8,
            59.9,
            0.0,
            0.0,
            59.8,
            59.8,
            59.8,
            58.8,
            58.6,
            61.9,
            61.5,
            65.5,
            64.8,
            0.0,
            0.0,
            0.0,
            63.0,
            61.0,
            61.0,
            62.5,
            62.1,
            62.0,
            61.8,
            62.4,
            62.5,
            63.0,
            0.0,
            0.0,
            0.0,
            63.5,
            63.1,
            61.5
        ],
        "close": [
            73.0,
            73.2,
            72.6,
            71.4,
            71.6,
            71.3,
            70.4,
            69.3,
            70.0,
            69.5,
            69.8,
            70.4,
            69.4,
            69.8,
            70.0,
            71.0,
            69.9,
            70.0,
            69.3,
            70.1,
            70.2,
            69.5,
            70.0,
            70.0,
            69.7,
            69.4,
            69.4,
            69.5,
            68.2,
            69.8,
            69.5,
            69.0,
            69.0,
            68.5,
            68.5,
            67.9,
            67.5,
            67.0,
            66.8,
            66.8,
            66.1,
            64.4,
            63.4,
            63.8,
            63.3,
            63.1,
            63.8,
            63.8,
            64.1,
            63.2,
            64.5,
            63.6,
            63.9,
            64.0,
            0.0,
            63.5,
            64.0,
            62.3,
            63.3,
            63.4,
            61.4,
            60.8,
            63.2,
            61.6,
            62.0,
            62.0,
            62.0,
            61.6,
            61.0,
            61.0,
            61.0,
            60.5,
            61.0,
            61.0,
            60.9,
            60.4,
            60.3,
            63.2,
            63.0,
            63.5,
            64.5,
            64.8,
            64.8,
            64.5,
            64.5,
            64.5,
            64.5,
            61.7,
            63.7,
            62.5,
            63.9,
            63.5,
            64.5,
            64.5,
            64.0,
            0.0,
            64.5,
            63.5,
            63.5,
            0.0,
            63.6,
            65.0,
            65.7,
            64.5,
            63.2,
            63.0,
            62.3,
            62.0,
            60.0,
            61.0,
            59.6,
            59.1,
            62.4,
            0.0,
            62.0,
            60.9,
            58.8,
            59.4,
            56.5,
            59.5,
            59.3,
            55.0,
            55.8,
            55.0,
            56.6,
            58.5,
            58.5,
            58.5,
            0.0,
            58.5,
            58.6,
            58.5,
            58.7,
            58.5,
            0.0,
            58.8,
            0.0,
            0.0,
            59.8,
            59.9,
            0.0,
            0.0,
            59.8,
            59.8,
            59.8,
            58.8,
            61.9,
            61.9,
            63.8,
            65.5,
            64.8,
            0.0,
            0.0,
            0.0,
            63.0,
            61.0,
            62.5,
            62.5,
            62.1,
            62.0,
            61.8,
            62.5,
            63.0,
            63.0,
            0.0,
            0.0,
            0.0,
            63.8,
            63.1,
            61.5
        ],
        "spread": [
            13.0,
            0.2,
            -0.6,
            -1.2,
            0.2,
            -0.3,
            -0.9,
            -1.1,
            0.7,
            -0.5,
            0.3,
            0.6,
            -1.0,
            0.4,
            0.2,
            1.0,
            -1.1,
            0.1,
            -0.7,
            0.8,
            0.1,
            -0.7,
            0.5,
            0.0,
            -0.3,
            -0.3,
            0.0,
            0.1,
            -1.3,
            1.6,
            -0.3,
            -0.5,
            0.0,
            -0.5,
            0.0,
            -0.6,
            -0.4,
            -0.5,
            -0.2,
            0.0,
            -0.7,
            -1.7,
            -1.0,
            0.4,
            -0.5,
            -0.2,
            0.7,
            0.0,
            0.3,
            -0.9,
            1.3,
            -0.9,
            0.3,
            0.1,
            0.0,
            -0.4,
            0.5,
            -1.7,
            1.0,
            0.1,
            -2.0,
            -0.6,
            2.4,
            -1.6,
            0.4,
            0.0,
            0.0,
            -0.4,
            -0.6,
            0.0,
            0.0,
            -0.5,
            0.5,
            0.0,
            -0.1,
            -0.5,
            -0.1,
            2.9,
            -0.2,
            0.5,
            1.0,
            0.3,
            0.0,
            -0.3,
            0.0,
            0.0,
            0.0,
            -2.8,
            2.0,
            -1.2,
            1.4,
            -0.4,
            1.0,
            0.0,
            -0.5,
            0.0,
            0.5,
            -1.0,
            0.0,
            0.0,
            0.1,
            1.4,
            0.7,
            -1.2,
            -1.3,
            -0.2,
            -0.7,
            -0.3,
            -2.0,
            1.0,
            -1.4,
            -0.5,
            3.3,
            0.0,
            0.0,
            -1.1,
            -2.1,
            0.6,
            -2.9,
            3.0,
            -0.2,
            -4.3,
            0.8,
            -0.8,
            1.6,
            1.9,
            0.0,
            0.0,
            0.0,
            0.0,
            0.1,
            -0.1,
            0.2,
            -0.2,
            0.0,
            0.0,
            0.0,
            0.0,
            0.8,
            0.1,
            0.0,
            0.0,
            -0.2,
            0.0,
            0.0,
            -1.0,
            3.1,
            0.0,
            1.9,
            1.7,
            -0.7,
            0.0,
            0.0,
            0.0,
            -1.2,
            -2.0,
            1.5,
            0.0,
            -0.4,
            -0.1,
            -0.2,
            0.7,
            0.5,
            0.0,
            0.0,
            0.0,
            0.0,
            0.8,
            -0.7,
            -1.6
        ],
        "Trading_turnover": [
            313,
            243,
            96,
            80,
            51,
            43,
            47,
            72,
            25,
            6,
            22,
            6,
            17,
            11,
            22,
            64,
            28,
            28,
            13,
            59,
            16,
            28,
            7,
            12,
            2,
            21,
            6,
            12,
            17,
            33,
            7,
            4,
            8,
            11,
            15,
            9,
            5,
            9,
            25,
            6,
            8,
            39,
            40,
            24,
            22,
            3,
            4,
            6,
            4,
            3,
            19,
            5,
            4,
            1,
            0,
            4,
            6,
            7,
            20,
            19,
            19,
            28,
            1,
            11,
            16,
            10,
            6,
            11,
            13,
            13,
            6,
            7,
            5,
            10,
            15,
            5,
            8,
            28,
            17,
            12,
            2,
            7,
            22,
            14,
            6,
            9,
            10,
            2,
            5,
            5,
            6,
            10,
            9,
            18,
            4,
            0,
            2,
            10,
            2,
            0,
            2,
            1,
            1,
            3,
            1,
            1,
            9,
            5,
            5,
            3,
            6,
            4,
            23,
            0,
            11,
            2,
            9,
            14,
            3,
            9,
            4,
            6,
            10,
            9,
            6,
            6,
            2,
            5,
            0,
            1,
            2,
            4,
            11,
            4,
            0,
            6,
            0,
            0,
            1,
            3,
            0,
            0,
            2,
            3,
            3,
            2,
            4,
            1,
            4,
            6,
            9,
            0,
            0,
            0,
            2,
            9,
            4,
            4,
            4,
            9,
            2,
            3,
            13,
            2,
            0,
            0,
            0,
            2,
            3,
            3
        ]
    }
}