{
    "msg": "success",
    "status": 200,
    "data": {
        "date": [
            "2019-10-30",
            "2019-10-31",
            "2019-11-01",
            "2019-11-04",
            "2019-11-05",
            "2019-11-06",
            "2019-11-07",
            "2019-11-08",
            "2019-11-11",
            "2019-11-12",
            "2019-11-13",
            "2019-11-14",
            "2019-11-15",
            "2019-11-18",
            "2019-11-19",
            "2019-11-20",
            "2019-11-21",
            "2019-11-22",
            "2019-11-25",
            "2019-11-26",
            "2019-11-27",
            "2019-11-28",
            "2019-11-29",
            "2019-12-02",
            "2019-12-03",
            "2019-12-04",
            "2019-12-05",
            "2019-12-06",
            "2019-12-09",
            "2019-12-10",
            "2019-12-11",
            "2019-12-12",
            "2019-12-13",
            "2019-12-16",
            "2019-12-17",
            "2019-12-18",
            "2019-12-19",
            "2019-12-20",
            "2019-12-23",
            "2019-12-24",
            "2019-12-25",
            "2019-12-26",
            "2019-12-27",
            "2019-12-30",
            "2019-12-31",
            "2020-01-02",
            "2020-01-03",
            "2020-01-06",
            "2020-01-07",
            "2020-01-08",
            "2020-01-09",
            "2020-01-10",
            "2020-01-13",
            "2020-01-14",
            "2020-01-15",
            "2020-01-16",
            "2020-01-17",
            "2020-01-20",
            "2020-01-30",
            "2020-01-31",
            "2020-02-03",
            "2020-02-04",
            "2020-02-05",
            "2020-02-06",
            "2020-02-07",
            "2020-02-10",
            "2020-02-11",
            "2020-02-12",
            "2020-02-13",
            "2020-02-14",
            "2020-02-17",
            "2020-02-18",
            "2020-02-19",
            "2020-02-20",
            "2020-02-21",
            "2020-02-24",
            "2020-02-25",
            "2020-02-26",
            "2020-02-27",
            "2020-03-02",
            "2020-03-03",
            "2020-03-04",
            "2020-03-05",
            "2020-03-06",
            "2020-03-09",
            "2020-03-10",
            "2020-03-11",
            "2020-03-12",
            "2020-03-13",
            "2020-03-16",
            "2020-03-17",
            "2020-03-18",
            "2020-03-19",
            "2020-03-20",
            "2020-03-23",
            "2020-03-24",
            "2020-03-25",
            "2020-03-26",
            "2020-03-27",
            "2020-03-30",
            "2020-03-31",
            "2020-04-01",
            "2020-04-06",
            "2020-04-07",
            "2020-04-08",
            "2020-04-09",
            "2020-04-10",
            "2020-04-13",
            "2020-04-14",
            "2020-04-15",
            "2020-04-16",
            "2020-04-17",
            "2020-04-20",
            "2020-04-21",
            "2020-04-22",
            "2020-04-23",
            "2020-04-24",
            "2020-04-27",
            "2020-04-28",
            "2020-04-29",
            "2020-04-30",
            "2020-05-04",
            "2020-05-05",
            "2020-05-06",
            "2020-05-07",
            "2020-05-08",
            "2020-05-11",
            "2020-05-12",
            "2020-05-13",
            "2020-05-14",
            "2020-05-15",
            "2020-05-18",
            "2020-05-19",
            "2020-05-20",
            "2020-05-21",
            "2020-05-22",
            "2020-05-25",
            "2020-05-26",
            "2020-05-27",
            "2020-05-28",
            "2020-05-29"
        ],
        "stock_id": [
            "6690",
            "6690",
            "6690",
            "6690",
            "6690",
            "6690",
            "6690",
            "6690",
            "6690",
            "6690",
            "6690",
            "6690",
            "6690",
            "6690",
            "6690",
            "6690",
            "6690",
            "6690",
            "6690",
            "6690",
            "6690",
            "6690",
            "6690",
            "6690",
            "6690",
            "6690",
            "6690",
            "6690",
            "6690",
            "6690",
            "6690",
            "6690",
            "6690",
            "6690",
            "6690",
            "6690",
            "6690",
            "6690",
            "6690",
            "6690",
            "6690",
            "6690",
            "6690",
            "6690",
            "6690",
            "6690",
            "6690",
            "6690",
            "6690",
            "6690",
            "6690",
            "6690",
            "6690",
            "6690",
            "6690",
            "6690",
            "6690",
            "6690",
            "6690",
            "6690",
            "6690",
            "6690",
            "6690",
            "6690",
            "6690",
            "6690",
            "6690",
            "6690",
            "6690",
            "6690",
            "6690",
            "6690",
            "6690",
            "6690",
            "6690",
            "6690",
            "6690",
            "6690",
            "6690",
            "6690",
            "6690",
            "6690",
            "6690",
            "6690",
            "6690",
            "6690",
            "6690",
            "6690",
            "6690",
            "6690",
            "6690",
            "6690",
            "6690",
            "6690",
            "6690",
            "6690",
            "6690",
            "6690",
            "6690",
            "6690",
            "6690",
            "6690",
            "6690",
            "6690",
            "6690",
            "6690",
            "6690",
            "6690",
            "6690",
            "6690",
            "6690",
            "6690",
            "6690",
            "6690",
            "6690",
            "6690",
            "6690",
            "6690",
            "6690",
            "6690",
            "6690",
            "6690",
            "6690",
            "6690",
            "6690",
            "6690",
            "6690",
            "6690",
            "6690",
            "6690",
            "6690",
            "6690",
            "6690",
            "6690",
            "6690",
            "6690",
            "6690",
            "6690",
            "6690",
            "6690",
            "6690"
        ],
        "Trading_Volume": [
            1580000,
            1201000,
            499000,
            746000,
            361000,
            293000,
            398000,
            297000,
            548000,
            191000,
            347000,
            691000,
            280000,
            208000,
            119000,
            66000,
            119000,
            66000,
            98000,
            205000,
            265000,
            188000,
            129000,
            83000,
            110000,
            96000,
            67000,
            102000,
            340000,
            102000,
            61000,
            60000,
            54000,
            67000,
            57000,
            94000,
            32000,
            113000,
            167000,
            58000,
            35000,
            31000,
            20000,
            110000,
            51000,
            52000,
            58000,
            59000,
            39000,
            94000,
            103000,
            49000,
            26000,
            31000,
            37000,
            32000,
            34000,
            56000,
            154000,
            106000,
            68000,
            26000,
            52000,
            70000,
            140000,
            60000,
            36000,
            55000,
            102000,
            36000,
            21000,
            31000,
            81000,
            474000,
            284000,
            137000,
            195000,
            155000,
            243000,
            115000,
            120000,
            288000,
            415000,
            395000,
            353000,
            402000,
            317000,
            327000,
            269000,
            152000,
            194000,
            224000,
            284000,
            173000,
            43000,
            63000,
            83000,
            70000,
            70000,
            47000,
            206000,
            136000,
            336000,
            444000,
            421000,
            298000,
            185000,
            240000,
            372000,
            351000,
            254000,
            283000,
            123000,
            151000,
            91000,
            262000,
            136000,
            171000,
            217000,
            142000,
            248000,
            193000,
            262000,
            132000,
            92000,
            139000,
            239000,
            123000,
            48000,
            59000,
            88000,
            46000,
            71000,
            71000,
            68000,
            63000,
            45000,
            50000,
            59000,
            57000,
            35000
        ],
        "Trading_money": [
            198191500,
            164018500,
            67120000,
            94377000,
            43878500,
            34784000,
            45181500,
            35633000,
            67556500,
            22483500,
            42612500,
            80123500,
            32863000,
            24875000,
            13760500,
            7611000,
            13553000,
            7574500,
            11265500,
            23991000,
            32081500,
            23096500,
            15550000,
            9852000,
            13313500,
            11473500,
            8031000,
            12042500,
            39213500,
            11682500,
            6987500,
            6870500,
            6185500,
            7624500,
            6511000,
            10600000,
            3600500,
            12601000,
            18068000,
            6182500,
            3776000,
            3365500,
            2168000,
            12245500,
            5563000,
            5619000,
            6309000,
            6269000,
            4120500,
            9729500,
            11167000,
            5180500,
            2765000,
            3285000,
            3896500,
            3337500,
            3547000,
            5957500,
            15298500,
            10683500,
            6851600,
            2685000,
            5368000,
            7261000,
            15072000,
            6323500,
            3795000,
            5908000,
            10911500,
            3872000,
            2271000,
            3313500,
            8840000,
            55302000,
            33631000,
            16193500,
            23652500,
            18522500,
            27402000,
            12220500,
            13550000,
            34548500,
            51241000,
            50724500,
            45625500,
            50545000,
            40912000,
            37654000,
            29358000,
            17077000,
            20179000,
            23218500,
            27101700,
            17210200,
            4284800,
            6620000,
            8831500,
            7319500,
            7528000,
            4935000,
            22837500,
            15335500,
            41622500,
            58030000,
            58993500,
            39926000,
            24511000,
            32817500,
            53228000,
            51856500,
            36194500,
            39030000,
            16619000,
            19992500,
            12117000,
            36578000,
            19286500,
            24925000,
            31718000,
            21091500,
            36440500,
            26933500,
            35698000,
            17929500,
            12586500,
            18829500,
            30859500,
            16127500,
            6320000,
            7683000,
            11228000,
            5903000,
            9264500,
            9410000,
            9025000,
            8226500,
            5902500,
            6543500,
            7608500,
            7336000,
            4537000
        ],
        "open": [
            130.0,
            130.0,
            135.0,
            133.5,
            123.5,
            120.0,
            116.5,
            115.0,
            123.0,
            120.5,
            118.0,
            123.0,
            114.5,
            121.0,
            117.5,
            116.0,
            115.0,
            115.0,
            115.0,
            115.0,
            119.0,
            122.0,
            121.5,
            119.5,
            119.0,
            121.0,
            121.5,
            119.5,
            119.0,
            116.0,
            114.5,
            115.0,
            114.0,
            115.0,
            115.0,
            113.5,
            113.0,
            112.5,
            111.5,
            107.5,
            108.5,
            109.0,
            108.5,
            109.0,
            110.0,
            109.0,
            110.0,
            107.0,
            106.0,
            104.5,
            107.0,
            107.0,
            106.0,
            107.0,
            106.0,
            105.5,
            104.0,
            106.0,
            102.5,
            98.0,
            99.0,
            102.0,
            105.5,
            105.5,
            103.5,
            106.0,
            105.0,
            105.0,
            109.0,
            107.0,
            108.0,
            108.5,
            107.5,
            110.0,
            120.0,
            116.5,
            120.0,
            120.5,
            117.0,
            105.5,
            111.5,
            113.0,
            122.0,
            126.0,
            131.0,
            122.0,
            133.0,
            120.0,
            106.0,
            113.0,
            103.0,
            101.0,
            102.5,
            96.9,
            98.7,
            102.0,
            108.5,
            106.5,
            109.0,
            105.0,
            107.5,
            112.5,
            115.5,
            131.0,
            138.0,
            137.5,
            133.5,
            135.5,
            139.5,
            151.0,
            144.0,
            144.0,
            134.0,
            135.0,
            131.5,
            134.0,
            144.0,
            144.5,
            144.5,
            150.5,
            148.5,
            142.0,
            139.0,
            136.5,
            136.0,
            139.0,
            132.0,
            129.0,
            130.0,
            131.5,
            128.5,
            127.0,
            130.0,
            133.5,
            132.0,
            132.5,
            129.5,
            132.0,
            130.5,
            129.5,
            131.0
        ],
        "max": [
            133.5,
            141.0,
            137.0,
            134.0,
            125.5,
            122.0,
            118.0,
            122.5,
            126.0,
            122.0,
            126.5,
            123.0,
            120.5,
            121.0,
            117.5,
            116.0,
            115.0,
            116.0,
            116.0,
            119.0,
            124.0,
            126.0,
            122.5,
            120.0,
            123.5,
            121.0,
            121.5,
            119.5,
            119.5,
            116.0,
            115.0,
            116.0,
            115.5,
            115.0,
            115.5,
            114.0,
            113.0,
            113.0,
            111.5,
            107.5,
            108.5,
            109.0,
            109.0,
            113.0,
            111.0,
            109.0,
            110.0,
            107.5,
            106.5,
            104.5,
            111.5,
            107.0,
            107.0,
            107.0,
            106.0,
            105.5,
            105.5,
            107.5,
            103.0,
            103.0,
            103.0,
            104.5,
            105.5,
            105.5,
            111.5,
            106.5,
            106.5,
            109.0,
            110.0,
            108.5,
            108.5,
            108.5,
            110.0,
            120.0,
            121.5,
            122.0,
            124.5,
            122.5,
            119.0,
            109.5,
            116.0,
            123.0,
            126.5,
            131.5,
            135.5,
            133.0,
            134.0,
            120.0,
            117.0,
            117.0,
            110.0,
            107.0,
            103.0,
            100.5,
            103.0,
            107.0,
            109.0,
            108.0,
            110.0,
            106.0,
            113.5,
            115.0,
            126.5,
            138.5,
            145.0,
            137.5,
            135.5,
            140.5,
            148.0,
            152.0,
            145.5,
            144.0,
            138.0,
            137.0,
            135.0,
            144.5,
            144.0,
            149.0,
            149.5,
            151.0,
            152.0,
            142.0,
            139.0,
            138.0,
            139.0,
            139.0,
            132.0,
            135.0,
            132.5,
            132.0,
            129.5,
            129.0,
            132.5,
            134.5,
            133.5,
            133.5,
            132.5,
            133.5,
            130.5,
            130.0,
            131.5
        ],
        "min": [
            115.0,
            127.0,
            131.5,
            122.5,
            120.0,
            116.5,
            111.5,
            115.0,
            119.5,
            115.5,
            116.0,
            112.5,
            113.0,
            118.0,
            115.0,
            114.5,
            113.0,
            114.0,
            114.0,
            113.0,
            116.5,
            121.0,
            118.0,
            116.5,
            119.0,
            118.0,
            119.0,
            117.0,
            113.5,
            113.5,
            114.0,
            114.0,
            114.0,
            113.0,
            113.5,
            112.0,
            112.0,
            110.5,
            106.5,
            106.0,
            107.0,
            108.0,
            108.0,
            109.0,
            108.0,
            108.0,
            108.0,
            106.0,
            105.0,
            102.0,
            105.0,
            105.0,
            105.5,
            105.0,
            104.5,
            103.5,
            103.0,
            105.5,
            96.8,
            98.0,
            97.5,
            102.0,
            102.0,
            103.0,
            103.0,
            103.5,
            104.5,
            105.0,
            105.5,
            106.0,
            107.5,
            106.0,
            107.5,
            110.0,
            115.0,
            116.0,
            117.5,
            117.5,
            109.0,
            104.0,
            111.5,
            111.5,
            120.0,
            125.0,
            123.0,
            120.0,
            122.0,
            111.5,
            104.0,
            106.5,
            100.0,
            101.0,
            92.3,
            96.9,
            97.2,
            102.0,
            103.0,
            103.0,
            105.0,
            103.0,
            106.5,
            110.0,
            115.0,
            125.0,
            135.0,
            131.5,
            128.0,
            131.0,
            138.0,
            142.5,
            140.5,
            134.0,
            130.5,
            129.0,
            129.5,
            134.0,
            139.5,
            142.0,
            142.0,
            146.0,
            143.5,
            138.0,
            134.5,
            133.5,
            134.0,
            133.0,
            127.0,
            128.0,
            130.0,
            128.5,
            126.0,
            127.0,
            128.5,
            131.0,
            131.0,
            127.5,
            129.0,
            129.0,
            128.0,
            128.0,
            129.0
        ],
        "close": [
            130.0,
            138.5,
            134.0,
            124.0,
            121.0,
            118.0,
            111.5,
            122.5,
            121.0,
            117.5,
            123.0,
            114.5,
            116.0,
            118.5,
            116.0,
            115.5,
            114.0,
            114.5,
            114.0,
            117.5,
            122.5,
            121.0,
            118.5,
            118.5,
            121.5,
            120.5,
            119.5,
            117.5,
            113.5,
            114.0,
            114.0,
            114.0,
            114.0,
            115.0,
            113.5,
            112.5,
            112.5,
            110.5,
            107.5,
            106.5,
            108.5,
            108.5,
            108.5,
            111.0,
            108.0,
            108.0,
            108.0,
            106.0,
            105.5,
            102.0,
            108.0,
            105.5,
            106.0,
            106.5,
            104.5,
            104.0,
            105.0,
            107.5,
            98.0,
            102.0,
            103.0,
            103.0,
            103.5,
            104.5,
            107.5,
            106.5,
            105.0,
            109.0,
            107.0,
            108.0,
            108.5,
            106.0,
            109.5,
            120.0,
            119.0,
            122.0,
            122.5,
            117.5,
            110.0,
            107.5,
            112.5,
            122.0,
            126.5,
            131.5,
            124.0,
            132.5,
            123.0,
            114.0,
            116.0,
            108.0,
            100.0,
            102.5,
            92.3,
            100.0,
            99.9,
            105.0,
            105.0,
            106.5,
            105.5,
            106.0,
            112.5,
            115.0,
            126.5,
            138.5,
            137.0,
            134.0,
            132.5,
            140.5,
            148.0,
            145.0,
            141.0,
            134.0,
            136.0,
            131.5,
            135.0,
            144.0,
            142.0,
            142.5,
            149.5,
            148.5,
            144.5,
            139.0,
            135.0,
            135.5,
            139.0,
            133.0,
            129.0,
            133.0,
            131.5,
            129.0,
            128.5,
            128.5,
            132.5,
            132.0,
            132.5,
            128.5,
            132.0,
            130.5,
            128.5,
            129.0,
            130.0
        ],
        "spread": [
            75.0,
            8.5,
            -4.5,
            -10.0,
            -3.0,
            -3.0,
            -6.5,
            11.0,
            -1.5,
            -3.5,
            5.5,
            -8.5,
            1.5,
            2.5,
            -2.5,
            -0.5,
            -1.5,
            0.5,
            -0.5,
            3.5,
            5.0,
            -1.5,
            -2.5,
            0.0,
            3.0,
            -1.0,
            -1.0,
            -2.0,
            -4.0,
            0.5,
            0.0,
            0.0,
            0.0,
            1.0,
            -1.5,
            -1.0,
            0.0,
            -2.0,
            -3.0,
            -1.0,
            2.0,
            0.0,
            0.0,
            2.5,
            -3.0,
            0.0,
            0.0,
            -2.0,
            -0.5,
            -3.5,
            6.0,
            -2.5,
            0.5,
            0.5,
            -2.0,
            -0.5,
            1.0,
            2.5,
            -9.5,
            4.0,
            1.0,
            0.0,
            0.5,
            1.0,
            3.0,
            -1.0,
            -1.5,
            4.0,
            -2.0,
            1.0,
            0.5,
            -2.5,
            3.5,
            10.5,
            -1.0,
            3.0,
            0.5,
            -5.0,
            -7.5,
            -2.5,
            5.0,
            9.5,
            4.5,
            5.0,
            -7.5,
            8.5,
            -9.5,
            -9.0,
            2.0,
            -8.0,
            -8.0,
            2.5,
            -10.2,
            7.7,
            -0.1,
            5.1,
            0.0,
            1.5,
            -1.0,
            0.5,
            6.5,
            2.5,
            11.5,
            12.0,
            -1.5,
            -3.0,
            -1.5,
            8.0,
            7.5,
            -3.0,
            -4.0,
            -7.0,
            2.0,
            -4.5,
            3.5,
            9.0,
            -2.0,
            0.5,
            7.0,
            -1.0,
            -4.0,
            -5.5,
            -4.0,
            0.5,
            3.5,
            -6.0,
            -4.0,
            4.0,
            -1.5,
            -2.5,
            -0.5,
            0.0,
            4.0,
            -0.5,
            0.5,
            -4.0,
            3.5,
            -1.5,
            -2.0,
            0.5,
            1.0
        ],
        "Trading_turnover": [
            1279,
            930,
            437,
            626,
            329,
            260,
            350,
            237,
            464,
            178,
            328,
            591,
            263,
            183,
            109,
            64,
            110,
            62,
            80,
            178,
            244,
            169,
            115,
            73,
            96,
            83,
            64,
            94,
            300,
            94,
            57,
            58,
            52,
            64,
            55,
            89,
            32,
            98,
            153,
            55,
            34,
            31,
            19,
            105,
            45,
            42,
            47,
            52,
            35,
            72,
            95,
            44,
            25,
            27,
            37,
            29,
            32,
            53,
            132,
            103,
            57,
            26,
            41,
            49,
            120,
            57,
            28,
            52,
            63,
            24,
            20,
            25,
            74,
            348,
            236,
            131,
            182,
            146,
            218,
            105,
            112,
            247,
            304,
            334,
            314,
            342,
            282,
            268,
            207,
            139,
            180,
            191,
            244,
            141,
            41,
            59,
            78,
            65,
            60,
            42,
            183,
            118,
            290,
            386,
            377,
            254,
            163,
            215,
            323,
            314,
            233,
            258,
            103,
            134,
            88,
            212,
            123,
            165,
            178,
            135,
            225,
            175,
            221,
            115,
            83,
            127,
            202,
            111,
            44,
            51,
            75,
            38,
            61,
            59,
            59,
            55,
            40,
            46,
            48,
            45,
            32
        ]
    }
}