{
    "msg": "success",
    "status": 200,
    "data": {
        "date": [
            "2019-12-26",
            "2019-12-27",
            "2019-12-30",
            "2019-12-31",
            "2020-01-02",
            "2020-01-03",
            "2020-01-06",
            "2020-01-07",
            "2020-01-08",
            "2020-01-09",
            "2020-01-10",
            "2020-01-13",
            "2020-01-14",
            "2020-01-15",
            "2020-01-16",
            "2020-01-17",
            "2020-01-20",
            "2020-01-30",
            "2020-01-31",
            "2020-02-03",
            "2020-02-04",
            "2020-02-05",
            "2020-02-06",
            "2020-02-07",
            "2020-02-10",
            "2020-02-11",
            "2020-02-12",
            "2020-02-13",
            "2020-02-14",
            "2020-02-17",
            "2020-02-18",
            "2020-02-19",
            "2020-02-20",
            "2020-02-21",
            "2020-02-24",
            "2020-02-25",
            "2020-02-26",
            "2020-02-27",
            "2020-03-02",
            "2020-03-03",
            "2020-03-04",
            "2020-03-05",
            "2020-03-06",
            "2020-03-09",
            "2020-03-10",
            "2020-03-11",
            "2020-03-12",
            "2020-03-13",
            "2020-03-16",
            "2020-03-17",
            "2020-03-18",
            "2020-03-19",
            "2020-03-20",
            "2020-03-23",
            "2020-03-24",
            "2020-03-25",
            "2020-03-26",
            "2020-03-27",
            "2020-03-30",
            "2020-03-31",
            "2020-04-01",
            "2020-04-06",
            "2020-04-07",
            "2020-04-08",
            "2020-04-09",
            "2020-04-10",
            "2020-04-13",
            "2020-04-14",
            "2020-04-15",
            "2020-04-16",
            "2020-04-17",
            "2020-04-20",
            "2020-04-21",
            "2020-04-22",
            "2020-04-23",
            "2020-04-24",
            "2020-04-27",
            "2020-04-28",
            "2020-04-29",
            "2020-04-30",
            "2020-05-04",
            "2020-05-05",
            "2020-05-06",
            "2020-05-07",
            "2020-05-08",
            "2020-05-11",
            "2020-05-12",
            "2020-05-13",
            "2020-05-14",
            "2020-05-15",
            "2020-05-18",
            "2020-05-19",
            "2020-05-20",
            "2020-05-21",
            "2020-05-22",
            "2020-05-25",
            "2020-05-26",
            "2020-05-27",
            "2020-05-28",
            "2020-05-29"
        ],
        "stock_id": [
            "6697",
            "6697",
            "6697",
            "6697",
            "6697",
            "6697",
            "6697",
            "6697",
            "6697",
            "6697",
            "6697",
            "6697",
            "6697",
            "6697",
            "6697",
            "6697",
            "6697",
            "6697",
            "6697",
            "6697",
            "6697",
            "6697",
            "6697",
            "6697",
            "6697",
            "6697",
            "6697",
            "6697",
            "6697",
            "6697",
            "6697",
            "6697",
            "6697",
            "6697",
            "6697",
            "6697",
            "6697",
            "6697",
            "6697",
            "6697",
            "6697",
            "6697",
            "6697",
            "6697",
            "6697",
            "6697",
            "6697",
            "6697",
            "6697",
            "6697",
            "6697",
            "6697",
            "6697",
            "6697",
            "6697",
            "6697",
            "6697",
            "6697",
            "6697",
            "6697",
            "6697",
            "6697",
            "6697",
            "6697",
            "6697",
            "6697",
            "6697",
            "6697",
            "6697",
            "6697",
            "6697",
            "6697",
            "6697",
            "6697",
            "6697",
            "6697",
            "6697",
            "6697",
            "6697",
            "6697",
            "6697",
            "6697",
            "6697",
            "6697",
            "6697",
            "6697",
            "6697",
            "6697",
            "6697",
            "6697",
            "6697",
            "6697",
            "6697",
            "6697",
            "6697",
            "6697",
            "6697",
            "6697",
            "6697",
            "6697"
        ],
        "Trading_Volume": [
            1562000,
            716000,
            325000,
            216000,
            157000,
            344000,
            295000,
            116000,
            128000,
            51000,
            56000,
            81000,
            121000,
            111000,
            80000,
            71000,
            56000,
            131000,
            74000,
            117000,
            85000,
            41000,
            212000,
            236000,
            643000,
            296000,
            346000,
            213000,
            210000,
            179000,
            147000,
            54000,
            75000,
            66000,
            65000,
            93000,
            171000,
            139000,
            192000,
            56000,
            21000,
            52000,
            60000,
            149000,
            67000,
            77000,
            124000,
            209000,
            32000,
            60000,
            61000,
            73000,
            64000,
            28000,
            68000,
            93000,
            28000,
            50000,
            29000,
            33000,
            37000,
            43000,
            55000,
            96000,
            65000,
            75000,
            82000,
            64000,
            69000,
            61000,
            150000,
            50000,
            68000,
            28000,
            41000,
            22000,
            107000,
            46000,
            92000,
            198000,
            157000,
            98000,
            78000,
            46000,
            85000,
            93000,
            151000,
            57000,
            82000,
            17000,
            122000,
            197000,
            442000,
            1063000,
            1047000,
            1114000,
            514000,
            301000,
            203000,
            201000
        ],
        "Trading_money": [
            78616100,
            32759500,
            14363850,
            9411850,
            6828050,
            14488150,
            11672700,
            4483450,
            5035950,
            1995600,
            2184850,
            3195750,
            4851750,
            4500150,
            3233100,
            2832850,
            2213750,
            4680750,
            2564700,
            3811100,
            2848700,
            1385800,
            7747200,
            8909750,
            26408650,
            12008450,
            14444150,
            8883950,
            8478650,
            7363050,
            6051600,
            2198900,
            3069200,
            2717550,
            2670200,
            3817100,
            6884150,
            5470800,
            7124750,
            2119600,
            798600,
            1987150,
            2332750,
            5532000,
            2434950,
            2835750,
            4305900,
            6464350,
            998250,
            1878150,
            1892400,
            2060150,
            1857550,
            772500,
            2077650,
            3040100,
            898900,
            1601500,
            910150,
            1060400,
            1182200,
            1395700,
            1815450,
            3243350,
            2278050,
            2635350,
            2888900,
            2293200,
            2472650,
            2193700,
            5596900,
            1870400,
            2539600,
            1031850,
            1524900,
            812700,
            3997800,
            1721200,
            3456350,
            7796750,
            6345200,
            4014350,
            3218000,
            1885700,
            3490650,
            3815500,
            6019800,
            2210650,
            3106550,
            640950,
            4865450,
            7927150,
            18396700,
            48479400,
            49942150,
            55297750,
            24847100,
            14103250,
            9340100,
            9433150
        ],
        "open": [
            50.6,
            47.5,
            44.6,
            44.3,
            43.2,
            43.5,
            40.7,
            39.3,
            39.0,
            39.0,
            39.2,
            38.8,
            39.5,
            40.35,
            40.65,
            40.25,
            39.9,
            37.0,
            35.8,
            33.4,
            33.5,
            33.45,
            34.0,
            36.95,
            41.1,
            41.0,
            41.0,
            42.8,
            41.3,
            40.6,
            42.1,
            41.1,
            41.1,
            40.9,
            41.0,
            41.0,
            41.0,
            39.2,
            36.9,
            38.6,
            37.9,
            39.0,
            38.9,
            38.2,
            35.55,
            36.85,
            36.2,
            33.0,
            32.4,
            30.6,
            31.15,
            30.4,
            29.65,
            27.4,
            29.9,
            32.15,
            32.5,
            32.55,
            31.0,
            31.4,
            31.1,
            32.6,
            33.5,
            32.8,
            34.85,
            34.9,
            35.6,
            35.95,
            36.2,
            35.3,
            36.5,
            37.4,
            37.75,
            37.05,
            37.2,
            36.7,
            37.7,
            38.1,
            37.5,
            38.4,
            40.4,
            41.5,
            41.0,
            41.05,
            41.2,
            41.9,
            41.0,
            39.9,
            37.65,
            38.2,
            41.4,
            39.5,
            41.2,
            43.8,
            45.8,
            50.0,
            49.35,
            47.5,
            46.0,
            46.0
        ],
        "max": [
            51.8,
            47.5,
            45.5,
            44.35,
            44.0,
            43.5,
            40.8,
            39.3,
            39.95,
            39.5,
            39.25,
            39.95,
            40.3,
            40.8,
            40.65,
            40.25,
            39.95,
            37.0,
            35.8,
            33.5,
            34.0,
            34.25,
            37.0,
            39.45,
            41.1,
            41.2,
            42.95,
            42.8,
            41.3,
            41.65,
            42.1,
            41.1,
            41.3,
            41.45,
            41.6,
            41.5,
            41.0,
            40.0,
            37.95,
            38.6,
            38.25,
            39.0,
            39.7,
            38.2,
            36.95,
            37.6,
            36.2,
            33.05,
            32.4,
            31.75,
            31.8,
            30.4,
            29.65,
            28.3,
            31.0,
            33.5,
            32.5,
            32.55,
            31.9,
            32.35,
            32.25,
            32.65,
            33.5,
            35.9,
            35.8,
            35.6,
            36.5,
            36.4,
            36.25,
            36.45,
            38.4,
            38.0,
            38.35,
            37.4,
            37.8,
            37.3,
            37.7,
            38.1,
            37.9,
            40.6,
            42.0,
            42.0,
            41.8,
            41.45,
            41.65,
            41.9,
            41.0,
            39.9,
            38.95,
            38.2,
            41.4,
            41.0,
            42.5,
            46.75,
            49.45,
            51.0,
            49.45,
            48.0,
            47.8,
            47.8
        ],
        "min": [
            47.8,
            44.65,
            43.7,
            43.0,
            43.15,
            41.5,
            38.75,
            38.3,
            39.0,
            38.85,
            38.65,
            38.8,
            39.5,
            40.1,
            40.2,
            39.5,
            39.2,
            35.4,
            34.2,
            32.0,
            33.0,
            33.45,
            33.9,
            36.5,
            40.5,
            40.1,
            40.75,
            41.1,
            40.05,
            40.6,
            40.6,
            40.5,
            40.7,
            40.8,
            40.45,
            40.5,
            39.65,
            38.85,
            36.9,
            37.5,
            37.8,
            37.9,
            38.15,
            36.7,
            35.55,
            36.35,
            34.0,
            30.6,
            30.8,
            30.6,
            30.05,
            27.2,
            27.8,
            27.4,
            29.9,
            32.0,
            31.55,
            31.85,
            30.4,
            31.4,
            31.1,
            32.2,
            32.75,
            32.6,
            34.5,
            34.8,
            34.9,
            35.5,
            35.5,
            35.2,
            36.45,
            36.65,
            36.55,
            36.35,
            36.6,
            36.35,
            37.1,
            37.2,
            37.2,
            38.3,
            39.0,
            40.2,
            40.55,
            40.7,
            40.3,
            40.7,
            39.4,
            38.0,
            37.65,
            37.45,
            37.65,
            38.65,
            40.9,
            43.8,
            45.5,
            48.0,
            46.95,
            46.0,
            44.3,
            45.2
        ],
        "close": [
            47.95,
            45.05,
            43.9,
            43.1,
            43.5,
            41.5,
            39.3,
            38.6,
            39.1,
            39.2,
            38.65,
            39.4,
            40.3,
            40.55,
            40.2,
            39.9,
            39.3,
            35.4,
            34.3,
            32.3,
            33.45,
            33.65,
            37.0,
            37.4,
            41.1,
            40.3,
            41.55,
            41.3,
            40.45,
            41.2,
            40.65,
            40.75,
            41.05,
            41.0,
            41.6,
            41.0,
            39.85,
            38.9,
            37.4,
            37.95,
            38.2,
            38.4,
            39.1,
            37.1,
            36.8,
            36.4,
            34.0,
            32.55,
            31.0,
            31.35,
            30.05,
            27.25,
            29.1,
            28.25,
            31.0,
            32.5,
            31.85,
            31.9,
            31.85,
            32.15,
            32.2,
            32.6,
            33.0,
            34.75,
            34.7,
            35.35,
            35.7,
            35.5,
            35.5,
            36.35,
            36.6,
            37.75,
            36.7,
            37.2,
            37.2,
            37.0,
            37.5,
            37.35,
            37.8,
            40.55,
            41.3,
            40.5,
            41.05,
            41.0,
            41.0,
            41.0,
            39.45,
            38.65,
            37.65,
            37.65,
            38.55,
            40.9,
            42.5,
            46.75,
            49.4,
            49.35,
            47.5,
            46.0,
            45.6,
            47.3
        ],
        "spread": [
            5.35,
            -2.9,
            -1.15,
            -0.8,
            0.4,
            -2.0,
            -2.2,
            -0.7,
            0.5,
            0.1,
            -0.55,
            0.75,
            0.9,
            0.25,
            -0.35,
            -0.3,
            -0.6,
            -3.9,
            -1.1,
            -2.0,
            1.15,
            0.2,
            3.35,
            0.4,
            3.7,
            -0.8,
            1.25,
            -0.25,
            -0.85,
            0.75,
            -0.55,
            0.1,
            0.3,
            -0.05,
            0.6,
            -0.6,
            -1.15,
            -0.95,
            -1.5,
            0.55,
            0.25,
            0.2,
            0.7,
            -2.0,
            -0.3,
            -0.4,
            -2.4,
            -1.45,
            -1.55,
            0.35,
            -1.3,
            -2.8,
            1.85,
            -0.85,
            2.75,
            1.5,
            -0.65,
            0.05,
            -0.05,
            0.3,
            0.05,
            0.4,
            0.4,
            1.75,
            -0.05,
            0.65,
            0.35,
            -0.2,
            0.0,
            0.85,
            0.25,
            1.15,
            -1.05,
            0.5,
            0.0,
            -0.2,
            0.5,
            -0.15,
            0.45,
            2.75,
            0.75,
            -0.8,
            0.55,
            -0.05,
            0.0,
            0.0,
            -1.55,
            -0.8,
            -1.0,
            0.0,
            0.9,
            2.35,
            1.6,
            4.25,
            2.65,
            -0.05,
            -1.85,
            -1.5,
            -0.4,
            1.7
        ],
        "Trading_turnover": [
            1116,
            559,
            272,
            183,
            140,
            257,
            223,
            93,
            103,
            47,
            42,
            69,
            92,
            82,
            60,
            61,
            50,
            101,
            64,
            91,
            63,
            38,
            131,
            191,
            347,
            221,
            267,
            163,
            154,
            135,
            106,
            46,
            52,
            44,
            55,
            59,
            105,
            96,
            122,
            43,
            19,
            37,
            51,
            108,
            50,
            51,
            95,
            133,
            26,
            50,
            45,
            52,
            46,
            20,
            57,
            63,
            25,
            29,
            24,
            21,
            10,
            29,
            42,
            64,
            55,
            56,
            58,
            52,
            41,
            43,
            100,
            39,
            59,
            26,
            34,
            20,
            72,
            33,
            59,
            141,
            118,
            69,
            63,
            30,
            52,
            64,
            114,
            47,
            60,
            14,
            87,
            151,
            315,
            693,
            667,
            764,
            375,
            218,
            171,
            155
        ]
    }
}