{
    "msg": "success",
    "status": 200,
    "data": {
        "date": [
            "2012-01-07",
            "2019-11-25",
            "2019-11-26",
            "2019-11-27",
            "2019-11-28",
            "2019-11-29",
            "2019-12-02",
            "2019-12-03",
            "2019-12-04",
            "2019-12-05",
            "2019-12-06",
            "2019-12-09",
            "2019-12-10",
            "2019-12-11",
            "2019-12-12",
            "2019-12-13",
            "2019-12-16",
            "2019-12-17",
            "2019-12-18",
            "2019-12-19",
            "2019-12-20",
            "2019-12-23",
            "2019-12-24",
            "2019-12-25",
            "2019-12-26",
            "2019-12-27",
            "2019-12-30",
            "2019-12-31",
            "2020-01-02",
            "2020-01-03",
            "2020-01-06",
            "2020-01-07",
            "2020-01-08",
            "2020-01-09",
            "2020-01-10",
            "2020-01-13",
            "2020-01-14",
            "2020-01-15",
            "2020-01-16",
            "2020-01-17",
            "2020-01-20",
            "2020-01-30",
            "2020-01-31",
            "2020-02-03",
            "2020-02-04",
            "2020-02-05",
            "2020-02-06",
            "2020-02-07",
            "2020-02-10",
            "2020-02-11",
            "2020-02-12",
            "2020-02-13",
            "2020-02-14",
            "2020-02-17",
            "2020-02-18",
            "2020-02-19",
            "2020-02-20",
            "2020-02-21",
            "2020-02-24",
            "2020-02-25",
            "2020-02-26",
            "2020-02-27",
            "2020-03-02",
            "2020-03-03",
            "2020-03-04",
            "2020-03-05",
            "2020-03-06",
            "2020-03-09",
            "2020-03-10",
            "2020-03-11",
            "2020-03-12",
            "2020-03-13",
            "2020-03-16",
            "2020-03-17",
            "2020-03-18",
            "2020-03-19",
            "2020-03-20",
            "2020-03-23",
            "2020-03-24",
            "2020-03-25",
            "2020-03-26",
            "2020-03-27",
            "2020-03-30",
            "2020-03-31",
            "2020-04-01",
            "2020-04-06",
            "2020-04-07",
            "2020-04-08",
            "2020-04-09",
            "2020-04-10",
            "2020-04-13",
            "2020-04-14",
            "2020-04-15",
            "2020-04-16",
            "2020-04-17",
            "2020-04-20",
            "2020-04-21",
            "2020-04-22",
            "2020-04-23",
            "2020-04-24",
            "2020-04-27",
            "2020-04-28",
            "2020-04-29",
            "2020-04-30",
            "2020-05-04",
            "2020-05-05",
            "2020-05-06",
            "2020-05-07",
            "2020-05-08",
            "2020-05-11",
            "2020-05-12",
            "2020-05-13",
            "2020-05-14",
            "2020-05-15",
            "2020-05-18",
            "2020-05-19",
            "2020-05-20",
            "2020-05-21",
            "2020-05-22",
            "2020-05-25",
            "2020-05-26",
            "2020-05-27",
            "2020-05-28",
            "2020-05-29"
        ],
        "stock_id": [
            "6698",
            "6698",
            "6698",
            "6698",
            "6698",
            "6698",
            "6698",
            "6698",
            "6698",
            "6698",
            "6698",
            "6698",
            "6698",
            "6698",
            "6698",
            "6698",
            "6698",
            "6698",
            "6698",
            "6698",
            "6698",
            "6698",
            "6698",
            "6698",
            "6698",
            "6698",
            "6698",
            "6698",
            "6698",
            "6698",
            "6698",
            "6698",
            "6698",
            "6698",
            "6698",
            "6698",
            "6698",
            "6698",
            "6698",
            "6698",
            "6698",
            "6698",
            "6698",
            "6698",
            "6698",
            "6698",
            "6698",
            "6698",
            "6698",
            "6698",
            "6698",
            "6698",
            "6698",
            "6698",
            "6698",
            "6698",
            "6698",
            "6698",
            "6698",
            "6698",
            "6698",
            "6698",
            "6698",
            "6698",
            "6698",
            "6698",
            "6698",
            "6698",
            "6698",
            "6698",
            "6698",
            "6698",
            "6698",
            "6698",
            "6698",
            "6698",
            "6698",
            "6698",
            "6698",
            "6698",
            "6698",
            "6698",
            "6698",
            "6698",
            "6698",
            "6698",
            "6698",
            "6698",
            "6698",
            "6698",
            "6698",
            "6698",
            "6698",
            "6698",
            "6698",
            "6698",
            "6698",
            "6698",
            "6698",
            "6698",
            "6698",
            "6698",
            "6698",
            "6698",
            "6698",
            "6698",
            "6698",
            "6698",
            "6698",
            "6698",
            "6698",
            "6698",
            "6698",
            "6698",
            "6698",
            "6698",
            "6698",
            "6698",
            "6698",
            "6698",
            "6698",
            "6698",
            "6698",
            "6698"
        ],
        "Trading_Volume": [
            221102,
            2317984,
            1767400,
            705250,
            335507,
            404000,
            497050,
            1141614,
            2179926,
            2430360,
            1851288,
            1176267,
            1531550,
            1867033,
            1530861,
            1231410,
            885844,
            852580,
            475800,
            642313,
            1429490,
            2407822,
            1377105,
            1367633,
            1292096,
            1767351,
            1338200,
            581550,
            1022216,
            757400,
            936200,
            730720,
            418100,
            317200,
            885501,
            323233,
            406190,
            342337,
            430380,
            855580,
            661622,
            723784,
            619551,
            923660,
            849210,
            776549,
            1367240,
            687382,
            460999,
            343302,
            245050,
            267565,
            156700,
            509065,
            325150,
            268100,
            158100,
            192150,
            175650,
            108000,
            167300,
            381516,
            258000,
            181000,
            320100,
            198000,
            164450,
            234250,
            329150,
            154300,
            371350,
            674374,
            311500,
            405010,
            567465,
            344150,
            621000,
            121125,
            189300,
            236050,
            155100,
            257030,
            135300,
            93000,
            66825,
            63000,
            209000,
            407220,
            936429,
            487259,
            311020,
            259300,
            257279,
            137000,
            359235,
            183100,
            220000,
            151000,
            144000,
            119500,
            229025,
            194000,
            404575,
            1291917,
            386066,
            289000,
            215006,
            239284,
            281100,
            341070,
            307020,
            130000,
            230033,
            149501,
            136001,
            114055,
            71000,
            115065,
            221200,
            96000,
            81025,
            42000,
            66000,
            152000
        ],
        "Trading_money": [
            11183205,
            169397732,
            131994118,
            51604350,
            24590718,
            29024900,
            35012350,
            85722332,
            168313604,
            197410280,
            150894428,
            96440752,
            126860624,
            165736559,
            139543419,
            111539528,
            80484648,
            78705100,
            43247398,
            57821250,
            131717670,
            234397656,
            135613195,
            136191735,
            128062817,
            167877219,
            122324000,
            53223434,
            92056101,
            68912800,
            81105377,
            62923484,
            35586820,
            27075400,
            71051976,
            26132019,
            32880275,
            27759164,
            34074662,
            65547432,
            51053445,
            52178548,
            43055919,
            57314750,
            52860238,
            51206406,
            100126072,
            50182852,
            31386731,
            24255302,
            17715124,
            19028961,
            11100440,
            36993976,
            23901110,
            19678470,
            11458890,
            13652775,
            12224080,
            7405300,
            11557340,
            25350510,
            16762400,
            12272800,
            20883160,
            12893100,
            10493190,
            14550950,
            20517730,
            9866760,
            21882839,
            35253722,
            15872949,
            18026370,
            23692989,
            12537414,
            23403649,
            4351618,
            7398970,
            10060145,
            6588120,
            10912758,
            5333276,
            3773200,
            2709745,
            2549150,
            9014450,
            19452991,
            49121922,
            24258676,
            14964216,
            12795060,
            12711050,
            6653150,
            18117200,
            9023950,
            10551350,
            7077200,
            6832150,
            5604650,
            11068800,
            9391800,
            21166262,
            73717789,
            21639033,
            16592100,
            12124176,
            13684214,
            15806660,
            18697185,
            17446254,
            7232000,
            12539455,
            7942904,
            7047152,
            5881787,
            3689400,
            6063677,
            11347340,
            4954600,
            4276827,
            2201000,
            3419400,
            8086300
        ],
        "open": [
            51.5,
            72.0,
            73.0,
            73.9,
            74.0,
            72.9,
            73.0,
            69.7,
            77.0,
            79.0,
            81.9,
            83.0,
            81.5,
            84.5,
            90.8,
            91.2,
            89.9,
            93.3,
            91.0,
            91.0,
            90.4,
            94.1,
            97.5,
            100.0,
            99.7,
            97.7,
            91.5,
            90.5,
            91.5,
            92.0,
            88.6,
            85.6,
            85.6,
            85.9,
            80.2,
            81.5,
            81.0,
            82.1,
            80.1,
            78.1,
            76.7,
            72.0,
            71.9,
            61.7,
            61.8,
            63.2,
            72.0,
            73.7,
            66.1,
            68.6,
            71.1,
            71.7,
            70.1,
            71.5,
            73.4,
            74.0,
            73.0,
            71.6,
            70.4,
            66.2,
            68.0,
            69.0,
            65.1,
            67.4,
            66.9,
            66.2,
            65.0,
            63.8,
            60.2,
            65.3,
            61.0,
            52.3,
            53.4,
            44.05,
            44.9,
            38.0,
            36.6,
            34.3,
            36.65,
            41.5,
            43.5,
            42.3,
            38.0,
            40.0,
            40.35,
            40.8,
            41.55,
            45.8,
            51.5,
            51.0,
            49.9,
            48.5,
            49.8,
            49.4,
            50.0,
            49.5,
            49.2,
            46.5,
            48.25,
            47.95,
            47.0,
            48.4,
            50.2,
            55.5,
            55.1,
            59.9,
            57.0,
            55.9,
            57.1,
            55.0,
            55.5,
            55.0,
            55.6,
            54.3,
            52.8,
            52.5,
            51.4,
            53.5,
            52.4,
            50.1,
            52.5,
            52.8,
            52.0,
            51.0
        ],
        "max": [
            51.9,
            75.1,
            76.5,
            74.0,
            74.0,
            72.9,
            73.0,
            76.6,
            81.0,
            83.5,
            82.7,
            83.0,
            85.8,
            90.4,
            94.1,
            92.8,
            92.0,
            95.0,
            92.0,
            91.6,
            93.5,
            100.0,
            100.0,
            101.0,
            101.5,
            98.2,
            93.9,
            92.4,
            91.9,
            93.8,
            89.1,
            88.0,
            86.5,
            86.5,
            82.2,
            81.9,
            82.0,
            83.1,
            80.2,
            78.6,
            81.7,
            73.2,
            73.0,
            63.5,
            63.9,
            68.5,
            75.3,
            75.5,
            70.1,
            71.8,
            73.0,
            72.8,
            71.7,
            73.9,
            75.4,
            74.4,
            73.0,
            71.6,
            70.5,
            69.8,
            69.8,
            69.0,
            66.9,
            68.8,
            66.9,
            66.2,
            65.0,
            63.8,
            65.1,
            65.5,
            61.0,
            53.9,
            55.6,
            47.0,
            44.9,
            38.0,
            38.8,
            37.05,
            40.0,
            43.25,
            43.6,
            43.25,
            39.9,
            41.65,
            40.95,
            40.9,
            44.6,
            49.05,
            53.9,
            51.0,
            49.9,
            51.3,
            50.0,
            49.4,
            51.7,
            50.2,
            49.2,
            48.45,
            48.8,
            47.95,
            49.2,
            49.2,
            53.5,
            58.7,
            58.5,
            59.9,
            57.2,
            57.9,
            57.2,
            56.0,
            57.9,
            56.5,
            55.6,
            54.5,
            52.8,
            53.0,
            52.5,
            53.5,
            52.5,
            52.8,
            53.2,
            52.9,
            52.5,
            54.3
        ],
        "min": [
            49.4,
            70.2,
            73.0,
            72.1,
            72.8,
            71.2,
            69.6,
            69.6,
            74.6,
            78.8,
            80.7,
            81.0,
            80.2,
            84.5,
            88.2,
            89.1,
            89.2,
            91.0,
            90.1,
            89.0,
            89.0,
            94.1,
            96.7,
            98.2,
            97.4,
            93.5,
            90.4,
            90.5,
            87.9,
            89.1,
            85.0,
            84.3,
            84.2,
            84.6,
            78.3,
            80.0,
            80.1,
            80.1,
            78.6,
            75.1,
            74.9,
            72.0,
            67.5,
            61.7,
            61.3,
            62.0,
            70.5,
            71.0,
            66.1,
            68.6,
            71.1,
            70.0,
            69.9,
            70.1,
            72.8,
            72.7,
            72.1,
            70.6,
            68.5,
            66.2,
            68.0,
            65.1,
            63.8,
            66.6,
            64.5,
            64.5,
            63.2,
            61.4,
            59.5,
            63.0,
            56.7,
            52.2,
            48.4,
            43.9,
            39.8,
            36.1,
            36.6,
            34.3,
            36.65,
            41.5,
            41.5,
            41.0,
            38.0,
            40.0,
            40.35,
            40.0,
            41.3,
            45.6,
            50.5,
            48.6,
            47.2,
            48.0,
            48.7,
            48.0,
            49.4,
            48.2,
            47.0,
            45.85,
            46.55,
            46.7,
            47.0,
            48.0,
            49.55,
            55.4,
            54.3,
            56.1,
            56.0,
            55.9,
            55.5,
            54.3,
            55.5,
            55.0,
            53.5,
            52.4,
            51.1,
            51.1,
            51.4,
            52.0,
            50.3,
            50.1,
            52.5,
            52.0,
            51.2,
            51.0
        ],
        "close": [
            51.9,
            73.0,
            74.0,
            74.0,
            73.1,
            71.3,
            69.7,
            76.6,
            80.9,
            82.5,
            82.5,
            81.0,
            83.9,
            89.7,
            90.1,
            89.1,
            92.0,
            91.3,
            90.5,
            89.0,
            93.0,
            97.5,
            99.0,
            98.8,
            97.7,
            93.8,
            90.6,
            91.3,
            91.9,
            89.5,
            85.4,
            87.2,
            84.6,
            84.7,
            80.6,
            81.0,
            81.8,
            80.1,
            78.6,
            76.8,
            80.0,
            72.0,
            68.5,
            61.8,
            62.3,
            68.5,
            75.3,
            72.4,
            68.1,
            71.0,
            72.1,
            70.0,
            70.6,
            73.6,
            73.0,
            72.9,
            72.1,
            71.0,
            69.1,
            69.1,
            68.8,
            65.3,
            65.9,
            66.8,
            64.8,
            64.9,
            63.9,
            61.4,
            64.9,
            63.0,
            57.9,
            53.4,
            48.6,
            44.2,
            40.1,
            36.1,
            38.0,
            36.95,
            39.4,
            42.9,
            42.3,
            41.55,
            39.9,
            40.3,
            40.6,
            40.55,
            44.6,
            49.05,
            52.5,
            50.0,
            47.85,
            49.8,
            49.4,
            48.9,
            49.5,
            49.8,
            47.3,
            48.0,
            47.7,
            47.0,
            48.4,
            48.7,
            53.5,
            58.0,
            57.5,
            57.0,
            56.2,
            57.2,
            55.9,
            55.5,
            56.6,
            56.0,
            53.5,
            52.8,
            51.4,
            51.9,
            52.5,
            52.8,
            51.0,
            52.5,
            52.8,
            52.0,
            51.2,
            53.0
        ],
        "spread": [
            -0.6,
            0.0,
            1.0,
            0.0,
            -0.9,
            -1.8,
            -1.6,
            6.9,
            4.3,
            1.6,
            0.0,
            -1.5,
            2.9,
            5.8,
            0.4,
            -1.0,
            2.9,
            -0.7,
            -0.8,
            -1.5,
            4.0,
            4.5,
            1.5,
            -0.2,
            -1.1,
            -3.9,
            -3.2,
            0.7,
            0.6,
            -2.4,
            -4.1,
            1.8,
            -2.6,
            0.1,
            -4.1,
            0.4,
            0.8,
            -1.7,
            -1.5,
            -1.8,
            3.2,
            -8.0,
            -3.5,
            -6.7,
            0.5,
            6.2,
            6.8,
            -2.9,
            -4.3,
            2.9,
            1.1,
            -2.1,
            0.6,
            3.0,
            -0.6,
            -0.1,
            -0.8,
            -1.1,
            -1.9,
            0.0,
            -0.3,
            -3.5,
            0.6,
            0.9,
            -2.0,
            0.1,
            -1.0,
            -2.5,
            3.5,
            -1.9,
            -5.1,
            -4.5,
            -4.8,
            -4.4,
            -4.1,
            -4.0,
            1.9,
            -1.05,
            2.45,
            3.5,
            -0.6,
            -0.75,
            -1.65,
            0.4,
            0.3,
            -0.05,
            4.05,
            4.45,
            3.45,
            -2.5,
            -2.15,
            1.95,
            -0.4,
            -0.5,
            0.6,
            0.3,
            -2.5,
            0.7,
            -0.3,
            -0.7,
            1.4,
            0.3,
            4.8,
            4.5,
            -0.5,
            -0.5,
            -0.8,
            1.0,
            -1.3,
            -0.4,
            1.1,
            -0.6,
            -2.5,
            -0.7,
            -1.4,
            0.5,
            0.6,
            0.3,
            -1.8,
            1.5,
            0.3,
            -0.8,
            -0.8,
            1.8
        ],
        "Trading_turnover": [
            176,
            1627,
            1233,
            554,
            272,
            324,
            356,
            737,
            1494,
            1587,
            1045,
            835,
            1169,
            1437,
            1197,
            927,
            687,
            658,
            389,
            444,
            1095,
            1759,
            971,
            1085,
            959,
            1434,
            1044,
            460,
            831,
            629,
            727,
            521,
            373,
            254,
            695,
            245,
            344,
            271,
            381,
            655,
            518,
            474,
            491,
            574,
            666,
            588,
            909,
            596,
            381,
            278,
            219,
            235,
            127,
            410,
            267,
            218,
            136,
            153,
            141,
            84,
            111,
            286,
            202,
            151,
            237,
            165,
            152,
            204,
            262,
            138,
            278,
            434,
            233,
            285,
            435,
            284,
            436,
            113,
            156,
            191,
            122,
            194,
            103,
            79,
            59,
            55,
            142,
            282,
            714,
            378,
            236,
            212,
            194,
            113,
            296,
            142,
            195,
            128,
            109,
            104,
            199,
            165,
            303,
            946,
            314,
            256,
            180,
            185,
            212,
            254,
            229,
            96,
            198,
            130,
            97,
            89,
            58,
            100,
            159,
            74,
            68,
            41,
            54,
            131
        ]
    }
}