{
    "msg": "success",
    "status": 200,
    "data": {
        "date": [
            "2012-01-07",
            "2019-12-19",
            "2019-12-20",
            "2019-12-23",
            "2019-12-24",
            "2019-12-25",
            "2019-12-26",
            "2019-12-27",
            "2019-12-30",
            "2019-12-31",
            "2020-01-02",
            "2020-01-03",
            "2020-01-06",
            "2020-01-07",
            "2020-01-08",
            "2020-01-09",
            "2020-01-10",
            "2020-01-13",
            "2020-01-14",
            "2020-01-15",
            "2020-01-16",
            "2020-01-17",
            "2020-01-20",
            "2020-01-30",
            "2020-01-31",
            "2020-02-03",
            "2020-02-04",
            "2020-02-05",
            "2020-02-06",
            "2020-02-07",
            "2020-02-10",
            "2020-02-11",
            "2020-02-12",
            "2020-02-13",
            "2020-02-14",
            "2020-02-17",
            "2020-02-18",
            "2020-02-19",
            "2020-02-20",
            "2020-02-21",
            "2020-02-24",
            "2020-02-25",
            "2020-02-26",
            "2020-02-27",
            "2020-03-02",
            "2020-03-03",
            "2020-03-04",
            "2020-03-05",
            "2020-03-06",
            "2020-03-09",
            "2020-03-10",
            "2020-03-11",
            "2020-03-12",
            "2020-03-13",
            "2020-03-16",
            "2020-03-17",
            "2020-03-18",
            "2020-03-19",
            "2020-03-20",
            "2020-03-23",
            "2020-03-24",
            "2020-03-25",
            "2020-03-26",
            "2020-03-27",
            "2020-03-30",
            "2020-03-31",
            "2020-04-01",
            "2020-04-06",
            "2020-04-07",
            "2020-04-08",
            "2020-04-09",
            "2020-04-10",
            "2020-04-13",
            "2020-04-14",
            "2020-04-15",
            "2020-04-16",
            "2020-04-17",
            "2020-04-20",
            "2020-04-21",
            "2020-04-22",
            "2020-04-23",
            "2020-04-24",
            "2020-04-27",
            "2020-04-28",
            "2020-04-29",
            "2020-04-30",
            "2020-05-04",
            "2020-05-05",
            "2020-05-06",
            "2020-05-07",
            "2020-05-08",
            "2020-05-11",
            "2020-05-12",
            "2020-05-13",
            "2020-05-14",
            "2020-05-15",
            "2020-05-18",
            "2020-05-19",
            "2020-05-20",
            "2020-05-21",
            "2020-05-22",
            "2020-05-25",
            "2020-05-26",
            "2020-05-27",
            "2020-05-28",
            "2020-05-29"
        ],
        "stock_id": [
            "6706",
            "6706",
            "6706",
            "6706",
            "6706",
            "6706",
            "6706",
            "6706",
            "6706",
            "6706",
            "6706",
            "6706",
            "6706",
            "6706",
            "6706",
            "6706",
            "6706",
            "6706",
            "6706",
            "6706",
            "6706",
            "6706",
            "6706",
            "6706",
            "6706",
            "6706",
            "6706",
            "6706",
            "6706",
            "6706",
            "6706",
            "6706",
            "6706",
            "6706",
            "6706",
            "6706",
            "6706",
            "6706",
            "6706",
            "6706",
            "6706",
            "6706",
            "6706",
            "6706",
            "6706",
            "6706",
            "6706",
            "6706",
            "6706",
            "6706",
            "6706",
            "6706",
            "6706",
            "6706",
            "6706",
            "6706",
            "6706",
            "6706",
            "6706",
            "6706",
            "6706",
            "6706",
            "6706",
            "6706",
            "6706",
            "6706",
            "6706",
            "6706",
            "6706",
            "6706",
            "6706",
            "6706",
            "6706",
            "6706",
            "6706",
            "6706",
            "6706",
            "6706",
            "6706",
            "6706",
            "6706",
            "6706",
            "6706",
            "6706",
            "6706",
            "6706",
            "6706",
            "6706",
            "6706",
            "6706",
            "6706",
            "6706",
            "6706",
            "6706",
            "6706",
            "6706",
            "6706",
            "6706",
            "6706",
            "6706",
            "6706",
            "6706",
            "6706",
            "6706",
            "6706",
            "6706"
        ],
        "Trading_Volume": [
            1913546,
            3030170,
            4797249,
            4124548,
            2528444,
            4756048,
            3706538,
            4151136,
            3374254,
            2066642,
            3967596,
            3940598,
            2229146,
            2362187,
            2272753,
            1246978,
            2139060,
            1280600,
            2301515,
            1704687,
            1174695,
            1140188,
            2214867,
            1553614,
            1930800,
            1769389,
            2175550,
            1533143,
            2079551,
            1722701,
            816101,
            789327,
            1643638,
            1626687,
            653250,
            2201340,
            1204270,
            1280903,
            1297864,
            1793485,
            738200,
            855851,
            559520,
            2585726,
            1447574,
            1116661,
            982482,
            2167341,
            709350,
            1343535,
            1961828,
            1417993,
            1254689,
            1274063,
            1078470,
            850220,
            999601,
            1222959,
            1320113,
            904963,
            1424412,
            1451892,
            1029110,
            1211172,
            576180,
            586300,
            530460,
            1476500,
            2118548,
            1782125,
            3402681,
            1372457,
            1892293,
            1062285,
            815160,
            695015,
            1210188,
            2168802,
            3506105,
            2445101,
            1753776,
            1210350,
            3333856,
            2203631,
            1171630,
            1149098,
            913277,
            1101617,
            3185066,
            4822367,
            4534116,
            5744325,
            5771912,
            4602367,
            3108677,
            3314868,
            2790083,
            3500732,
            5192045,
            5742611,
            2743398,
            2455122,
            3706324,
            2332757,
            2067655,
            1289817
        ],
        "Trading_money": [
            284386717,
            245047246,
            413640069,
            386193025,
            243704124,
            500057280,
            411950587,
            505987691,
            412758348,
            242781256,
            501450177,
            523176325,
            282876542,
            304393123,
            278275230,
            152467816,
            249693960,
            148157400,
            287860920,
            210195875,
            147179070,
            142225188,
            283359906,
            182103026,
            214328400,
            184308426,
            231205800,
            159983729,
            225685263,
            183487007,
            85039610,
            84823650,
            183156769,
            180218724,
            71686125,
            251500600,
            136821280,
            146580794,
            146685132,
            193680122,
            77349500,
            89731355,
            58663120,
            254907864,
            132999056,
            106083902,
            89531339,
            209515638,
            66484000,
            119586646,
            162635336,
            126351732,
            103109700,
            96797603,
            84596065,
            62760611,
            70484146,
            75290418,
            82219213,
            53500386,
            90128515,
            98698456,
            68741435,
            83116689,
            37393340,
            39262550,
            35470434,
            102387248,
            156148625,
            139639274,
            293750552,
            115740653,
            151765626,
            84864669,
            65453630,
            55418015,
            98776412,
            183067254,
            310606391,
            216752191,
            158242814,
            106058000,
            310796685,
            203736910,
            107956190,
            106304794,
            82219809,
            101039697,
            302439634,
            511993318,
            533369304,
            696488500,
            728672884,
            604389590,
            406812479,
            416454368,
            363143827,
            464234949,
            744250635,
            864921594,
            410496597,
            355905312,
            571336544,
            357135064,
            317431196,
            197650726
        ],
        "open": [
            145.0,
            80.0,
            81.1,
            91.3,
            94.9,
            99.0,
            111.0,
            114.0,
            126.0,
            120.5,
            119.0,
            133.0,
            128.0,
            130.0,
            123.0,
            123.0,
            122.5,
            116.0,
            121.0,
            124.0,
            123.0,
            127.0,
            125.0,
            116.5,
            117.0,
            105.5,
            106.5,
            104.0,
            105.0,
            108.0,
            102.0,
            107.0,
            107.0,
            113.0,
            107.5,
            109.0,
            114.0,
            111.5,
            116.0,
            109.0,
            104.0,
            103.0,
            104.5,
            104.5,
            86.6,
            95.1,
            92.7,
            93.0,
            95.0,
            91.3,
            82.0,
            89.8,
            85.6,
            73.8,
            80.0,
            70.7,
            74.4,
            64.9,
            62.9,
            59.3,
            60.5,
            66.0,
            68.4,
            70.5,
            64.2,
            67.4,
            66.1,
            67.2,
            72.0,
            73.0,
            85.3,
            85.4,
            81.7,
            78.5,
            81.0,
            78.9,
            82.9,
            81.6,
            86.2,
            87.1,
            92.0,
            88.0,
            88.0,
            94.0,
            91.6,
            93.4,
            88.2,
            90.7,
            91.6,
            100.0,
            116.5,
            123.0,
            120.5,
            130.0,
            131.5,
            131.0,
            128.0,
            131.5,
            139.0,
            145.0,
            150.0,
            148.0,
            147.0,
            156.0,
            153.5,
            153.5
        ],
        "max": [
            153.0,
            83.5,
            91.5,
            97.9,
            98.0,
            111.0,
            115.0,
            126.5,
            126.5,
            121.0,
            129.5,
            138.0,
            130.0,
            132.0,
            126.5,
            125.0,
            122.5,
            119.5,
            129.0,
            126.5,
            128.0,
            127.0,
            130.0,
            120.0,
            118.5,
            107.0,
            110.5,
            106.5,
            113.0,
            109.5,
            106.5,
            108.5,
            114.5,
            113.5,
            111.0,
            117.0,
            116.0,
            116.0,
            116.5,
            111.0,
            106.0,
            107.5,
            106.0,
            105.0,
            94.3,
            99.4,
            93.6,
            99.0,
            95.0,
            91.8,
            86.5,
            91.0,
            85.6,
            81.7,
            81.4,
            76.8,
            74.4,
            64.9,
            66.2,
            61.0,
            64.6,
            69.8,
            68.7,
            70.7,
            67.4,
            68.1,
            68.2,
            72.4,
            77.4,
            81.4,
            88.9,
            86.6,
            82.6,
            81.0,
            81.3,
            80.7,
            83.3,
            87.4,
            92.4,
            91.0,
            92.8,
            89.0,
            95.9,
            94.1,
            93.4,
            93.9,
            91.3,
            93.6,
            99.0,
            108.5,
            119.0,
            128.0,
            132.0,
            136.5,
            134.5,
            131.0,
            135.0,
            137.0,
            147.5,
            160.0,
            153.5,
            150.5,
            160.0,
            158.5,
            158.0,
            155.5
        ],
        "min": [
            141.5,
            79.0,
            81.1,
            90.0,
            94.3,
            99.0,
            108.0,
            113.0,
            118.5,
            115.0,
            118.5,
            127.0,
            123.5,
            125.0,
            120.0,
            120.0,
            114.0,
            116.0,
            120.5,
            121.0,
            121.0,
            123.0,
            124.0,
            116.5,
            105.0,
            102.5,
            102.5,
            102.5,
            103.5,
            104.5,
            101.0,
            106.0,
            107.0,
            108.5,
            107.5,
            108.5,
            111.0,
            111.5,
            111.0,
            106.0,
            103.0,
            103.0,
            104.0,
            94.4,
            86.6,
            93.0,
            89.6,
            93.0,
            93.0,
            87.3,
            80.9,
            86.0,
            80.1,
            73.8,
            75.0,
            70.7,
            66.9,
            60.5,
            62.9,
            58.5,
            60.5,
            66.0,
            65.4,
            66.4,
            63.2,
            65.8,
            65.1,
            66.3,
            71.3,
            72.5,
            84.1,
            82.0,
            78.2,
            78.5,
            79.6,
            78.0,
            79.6,
            80.5,
            84.7,
            85.3,
            88.3,
            86.8,
            88.0,
            91.0,
            91.2,
            91.6,
            88.1,
            90.6,
            90.9,
            99.0,
            114.0,
            115.0,
            118.0,
            125.5,
            127.5,
            120.5,
            124.0,
            127.0,
            137.0,
            143.0,
            146.5,
            140.0,
            146.5,
            148.0,
            148.5,
            150.0
        ],
        "close": [
            152.5,
            80.5,
            91.4,
            96.1,
            96.5,
            111.0,
            115.0,
            126.5,
            122.0,
            118.0,
            129.5,
            134.0,
            126.0,
            130.0,
            120.0,
            122.0,
            116.0,
            118.0,
            128.0,
            124.0,
            126.0,
            123.0,
            129.0,
            116.5,
            113.5,
            106.0,
            107.0,
            103.0,
            113.0,
            105.5,
            104.5,
            107.5,
            113.0,
            109.0,
            109.5,
            114.5,
            112.5,
            115.0,
            112.0,
            106.5,
            106.0,
            105.0,
            104.0,
            94.6,
            92.0,
            93.5,
            91.1,
            96.5,
            93.5,
            87.5,
            86.5,
            87.0,
            81.7,
            81.7,
            75.5,
            73.3,
            67.2,
            60.5,
            65.0,
            58.8,
            64.6,
            67.8,
            67.8,
            66.4,
            66.5,
            66.0,
            66.9,
            71.9,
            74.0,
            81.4,
            85.4,
            84.8,
            78.2,
            79.7,
            80.1,
            80.5,
            80.4,
            87.0,
            87.9,
            91.0,
            89.0,
            87.2,
            95.0,
            92.0,
            92.7,
            92.7,
            90.3,
            90.6,
            99.0,
            108.5,
            119.0,
            120.0,
            132.0,
            136.5,
            128.0,
            126.0,
            130.5,
            134.5,
            147.5,
            151.0,
            147.5,
            146.0,
            154.5,
            150.0,
            154.0,
            153.5
        ],
        "spread": [
            2.0,
            0.0,
            10.9,
            4.7,
            0.4,
            14.5,
            4.0,
            11.5,
            -4.5,
            -4.0,
            11.5,
            4.5,
            -8.0,
            4.0,
            -10.0,
            2.0,
            -6.0,
            2.0,
            10.0,
            -4.0,
            2.0,
            -3.0,
            6.0,
            -12.5,
            -3.0,
            -7.5,
            1.0,
            -4.0,
            10.0,
            -7.5,
            -1.0,
            3.0,
            5.5,
            -4.0,
            0.5,
            5.0,
            -2.0,
            2.5,
            -3.0,
            -5.5,
            -0.5,
            -1.0,
            -1.0,
            -9.4,
            -2.6,
            1.5,
            -2.4,
            5.4,
            -3.0,
            -6.0,
            -1.0,
            0.5,
            -5.3,
            0.0,
            -6.2,
            -2.2,
            -6.1,
            -6.7,
            4.5,
            -6.2,
            5.8,
            3.2,
            0.0,
            -1.4,
            0.1,
            -0.5,
            0.9,
            5.0,
            2.1,
            7.4,
            4.0,
            -0.6,
            -6.6,
            1.5,
            0.4,
            0.4,
            -0.1,
            6.6,
            0.9,
            3.1,
            -2.0,
            -1.8,
            7.8,
            -3.0,
            0.7,
            0.0,
            -2.4,
            0.3,
            8.4,
            9.5,
            10.5,
            1.0,
            12.0,
            4.5,
            -8.5,
            -2.0,
            4.5,
            4.0,
            13.0,
            3.5,
            -3.5,
            -1.5,
            8.5,
            -4.5,
            4.0,
            -0.5
        ],
        "Trading_turnover": [
            1506,
            1975,
            3283,
            2967,
            1952,
            3218,
            2826,
            3032,
            2669,
            1774,
            2710,
            3177,
            1731,
            1866,
            1857,
            1057,
            1690,
            750,
            1844,
            1389,
            925,
            767,
            1619,
            1214,
            1551,
            1302,
            1485,
            1157,
            1498,
            1390,
            646,
            664,
            1342,
            1269,
            530,
            1627,
            959,
            977,
            1043,
            1477,
            559,
            669,
            443,
            1957,
            1095,
            899,
            815,
            1588,
            586,
            1092,
            1382,
            1166,
            984,
            895,
            849,
            622,
            803,
            844,
            773,
            684,
            934,
            1019,
            724,
            903,
            404,
            435,
            431,
            1034,
            1590,
            1139,
            2435,
            1097,
            1460,
            834,
            657,
            536,
            956,
            1699,
            2533,
            1882,
            1356,
            871,
            2367,
            1644,
            944,
            884,
            749,
            949,
            2400,
            3226,
            2366,
            3778,
            3712,
            3458,
            2368,
            2385,
            2157,
            2651,
            3361,
            4084,
            2234,
            1855,
            2917,
            1852,
            1589,
            933
        ]
    }
}