{
    "msg": "success",
    "status": 200,
    "data": {
        "date": [
            "2012-01-07",
            "2019-12-12",
            "2019-12-13",
            "2019-12-16",
            "2019-12-17",
            "2019-12-18",
            "2019-12-19",
            "2019-12-20",
            "2019-12-23",
            "2019-12-24",
            "2019-12-25",
            "2019-12-26",
            "2019-12-27",
            "2019-12-30",
            "2019-12-31",
            "2020-01-02",
            "2020-01-03",
            "2020-01-06",
            "2020-01-07",
            "2020-01-08",
            "2020-01-09",
            "2020-01-10",
            "2020-01-13",
            "2020-01-14",
            "2020-01-15",
            "2020-01-16",
            "2020-01-17",
            "2020-01-20",
            "2020-01-30",
            "2020-01-31",
            "2020-02-03",
            "2020-02-04",
            "2020-02-05",
            "2020-02-06",
            "2020-02-07",
            "2020-02-10",
            "2020-02-11",
            "2020-02-12",
            "2020-02-13",
            "2020-02-14",
            "2020-02-17",
            "2020-02-18",
            "2020-02-19",
            "2020-02-20",
            "2020-02-21",
            "2020-02-24",
            "2020-02-25",
            "2020-02-26",
            "2020-02-27",
            "2020-03-02",
            "2020-03-03",
            "2020-03-04",
            "2020-03-05",
            "2020-03-06",
            "2020-03-09",
            "2020-03-10",
            "2020-03-11",
            "2020-03-12",
            "2020-03-13",
            "2020-03-16",
            "2020-03-17",
            "2020-03-18",
            "2020-03-19",
            "2020-03-20",
            "2020-03-23",
            "2020-03-24",
            "2020-03-25",
            "2020-03-26",
            "2020-03-27",
            "2020-03-30",
            "2020-03-31",
            "2020-04-01",
            "2020-04-06",
            "2020-04-07",
            "2020-04-08",
            "2020-04-09",
            "2020-04-10",
            "2020-04-13",
            "2020-04-14",
            "2020-04-15",
            "2020-04-16",
            "2020-04-17",
            "2020-04-20",
            "2020-04-21",
            "2020-04-22",
            "2020-04-23",
            "2020-04-24",
            "2020-04-27",
            "2020-04-28",
            "2020-04-29",
            "2020-04-30",
            "2020-05-04",
            "2020-05-05",
            "2020-05-06",
            "2020-05-07",
            "2020-05-08",
            "2020-05-11",
            "2020-05-12",
            "2020-05-13",
            "2020-05-14",
            "2020-05-15",
            "2020-05-18",
            "2020-05-19",
            "2020-05-20",
            "2020-05-21",
            "2020-05-22",
            "2020-05-25",
            "2020-05-26",
            "2020-05-27",
            "2020-05-28",
            "2020-05-29"
        ],
        "stock_id": [
            "6715",
            "6715",
            "6715",
            "6715",
            "6715",
            "6715",
            "6715",
            "6715",
            "6715",
            "6715",
            "6715",
            "6715",
            "6715",
            "6715",
            "6715",
            "6715",
            "6715",
            "6715",
            "6715",
            "6715",
            "6715",
            "6715",
            "6715",
            "6715",
            "6715",
            "6715",
            "6715",
            "6715",
            "6715",
            "6715",
            "6715",
            "6715",
            "6715",
            "6715",
            "6715",
            "6715",
            "6715",
            "6715",
            "6715",
            "6715",
            "6715",
            "6715",
            "6715",
            "6715",
            "6715",
            "6715",
            "6715",
            "6715",
            "6715",
            "6715",
            "6715",
            "6715",
            "6715",
            "6715",
            "6715",
            "6715",
            "6715",
            "6715",
            "6715",
            "6715",
            "6715",
            "6715",
            "6715",
            "6715",
            "6715",
            "6715",
            "6715",
            "6715",
            "6715",
            "6715",
            "6715",
            "6715",
            "6715",
            "6715",
            "6715",
            "6715",
            "6715",
            "6715",
            "6715",
            "6715",
            "6715",
            "6715",
            "6715",
            "6715",
            "6715",
            "6715",
            "6715",
            "6715",
            "6715",
            "6715",
            "6715",
            "6715",
            "6715",
            "6715",
            "6715",
            "6715",
            "6715",
            "6715",
            "6715",
            "6715",
            "6715",
            "6715",
            "6715",
            "6715",
            "6715",
            "6715",
            "6715",
            "6715",
            "6715",
            "6715",
            "6715"
        ],
        "Trading_Volume": [
            495400,
            1903223,
            1106050,
            354000,
            318300,
            285210,
            516753,
            314254,
            146738,
            276425,
            164489,
            132521,
            589204,
            219190,
            190100,
            499428,
            386000,
            211050,
            194400,
            94000,
            2004200,
            454133,
            113157,
            2002127,
            1798500,
            1281868,
            1208572,
            761892,
            958700,
            680300,
            409300,
            284350,
            169170,
            347159,
            1885360,
            1058205,
            1361750,
            940460,
            825134,
            2552753,
            1689389,
            1306712,
            1601611,
            1161935,
            749049,
            778665,
            843814,
            501300,
            977612,
            421666,
            606300,
            407950,
            444544,
            242060,
            727903,
            686853,
            459240,
            889157,
            636240,
            362000,
            400000,
            313103,
            392261,
            316824,
            241010,
            184000,
            254050,
            165040,
            198220,
            329015,
            254000,
            140210,
            458800,
            537813,
            253150,
            253050,
            150050,
            200160,
            272000,
            196421,
            99265,
            256139,
            78000,
            170135,
            74214,
            70000,
            57050,
            183300,
            128010,
            171047,
            165438,
            95329,
            118200,
            184119,
            343350,
            303111,
            197345,
            678116,
            362011,
            405121,
            316180,
            538359,
            382329,
            901278,
            1914633,
            1488671,
            961019,
            1138343,
            648569,
            1156867,
            329382
        ],
        "Trading_money": [
            66044700,
            178405204,
            100682150,
            32253199,
            29274789,
            26034692,
            48145800,
            28684114,
            13270993,
            24612396,
            14614213,
            11768655,
            54050208,
            20154742,
            17400370,
            46840500,
            35391800,
            18971600,
            17205019,
            8310900,
            171859719,
            41635568,
            10339911,
            195154222,
            180968744,
            134615008,
            129522776,
            80877444,
            93092208,
            65555500,
            38442029,
            27573650,
            16096650,
            33540778,
            193282459,
            108125921,
            145634867,
            100420450,
            85575503,
            282918960,
            188664650,
            144881540,
            183225376,
            134684395,
            85931154,
            86154650,
            92960354,
            54766350,
            101672066,
            42666466,
            62695900,
            40930400,
            45922848,
            24524680,
            69723476,
            61769448,
            42111148,
            73600674,
            47203116,
            28071400,
            28485200,
            22086210,
            24916743,
            21757503,
            16108749,
            13093300,
            19205795,
            11976188,
            14686076,
            23518000,
            19026600,
            10455250,
            36698400,
            45910618,
            21835330,
            22159105,
            13032205,
            17280720,
            24290500,
            17623473,
            8869379,
            23199581,
            6882100,
            14730850,
            6320538,
            6163700,
            5016700,
            16623500,
            11644650,
            15788306,
            15646772,
            8950888,
            11188560,
            17496712,
            34398550,
            30452586,
            19914900,
            70029696,
            36461744,
            41085060,
            32001960,
            56063259,
            39806716,
            97072914,
            224181093,
            178644178,
            113397940,
            140940904,
            79779556,
            134307770,
            38094503
        ],
        "open": [
            135.0,
            92.0,
            93.2,
            90.1,
            92.1,
            91.9,
            91.6,
            92.1,
            91.2,
            90.1,
            88.0,
            89.0,
            88.8,
            93.7,
            91.6,
            91.0,
            92.9,
            90.6,
            89.9,
            88.3,
            88.1,
            89.2,
            90.8,
            92.7,
            98.0,
            102.0,
            105.5,
            108.0,
            96.4,
            95.0,
            93.6,
            95.5,
            95.5,
            94.5,
            98.0,
            100.5,
            104.0,
            109.0,
            104.0,
            104.5,
            109.0,
            111.0,
            109.0,
            116.0,
            116.5,
            111.0,
            106.0,
            109.0,
            110.0,
            97.4,
            104.5,
            103.0,
            102.5,
            101.5,
            99.3,
            89.5,
            92.3,
            88.0,
            73.3,
            79.0,
            67.5,
            72.1,
            67.0,
            65.0,
            65.5,
            69.1,
            74.5,
            73.8,
            75.0,
            70.6,
            74.9,
            73.5,
            76.3,
            85.0,
            85.5,
            87.8,
            87.8,
            86.0,
            85.9,
            91.0,
            89.0,
            91.0,
            89.9,
            88.2,
            84.7,
            88.9,
            88.5,
            89.7,
            91.0,
            92.3,
            93.4,
            92.0,
            94.5,
            94.5,
            96.0,
            100.0,
            101.0,
            99.8,
            104.0,
            98.6,
            100.5,
            103.0,
            105.0,
            103.5,
            114.0,
            122.5,
            118.0,
            122.0,
            123.5,
            122.0,
            113.0
        ],
        "max": [
            136.0,
            96.0,
            94.2,
            92.0,
            93.0,
            91.9,
            94.4,
            92.9,
            91.2,
            90.5,
            89.5,
            89.5,
            94.0,
            93.7,
            92.2,
            95.2,
            93.0,
            91.0,
            89.9,
            88.8,
            88.1,
            93.0,
            92.0,
            101.0,
            103.0,
            108.0,
            111.0,
            109.0,
            99.7,
            99.2,
            96.7,
            97.5,
            96.3,
            97.8,
            105.5,
            103.5,
            109.5,
            109.0,
            105.5,
            113.5,
            115.0,
            114.0,
            118.0,
            119.0,
            117.0,
            112.5,
            113.5,
            111.5,
            110.0,
            104.5,
            105.0,
            103.5,
            105.0,
            102.5,
            101.0,
            91.7,
            93.6,
            88.0,
            80.9,
            79.9,
            73.6,
            73.0,
            67.1,
            69.3,
            69.0,
            72.9,
            77.8,
            75.6,
            75.5,
            74.5,
            76.0,
            75.2,
            82.5,
            87.7,
            87.9,
            89.7,
            87.8,
            87.8,
            90.6,
            91.0,
            90.2,
            92.6,
            89.9,
            88.6,
            87.6,
            88.9,
            88.5,
            91.6,
            91.5,
            93.4,
            95.9,
            94.7,
            95.6,
            96.0,
            103.0,
            102.5,
            103.0,
            105.5,
            104.0,
            105.0,
            103.5,
            106.5,
            105.5,
            110.5,
            121.0,
            124.0,
            121.5,
            128.5,
            125.0,
            122.0,
            118.0
        ],
        "min": [
            129.0,
            92.0,
            89.6,
            90.0,
            90.8,
            90.7,
            91.6,
            90.1,
            90.1,
            87.9,
            88.0,
            88.3,
            88.3,
            90.8,
            90.7,
            91.0,
            90.2,
            89.4,
            88.0,
            88.1,
            87.2,
            89.2,
            90.7,
            92.5,
            97.5,
            100.5,
            103.5,
            103.5,
            96.3,
            93.2,
            90.8,
            95.5,
            94.3,
            94.5,
            97.0,
            100.0,
            103.0,
            105.5,
            102.5,
            103.5,
            107.0,
            108.0,
            109.0,
            113.5,
            113.0,
            109.5,
            106.0,
            107.0,
            100.0,
            97.3,
            100.5,
            99.7,
            101.0,
            100.5,
            92.0,
            88.7,
            90.1,
            81.2,
            73.3,
            73.0,
            67.0,
            67.2,
            63.0,
            65.0,
            63.9,
            68.4,
            73.2,
            70.7,
            71.8,
            70.0,
            73.7,
            73.5,
            75.4,
            83.5,
            84.4,
            86.5,
            86.0,
            85.5,
            85.9,
            88.9,
            88.2,
            88.5,
            87.5,
            85.5,
            82.7,
            87.5,
            87.5,
            89.7,
            90.4,
            90.7,
            93.3,
            92.0,
            93.9,
            94.5,
            95.5,
            99.5,
            99.0,
            99.2,
            99.6,
            98.6,
            99.2,
            102.0,
            103.0,
            103.0,
            112.0,
            115.0,
            114.5,
            118.5,
            121.0,
            110.5,
            112.5
        ],
        "close": [
            135.5,
            93.2,
            90.0,
            91.6,
            91.5,
            91.6,
            92.7,
            90.6,
            90.1,
            88.5,
            89.5,
            88.4,
            92.3,
            91.8,
            90.9,
            93.8,
            91.0,
            89.4,
            88.3,
            88.2,
            87.8,
            92.0,
            92.0,
            100.0,
            101.5,
            105.0,
            108.5,
            107.0,
            96.3,
            97.0,
            95.0,
            95.9,
            94.6,
            96.0,
            103.5,
            103.0,
            108.0,
            106.0,
            103.5,
            113.5,
            113.5,
            108.5,
            116.5,
            116.5,
            114.5,
            109.5,
            111.0,
            108.5,
            103.0,
            102.0,
            103.5,
            100.0,
            103.0,
            101.5,
            92.0,
            91.5,
            90.2,
            81.4,
            80.9,
            73.1,
            71.0,
            69.9,
            63.0,
            69.3,
            67.0,
            71.9,
            73.8,
            73.5,
            73.8,
            74.5,
            75.0,
            75.0,
            82.5,
            86.2,
            87.9,
            87.8,
            87.6,
            85.9,
            90.0,
            90.1,
            89.5,
            89.0,
            88.6,
            85.5,
            87.5,
            88.5,
            87.8,
            90.5,
            91.0,
            93.2,
            94.7,
            94.5,
            94.2,
            95.0,
            100.0,
            99.9,
            100.5,
            104.5,
            100.5,
            100.5,
            102.0,
            102.0,
            103.5,
            110.0,
            121.0,
            117.0,
            121.0,
            123.5,
            122.0,
            113.5,
            117.5
        ],
        "spread": [
            -2.0,
            0.0,
            -3.2,
            1.6,
            -0.1,
            0.1,
            1.1,
            -2.1,
            -0.5,
            -1.6,
            1.0,
            -1.1,
            3.9,
            -0.5,
            -0.9,
            2.9,
            -2.8,
            -1.6,
            -1.1,
            -0.1,
            -0.4,
            4.2,
            0.0,
            8.0,
            1.5,
            3.5,
            3.5,
            -1.5,
            -10.7,
            0.7,
            -2.0,
            0.9,
            -1.3,
            1.4,
            7.5,
            -0.5,
            5.0,
            -2.0,
            -2.5,
            10.0,
            0.0,
            -5.0,
            8.0,
            0.0,
            -2.0,
            -5.0,
            1.5,
            -2.5,
            -5.5,
            -1.0,
            1.5,
            -3.5,
            3.0,
            -1.5,
            -9.5,
            -0.5,
            -1.3,
            -8.8,
            -0.5,
            -7.8,
            -2.1,
            -1.1,
            -6.9,
            6.3,
            -2.3,
            4.9,
            1.9,
            -0.3,
            0.3,
            0.7,
            0.5,
            0.0,
            7.5,
            3.7,
            1.7,
            -0.1,
            -0.2,
            -1.7,
            4.1,
            0.1,
            -0.6,
            -0.5,
            -0.4,
            -3.1,
            2.0,
            1.0,
            -0.7,
            2.7,
            0.5,
            2.2,
            1.5,
            -0.2,
            -0.3,
            0.8,
            5.0,
            -0.1,
            0.6,
            4.0,
            -4.0,
            0.0,
            1.5,
            0.0,
            1.5,
            6.5,
            11.0,
            -4.0,
            4.0,
            2.5,
            -1.5,
            -8.5,
            4.0
        ],
        "Trading_turnover": [
            445,
            1441,
            796,
            279,
            285,
            202,
            417,
            244,
            134,
            246,
            114,
            91,
            437,
            182,
            142,
            378,
            314,
            177,
            166,
            76,
            153,
            368,
            107,
            1299,
            1148,
            897,
            812,
            540,
            620,
            498,
            336,
            226,
            147,
            256,
            1246,
            800,
            1040,
            688,
            653,
            1754,
            1273,
            1017,
            1252,
            899,
            606,
            599,
            658,
            365,
            739,
            354,
            455,
            306,
            333,
            192,
            578,
            487,
            304,
            594,
            436,
            263,
            285,
            241,
            292,
            250,
            178,
            155,
            213,
            151,
            158,
            259,
            175,
            107,
            339,
            418,
            207,
            178,
            108,
            126,
            213,
            169,
            94,
            218,
            57,
            133,
            66,
            63,
            44,
            164,
            94,
            145,
            141,
            85,
            96,
            132,
            300,
            245,
            131,
            468,
            267,
            278,
            223,
            401,
            286,
            632,
            1199,
            1036,
            741,
            936,
            511,
            903,
            262
        ]
    }
}