{
    "msg": "success",
    "status": 200,
    "data": {
        "date": [
            "2020-03-27",
            "2020-03-30",
            "2020-03-31",
            "2020-04-01",
            "2020-04-06",
            "2020-04-07",
            "2020-04-08",
            "2020-04-09",
            "2020-04-10",
            "2020-04-13",
            "2020-04-14",
            "2020-04-15",
            "2020-04-16",
            "2020-04-17",
            "2020-04-20",
            "2020-04-21",
            "2020-04-22",
            "2020-04-23",
            "2020-04-24",
            "2020-04-27",
            "2020-04-28",
            "2020-04-29",
            "2020-04-30",
            "2020-05-04",
            "2020-05-05",
            "2020-05-06",
            "2020-05-07",
            "2020-05-08",
            "2020-05-11",
            "2020-05-12",
            "2020-05-13",
            "2020-05-14",
            "2020-05-15",
            "2020-05-18",
            "2020-05-19",
            "2020-05-20",
            "2020-05-21",
            "2020-05-22",
            "2020-05-25",
            "2020-05-26",
            "2020-05-27",
            "2020-05-28",
            "2020-05-29"
        ],
        "stock_id": [
            "6716",
            "6716",
            "6716",
            "6716",
            "6716",
            "6716",
            "6716",
            "6716",
            "6716",
            "6716",
            "6716",
            "6716",
            "6716",
            "6716",
            "6716",
            "6716",
            "6716",
            "6716",
            "6716",
            "6716",
            "6716",
            "6716",
            "6716",
            "6716",
            "6716",
            "6716",
            "6716",
            "6716",
            "6716",
            "6716",
            "6716",
            "6716",
            "6716",
            "6716",
            "6716",
            "6716",
            "6716",
            "6716",
            "6716",
            "6716",
            "6716",
            "6716",
            "6716"
        ],
        "Trading_Volume": [
            819000,
            432000,
            194000,
            170000,
            190000,
            180000,
            371000,
            1002000,
            1100000,
            598000,
            663000,
            1161000,
            630000,
            1211000,
            821000,
            662000,
            573000,
            454000,
            442000,
            335000,
            362000,
            347000,
            340000,
            209000,
            212000,
            379000,
            683000,
            748000,
            914000,
            423000,
            303000,
            257000,
            219000,
            456000,
            320000,
            155000,
            153000,
            275000,
            151000,
            75000,
            435000,
            322000,
            177000
        ],
        "Trading_money": [
            40205400,
            19596650,
            9073950,
            7850000,
            8767850,
            8498550,
            18916400,
            55421300,
            66964100,
            36031600,
            41985900,
            80601400,
            42313800,
            85035400,
            59551300,
            47181700,
            39527400,
            32692700,
            31964200,
            24087600,
            25832900,
            25010200,
            23816700,
            14057700,
            14173400,
            26456200,
            50586500,
            62275000,
            72411000,
            31970400,
            22816800,
            18920100,
            15478200,
            33917500,
            23893900,
            11662900,
            11396700,
            19733000,
            10608400,
            5306300,
            32825600,
            24150400,
            13337500
        ],
        "open": [
            49.5,
            45.55,
            46.1,
            46.7,
            46.4,
            47.5,
            48.5,
            55.0,
            58.6,
            60.8,
            60.0,
            71.9,
            67.5,
            69.5,
            72.0,
            73.0,
            65.5,
            72.0,
            70.5,
            72.8,
            72.9,
            72.5,
            71.1,
            66.6,
            66.0,
            66.6,
            71.6,
            81.0,
            86.4,
            77.5,
            74.0,
            74.6,
            72.0,
            71.2,
            75.0,
            75.9,
            74.2,
            74.2,
            70.0,
            71.0,
            70.5,
            76.8,
            73.9
        ],
        "max": [
            50.1,
            46.95,
            48.5,
            47.4,
            47.5,
            48.15,
            51.9,
            57.0,
            62.7,
            61.5,
            65.4,
            71.9,
            69.5,
            74.5,
            77.4,
            73.3,
            72.4,
            73.5,
            74.2,
            73.4,
            72.9,
            74.0,
            71.8,
            68.5,
            68.5,
            72.5,
            77.0,
            84.7,
            86.4,
            77.6,
            77.0,
            75.0,
            73.1,
            75.9,
            77.0,
            76.9,
            75.5,
            74.2,
            71.0,
            71.0,
            77.5,
            76.9,
            76.9
        ],
        "min": [
            48.1,
            44.5,
            45.4,
            45.65,
            45.1,
            46.55,
            48.5,
            52.5,
            58.2,
            59.0,
            59.5,
            63.1,
            65.3,
            66.1,
            70.5,
            70.0,
            64.1,
            70.8,
            70.3,
            71.2,
            69.8,
            70.8,
            67.0,
            66.3,
            66.0,
            66.6,
            70.0,
            80.0,
            76.3,
            73.2,
            74.0,
            72.0,
            69.0,
            71.0,
            72.1,
            74.5,
            73.7,
            69.1,
            69.6,
            70.3,
            70.0,
            72.4,
            72.8
        ],
        "close": [
            48.25,
            45.6,
            46.7,
            45.8,
            47.0,
            47.2,
            51.9,
            57.0,
            60.8,
            59.5,
            65.4,
            69.4,
            67.8,
            74.5,
            74.5,
            70.0,
            72.0,
            71.6,
            72.7,
            71.5,
            71.0,
            71.0,
            69.0,
            66.9,
            67.5,
            70.0,
            77.0,
            84.7,
            79.3,
            76.4,
            76.0,
            72.0,
            70.4,
            75.0,
            76.0,
            74.8,
            74.6,
            70.5,
            70.5,
            70.5,
            77.5,
            73.2,
            75.5
        ],
        "spread": [
            6.25,
            -2.65,
            1.1,
            -0.9,
            1.2,
            0.2,
            4.7,
            5.1,
            3.8,
            -1.3,
            5.9,
            4.0,
            -1.6,
            6.7,
            0.0,
            -4.5,
            2.0,
            -0.4,
            1.1,
            -1.2,
            -0.5,
            0.0,
            -2.0,
            -2.1,
            0.6,
            2.5,
            7.0,
            7.7,
            -5.4,
            -2.9,
            -0.4,
            -4.0,
            -1.6,
            4.6,
            1.0,
            -1.2,
            -0.2,
            -4.1,
            0.0,
            0.0,
            7.0,
            -4.3,
            2.3
        ],
        "Trading_turnover": [
            541,
            325,
            164,
            134,
            168,
            129,
            204,
            632,
            776,
            427,
            460,
            869,
            524,
            853,
            616,
            483,
            470,
            351,
            344,
            240,
            287,
            279,
            261,
            176,
            169,
            336,
            510,
            500,
            689,
            364,
            236,
            204,
            194,
            347,
            259,
            136,
            132,
            225,
            124,
            68,
            337,
            278,
            155
        ]
    }
}