{
    "msg": "success",
    "status": 200,
    "data": {
        "date": [
            "2020-03-09",
            "2020-03-10",
            "2020-03-11",
            "2020-03-12",
            "2020-03-13",
            "2020-03-16",
            "2020-03-17",
            "2020-03-18",
            "2020-03-19",
            "2020-03-20",
            "2020-03-23",
            "2020-03-24",
            "2020-03-25",
            "2020-03-26",
            "2020-03-27",
            "2020-03-30",
            "2020-03-31",
            "2020-04-01",
            "2020-04-06",
            "2020-04-07",
            "2020-04-08",
            "2020-04-09",
            "2020-04-10",
            "2020-04-13",
            "2020-04-14",
            "2020-04-15",
            "2020-04-16",
            "2020-04-17",
            "2020-04-20",
            "2020-04-21",
            "2020-04-22",
            "2020-04-23",
            "2020-04-24",
            "2020-04-27",
            "2020-04-28",
            "2020-04-29",
            "2020-04-30",
            "2020-05-04",
            "2020-05-05",
            "2020-05-06",
            "2020-05-07",
            "2020-05-08",
            "2020-05-11",
            "2020-05-12",
            "2020-05-13",
            "2020-05-14",
            "2020-05-15",
            "2020-05-18",
            "2020-05-19",
            "2020-05-20",
            "2020-05-21",
            "2020-05-22",
            "2020-05-25",
            "2020-05-26",
            "2020-05-27",
            "2020-05-28",
            "2020-05-29"
        ],
        "stock_id": [
            "3597",
            "3597",
            "3597",
            "3597",
            "3597",
            "3597",
            "3597",
            "3597",
            "3597",
            "3597",
            "3597",
            "3597",
            "3597",
            "3597",
            "3597",
            "3597",
            "3597",
            "3597",
            "3597",
            "3597",
            "3597",
            "3597",
            "3597",
            "3597",
            "3597",
            "3597",
            "3597",
            "3597",
            "3597",
            "3597",
            "3597",
            "3597",
            "3597",
            "3597",
            "3597",
            "3597",
            "3597",
            "3597",
            "3597",
            "3597",
            "3597",
            "3597",
            "3597",
            "3597",
            "3597",
            "3597",
            "3597",
            "3597",
            "3597",
            "3597",
            "3597",
            "3597",
            "3597",
            "3597",
            "3597",
            "3597",
            "3597"
        ],
        "Trading_Volume": [
            1297000,
            643000,
            325000,
            358000,
            434000,
            206000,
            142000,
            169000,
            119000,
            156000,
            80000,
            83000,
            113000,
            22000,
            85000,
            31000,
            77000,
            9000,
            17000,
            25000,
            56000,
            229000,
            150000,
            66000,
            60000,
            49000,
            77000,
            134000,
            26000,
            28000,
            11000,
            7000,
            28000,
            44000,
            22000,
            47000,
            71000,
            81000,
            608000,
            334000,
            99000,
            103000,
            75000,
            71000,
            135000,
            25000,
            57000,
            56000,
            33000,
            19000,
            32000,
            49000,
            56000,
            32000,
            34000,
            42000,
            56000
        ],
        "Trading_money": [
            21661850,
            9984300,
            5053000,
            5463550,
            6249150,
            2994100,
            2033400,
            2332800,
            1510600,
            2046450,
            1030750,
            1107700,
            1531700,
            297650,
            1172800,
            421650,
            1036700,
            123900,
            233500,
            346000,
            779800,
            3498300,
            2300250,
            966500,
            897900,
            738350,
            1190000,
            2089550,
            391700,
            410250,
            161500,
            103800,
            421100,
            669600,
            334400,
            712900,
            1099950,
            1250950,
            10302450,
            5581100,
            1646350,
            1710700,
            1247200,
            1160500,
            2228750,
            405350,
            915250,
            894600,
            535450,
            305250,
            521550,
            782450,
            898250,
            514650,
            548050,
            676550,
            914050
        ],
        "open": [
            17.0,
            15.65,
            15.5,
            15.5,
            14.5,
            14.1,
            14.25,
            14.15,
            13.1,
            12.95,
            12.8,
            13.35,
            13.7,
            13.5,
            13.65,
            13.55,
            13.8,
            13.8,
            13.7,
            14.0,
            13.8,
            14.2,
            15.3,
            14.85,
            14.8,
            15.0,
            15.0,
            15.75,
            15.15,
            15.0,
            14.6,
            15.0,
            14.9,
            15.3,
            15.25,
            15.2,
            15.35,
            15.5,
            15.75,
            17.2,
            16.5,
            16.6,
            16.55,
            16.65,
            16.6,
            16.3,
            16.2,
            15.9,
            16.3,
            16.1,
            16.15,
            16.3,
            16.05,
            16.1,
            16.1,
            16.1,
            16.3
        ],
        "max": [
            17.25,
            15.9,
            15.95,
            15.55,
            15.65,
            15.1,
            14.5,
            14.25,
            13.65,
            13.5,
            13.4,
            13.7,
            13.7,
            13.65,
            14.0,
            13.7,
            13.9,
            13.8,
            13.85,
            14.0,
            14.1,
            15.5,
            15.7,
            14.85,
            15.1,
            15.25,
            15.65,
            15.85,
            15.15,
            15.0,
            14.95,
            15.0,
            15.1,
            15.3,
            15.35,
            15.45,
            15.6,
            15.7,
            17.2,
            17.4,
            16.8,
            16.9,
            16.8,
            16.65,
            16.75,
            16.3,
            16.3,
            16.2,
            16.35,
            16.1,
            16.4,
            16.3,
            16.1,
            16.1,
            16.15,
            16.3,
            16.5
        ],
        "min": [
            16.1,
            15.2,
            15.3,
            14.7,
            12.5,
            14.0,
            14.15,
            13.5,
            12.6,
            12.9,
            12.3,
            13.1,
            13.4,
            13.25,
            13.65,
            13.5,
            13.05,
            13.7,
            13.7,
            13.8,
            13.75,
            14.2,
            14.9,
            14.5,
            14.8,
            14.9,
            14.9,
            15.3,
            15.0,
            14.5,
            14.55,
            14.6,
            14.9,
            15.15,
            15.1,
            15.1,
            15.35,
            14.9,
            15.7,
            16.3,
            16.5,
            16.5,
            16.5,
            16.0,
            16.2,
            16.15,
            15.8,
            15.85,
            16.0,
            16.05,
            16.15,
            15.8,
            16.0,
            16.0,
            16.05,
            16.05,
            16.25
        ],
        "close": [
            16.5,
            15.6,
            15.55,
            15.45,
            15.45,
            15.1,
            14.25,
            13.95,
            13.0,
            13.5,
            13.4,
            13.5,
            13.7,
            13.65,
            13.85,
            13.7,
            13.75,
            13.75,
            13.85,
            13.85,
            14.1,
            15.5,
            14.9,
            14.75,
            15.1,
            15.2,
            15.6,
            15.3,
            15.0,
            14.75,
            14.85,
            14.9,
            15.1,
            15.3,
            15.1,
            15.3,
            15.6,
            15.65,
            17.2,
            16.7,
            16.65,
            16.5,
            16.6,
            16.15,
            16.45,
            16.25,
            15.95,
            16.0,
            16.05,
            16.05,
            16.3,
            16.05,
            16.0,
            16.1,
            16.1,
            16.1,
            16.3
        ],
        "spread": [
            1.0,
            -0.9,
            -0.05,
            -0.1,
            0.0,
            -0.35,
            -0.85,
            -0.3,
            -0.95,
            0.5,
            -0.1,
            0.1,
            0.2,
            -0.05,
            0.2,
            -0.15,
            0.05,
            0.0,
            0.1,
            0.0,
            0.25,
            1.4,
            -0.6,
            -0.15,
            0.35,
            0.1,
            0.4,
            -0.3,
            -0.3,
            -0.25,
            0.1,
            0.05,
            0.2,
            0.2,
            -0.2,
            0.2,
            0.3,
            0.05,
            1.55,
            -0.5,
            -0.05,
            -0.15,
            0.1,
            -0.45,
            0.3,
            -0.2,
            -0.3,
            0.05,
            0.05,
            0.0,
            0.25,
            -0.25,
            -0.05,
            0.1,
            0.0,
            0.0,
            0.2
        ],
        "Trading_turnover": [
            735,
            269,
            173,
            171,
            195,
            123,
            84,
            85,
            46,
            67,
            42,
            40,
            60,
            18,
            35,
            23,
            39,
            7,
            17,
            22,
            34,
            114,
            103,
            33,
            39,
            23,
            54,
            64,
            20,
            23,
            8,
            6,
            16,
            25,
            16,
            25,
            52,
            60,
            282,
            230,
            55,
            53,
            43,
            41,
            82,
            19,
            37,
            41,
            28,
            16,
            22,
            29,
            23,
            26,
            23,
            24,
            36
        ]
    }
}