{
    "msg": "success",
    "status": 200,
    "data": {
        "date": [
            "2012-01-07",
            "2019-11-01",
            "2019-11-04",
            "2019-11-05",
            "2019-11-06",
            "2019-11-07",
            "2019-11-08",
            "2019-11-11",
            "2019-11-12",
            "2019-11-13",
            "2019-11-14",
            "2019-11-15",
            "2019-11-18",
            "2019-11-19",
            "2019-11-20",
            "2019-11-21",
            "2019-11-22",
            "2019-11-25",
            "2019-11-26",
            "2019-11-27",
            "2019-11-28",
            "2019-11-29",
            "2019-12-02",
            "2019-12-03",
            "2019-12-04",
            "2019-12-05",
            "2019-12-06",
            "2019-12-09",
            "2019-12-10",
            "2019-12-11",
            "2019-12-12",
            "2019-12-13",
            "2019-12-16",
            "2019-12-17",
            "2019-12-18",
            "2019-12-19",
            "2019-12-20",
            "2019-12-23",
            "2019-12-24",
            "2019-12-25",
            "2019-12-26",
            "2019-12-27",
            "2019-12-30",
            "2019-12-31",
            "2020-01-02",
            "2020-01-03",
            "2020-01-06",
            "2020-01-07",
            "2020-01-08",
            "2020-01-09",
            "2020-01-10",
            "2020-01-13",
            "2020-01-14",
            "2020-01-15",
            "2020-01-16",
            "2020-01-17",
            "2020-01-20",
            "2020-01-30",
            "2020-01-31",
            "2020-02-03",
            "2020-02-04",
            "2020-02-05",
            "2020-02-06",
            "2020-02-07",
            "2020-02-10",
            "2020-02-11",
            "2020-02-12",
            "2020-02-13",
            "2020-02-14",
            "2020-02-17",
            "2020-02-18",
            "2020-02-19",
            "2020-02-20",
            "2020-02-21",
            "2020-02-24",
            "2020-02-25",
            "2020-02-26",
            "2020-02-27",
            "2020-03-02",
            "2020-03-03",
            "2020-03-04",
            "2020-03-05",
            "2020-03-06",
            "2020-03-09",
            "2020-03-10",
            "2020-03-11",
            "2020-03-12",
            "2020-03-13",
            "2020-03-16",
            "2020-03-17",
            "2020-03-18",
            "2020-03-19",
            "2020-03-20",
            "2020-03-23",
            "2020-03-24",
            "2020-03-25",
            "2020-03-26",
            "2020-03-27",
            "2020-03-30",
            "2020-03-31",
            "2020-04-01",
            "2020-04-06",
            "2020-04-07",
            "2020-04-08",
            "2020-04-09",
            "2020-04-10",
            "2020-04-13",
            "2020-04-14",
            "2020-04-15",
            "2020-04-16",
            "2020-04-17",
            "2020-04-20",
            "2020-04-21",
            "2020-04-22",
            "2020-04-23",
            "2020-04-24",
            "2020-04-27",
            "2020-04-28",
            "2020-04-29",
            "2020-04-30",
            "2020-05-04",
            "2020-05-05",
            "2020-05-06",
            "2020-05-07",
            "2020-05-08",
            "2020-05-11",
            "2020-05-12",
            "2020-05-13",
            "2020-05-14",
            "2020-05-15",
            "2020-05-18",
            "2020-05-19",
            "2020-05-20",
            "2020-05-21",
            "2020-05-22",
            "2020-05-25",
            "2020-05-26",
            "2020-05-27",
            "2020-05-28",
            "2020-05-29"
        ],
        "stock_id": [
            "3702A",
            "3702A",
            "3702A",
            "3702A",
            "3702A",
            "3702A",
            "3702A",
            "3702A",
            "3702A",
            "3702A",
            "3702A",
            "3702A",
            "3702A",
            "3702A",
            "3702A",
            "3702A",
            "3702A",
            "3702A",
            "3702A",
            "3702A",
            "3702A",
            "3702A",
            "3702A",
            "3702A",
            "3702A",
            "3702A",
            "3702A",
            "3702A",
            "3702A",
            "3702A",
            "3702A",
            "3702A",
            "3702A",
            "3702A",
            "3702A",
            "3702A",
            "3702A",
            "3702A",
            "3702A",
            "3702A",
            "3702A",
            "3702A",
            "3702A",
            "3702A",
            "3702A",
            "3702A",
            "3702A",
            "3702A",
            "3702A",
            "3702A",
            "3702A",
            "3702A",
            "3702A",
            "3702A",
            "3702A",
            "3702A",
            "3702A",
            "3702A",
            "3702A",
            "3702A",
            "3702A",
            "3702A",
            "3702A",
            "3702A",
            "3702A",
            "3702A",
            "3702A",
            "3702A",
            "3702A",
            "3702A",
            "3702A",
            "3702A",
            "3702A",
            "3702A",
            "3702A",
            "3702A",
            "3702A",
            "3702A",
            "3702A",
            "3702A",
            "3702A",
            "3702A",
            "3702A",
            "3702A",
            "3702A",
            "3702A",
            "3702A",
            "3702A",
            "3702A",
            "3702A",
            "3702A",
            "3702A",
            "3702A",
            "3702A",
            "3702A",
            "3702A",
            "3702A",
            "3702A",
            "3702A",
            "3702A",
            "3702A",
            "3702A",
            "3702A",
            "3702A",
            "3702A",
            "3702A",
            "3702A",
            "3702A",
            "3702A",
            "3702A",
            "3702A",
            "3702A",
            "3702A",
            "3702A",
            "3702A",
            "3702A",
            "3702A",
            "3702A",
            "3702A",
            "3702A",
            "3702A",
            "3702A",
            "3702A",
            "3702A",
            "3702A",
            "3702A",
            "3702A",
            "3702A",
            "3702A",
            "3702A",
            "3702A",
            "3702A",
            "3702A",
            "3702A",
            "3702A",
            "3702A",
            "3702A",
            "3702A",
            "3702A",
            "3702A"
        ],
        "Trading_Volume": [
            193438,
            18921690,
            4417527,
            3223216,
            966071,
            1586774,
            1339274,
            1174236,
            0,
            3267853,
            1153990,
            1026172,
            596337,
            1249907,
            584524,
            558503,
            583300,
            473745,
            795225,
            592637,
            899396,
            1004922,
            257069,
            410587,
            589500,
            111905,
            63500,
            750478,
            1281440,
            400247,
            672475,
            576388,
            587678,
            324253,
            294394,
            103368,
            228470,
            251280,
            348048,
            249890,
            651468,
            150045,
            170290,
            154816,
            1163164,
            213336,
            191476,
            80830,
            219062,
            228753,
            175833,
            111359,
            137884,
            286240,
            74729,
            152891,
            43523,
            1177661,
            795888,
            131281,
            170358,
            313500,
            142553,
            109300,
            314013,
            367077,
            425000,
            415906,
            238210,
            67518,
            155999,
            106455,
            55048,
            38762,
            139397,
            574876,
            524485,
            100828,
            432571,
            395219,
            96043,
            71625,
            38762,
            223349,
            248698,
            115789,
            949744,
            1720110,
            1273131,
            588749,
            738250,
            1314309,
            11706146,
            693190,
            389556,
            775363,
            292445,
            293306,
            125000,
            136095,
            108048,
            264340,
            319310,
            397523,
            442200,
            527000,
            535762,
            230890,
            290007,
            48724,
            169000,
            167876,
            419648,
            418200,
            239000,
            146659,
            117279,
            208548,
            174205,
            132062,
            142100,
            155381,
            128181,
            418228,
            219000,
            190606,
            62259,
            175200,
            183000,
            337635,
            242175,
            80438,
            142000,
            110262,
            96607,
            138087,
            75000,
            155667,
            164148,
            213053
        ],
        "Trading_money": [
            9631483,
            975657340,
            229670004,
            167699798,
            50240392,
            82623748,
            69870198,
            61200593,
            0,
            170538238,
            60201373,
            53560856,
            31122051,
            65184764,
            30477048,
            29135004,
            30429527,
            24682140,
            41279949,
            30698791,
            46582268,
            52056456,
            13337072,
            21315304,
            30646749,
            5810576,
            3294400,
            38877462,
            66213044,
            20671141,
            34720507,
            29726476,
            30375781,
            16760052,
            15231067,
            5344186,
            11818497,
            13013647,
            18006880,
            12932623,
            33745193,
            7768623,
            8819921,
            8013585,
            60210977,
            11047969,
            9899409,
            4179208,
            11321004,
            11826553,
            9090562,
            5757121,
            7140000,
            14826282,
            3866187,
            7920462,
            2257043,
            60837638,
            41201797,
            6791426,
            8824608,
            16265248,
            7398499,
            5672769,
            16322568,
            19086204,
            22100700,
            21638312,
            12406039,
            3517839,
            8128047,
            5556650,
            2873805,
            2022671,
            7264521,
            29917188,
            27255868,
            5242672,
            22450632,
            20477478,
            4975522,
            3717836,
            2012346,
            11537207,
            12832484,
            5978232,
            48676068,
            86051750,
            63329476,
            28722409,
            35574775,
            58980890,
            533786436,
            31626201,
            18261425,
            36682328,
            13652636,
            13735405,
            5799300,
            6392215,
            5071463,
            12402430,
            15019225,
            18685363,
            20789950,
            25005650,
            25812691,
            11196715,
            14110891,
            2366049,
            8269900,
            8211548,
            20224594,
            19941429,
            11422200,
            7010665,
            5626718,
            10188047,
            8604497,
            6545519,
            7002740,
            7643130,
            6307063,
            20511728,
            10775800,
            9401685,
            3068267,
            8636109,
            9004750,
            16555315,
            11865075,
            3947087,
            6980300,
            5430465,
            4762374,
            6813889,
            3698900,
            7684916,
            8123026,
            10549168
        ],
        "open": [
            49.7,
            51.6,
            51.8,
            52.1,
            52.0,
            52.0,
            52.1,
            52.3,
            0.0,
            52.2,
            52.2,
            52.2,
            52.2,
            52.2,
            52.2,
            52.2,
            52.2,
            52.1,
            52.1,
            51.9,
            51.8,
            51.8,
            51.8,
            51.9,
            51.9,
            52.0,
            51.9,
            51.9,
            51.7,
            51.6,
            51.6,
            51.6,
            51.5,
            51.7,
            51.6,
            51.7,
            51.7,
            51.7,
            51.8,
            51.7,
            51.7,
            51.8,
            51.7,
            51.8,
            51.7,
            51.8,
            51.7,
            51.7,
            51.7,
            51.7,
            51.7,
            51.7,
            51.7,
            51.7,
            51.8,
            51.8,
            51.9,
            51.7,
            51.7,
            51.7,
            51.8,
            51.8,
            51.9,
            51.9,
            52.0,
            51.9,
            52.0,
            52.0,
            52.0,
            52.1,
            52.1,
            52.2,
            52.2,
            52.2,
            52.1,
            52.0,
            52.0,
            51.9,
            51.9,
            51.9,
            51.9,
            51.9,
            51.9,
            51.8,
            51.5,
            51.7,
            51.6,
            50.6,
            50.2,
            49.05,
            48.2,
            48.0,
            43.85,
            45.6,
            46.2,
            47.55,
            47.2,
            46.75,
            46.2,
            46.9,
            46.95,
            47.3,
            47.1,
            47.0,
            47.0,
            47.25,
            47.65,
            48.5,
            48.5,
            48.7,
            49.0,
            49.0,
            48.7,
            47.5,
            47.9,
            47.8,
            47.85,
            48.25,
            49.2,
            49.5,
            49.4,
            49.2,
            49.25,
            49.2,
            49.25,
            49.25,
            49.3,
            49.25,
            49.25,
            49.1,
            49.0,
            49.05,
            49.1,
            49.2,
            49.3,
            49.4,
            49.3,
            49.4,
            49.4,
            49.5
        ],
        "max": [
            50.0,
            51.7,
            52.1,
            52.2,
            52.1,
            52.2,
            52.3,
            52.3,
            0.0,
            52.3,
            52.2,
            52.3,
            52.3,
            52.3,
            52.2,
            52.2,
            52.2,
            52.2,
            52.1,
            51.9,
            51.9,
            51.9,
            51.9,
            52.0,
            52.0,
            52.0,
            51.9,
            51.9,
            51.7,
            51.7,
            51.7,
            51.7,
            51.8,
            51.7,
            51.8,
            51.8,
            51.8,
            51.8,
            51.8,
            51.8,
            51.8,
            51.8,
            51.9,
            51.8,
            51.8,
            51.8,
            51.8,
            51.8,
            51.7,
            51.8,
            51.7,
            51.7,
            51.8,
            51.8,
            51.8,
            51.9,
            51.9,
            51.7,
            51.8,
            51.8,
            51.9,
            51.9,
            51.9,
            52.0,
            52.0,
            52.1,
            52.1,
            52.1,
            52.1,
            52.2,
            52.2,
            52.3,
            52.3,
            52.2,
            52.2,
            52.2,
            52.1,
            52.0,
            52.0,
            51.9,
            51.9,
            52.0,
            52.0,
            51.8,
            51.7,
            51.7,
            51.6,
            50.6,
            50.2,
            49.05,
            48.3,
            48.0,
            46.7,
            46.0,
            47.1,
            48.2,
            47.2,
            47.0,
            46.5,
            47.1,
            47.0,
            47.3,
            47.2,
            47.1,
            47.1,
            47.85,
            48.8,
            48.9,
            48.75,
            48.7,
            49.05,
            49.05,
            48.7,
            47.75,
            48.05,
            47.85,
            48.1,
            49.05,
            49.45,
            49.65,
            49.4,
            49.4,
            49.25,
            49.2,
            49.25,
            49.5,
            49.3,
            49.3,
            49.25,
            49.15,
            49.0,
            49.1,
            49.2,
            49.3,
            49.35,
            49.4,
            49.35,
            49.45,
            49.55,
            49.6
        ],
        "min": [
            49.6,
            51.4,
            51.8,
            52.0,
            52.0,
            52.0,
            52.1,
            52.1,
            0.0,
            52.1,
            52.1,
            52.1,
            52.1,
            52.1,
            52.1,
            52.1,
            52.1,
            52.1,
            51.6,
            51.7,
            51.7,
            51.7,
            51.8,
            51.8,
            51.8,
            51.9,
            51.8,
            51.7,
            51.5,
            51.5,
            51.5,
            51.5,
            51.5,
            51.6,
            51.6,
            51.7,
            51.7,
            51.7,
            51.7,
            51.7,
            51.7,
            51.7,
            51.7,
            51.7,
            51.7,
            51.7,
            51.7,
            51.7,
            51.6,
            51.7,
            51.7,
            51.7,
            51.7,
            51.7,
            51.7,
            51.8,
            51.8,
            51.5,
            51.7,
            51.7,
            51.8,
            51.8,
            51.9,
            51.9,
            51.9,
            51.9,
            52.0,
            52.0,
            52.0,
            52.1,
            52.1,
            52.1,
            52.1,
            52.1,
            52.1,
            52.0,
            51.9,
            51.9,
            51.9,
            51.8,
            51.8,
            51.9,
            51.8,
            51.5,
            51.5,
            51.6,
            51.0,
            49.65,
            49.35,
            48.3,
            48.1,
            43.4,
            43.85,
            44.7,
            45.85,
            46.75,
            46.55,
            46.6,
            46.0,
            46.8,
            46.9,
            46.85,
            46.95,
            46.95,
            47.0,
            47.2,
            47.65,
            48.3,
            48.5,
            48.3,
            48.6,
            48.8,
            47.95,
            47.5,
            47.65,
            47.75,
            47.85,
            48.2,
            49.2,
            49.5,
            49.0,
            49.1,
            49.15,
            49.0,
            49.05,
            49.25,
            49.25,
            49.25,
            49.1,
            49.0,
            48.95,
            49.0,
            49.1,
            49.15,
            49.2,
            49.3,
            49.25,
            49.3,
            49.4,
            49.4
        ],
        "close": [
            49.9,
            51.7,
            52.1,
            52.0,
            52.0,
            52.1,
            52.3,
            52.2,
            0.0,
            52.1,
            52.2,
            52.2,
            52.2,
            52.2,
            52.1,
            52.2,
            52.2,
            52.1,
            51.9,
            51.8,
            51.8,
            51.8,
            51.9,
            51.9,
            52.0,
            51.9,
            51.9,
            51.7,
            51.7,
            51.6,
            51.6,
            51.5,
            51.6,
            51.6,
            51.8,
            51.7,
            51.7,
            51.7,
            51.7,
            51.7,
            51.8,
            51.7,
            51.8,
            51.7,
            51.7,
            51.7,
            51.7,
            51.7,
            51.7,
            51.7,
            51.7,
            51.7,
            51.7,
            51.8,
            51.7,
            51.9,
            51.9,
            51.7,
            51.8,
            51.8,
            51.9,
            51.9,
            51.9,
            52.0,
            51.9,
            52.0,
            52.0,
            52.0,
            52.1,
            52.1,
            52.2,
            52.2,
            52.2,
            52.2,
            52.2,
            52.1,
            51.9,
            52.0,
            51.9,
            51.9,
            51.9,
            52.0,
            52.0,
            51.6,
            51.7,
            51.6,
            51.0,
            50.0,
            49.45,
            48.3,
            48.2,
            43.4,
            45.7,
            45.7,
            46.9,
            46.8,
            46.6,
            46.6,
            46.4,
            46.95,
            46.95,
            46.85,
            47.0,
            47.0,
            47.1,
            47.65,
            48.2,
            48.5,
            48.75,
            48.6,
            48.8,
            48.8,
            48.0,
            47.7,
            47.75,
            47.75,
            48.1,
            48.95,
            49.45,
            49.6,
            49.2,
            49.25,
            49.2,
            49.2,
            49.2,
            49.4,
            49.3,
            49.3,
            49.1,
            49.0,
            48.95,
            49.1,
            49.2,
            49.3,
            49.35,
            49.3,
            49.3,
            49.4,
            49.5,
            49.4
        ],
        "spread": [
            -0.1,
            0.0,
            0.4,
            -0.1,
            0.0,
            0.1,
            0.2,
            -0.1,
            0.0,
            0.0,
            0.1,
            0.0,
            0.0,
            0.0,
            -0.1,
            0.1,
            0.0,
            -0.1,
            -0.2,
            -0.1,
            0.0,
            0.0,
            0.1,
            0.0,
            0.1,
            -0.1,
            0.0,
            -0.2,
            0.0,
            -0.1,
            0.0,
            -0.1,
            0.1,
            0.0,
            0.2,
            -0.1,
            0.0,
            0.0,
            0.0,
            0.0,
            0.1,
            -0.1,
            0.1,
            -0.1,
            0.0,
            0.0,
            0.0,
            0.0,
            0.0,
            0.0,
            0.0,
            0.0,
            0.0,
            0.1,
            -0.1,
            0.2,
            0.0,
            -0.2,
            0.1,
            0.0,
            0.1,
            0.0,
            0.0,
            0.1,
            -0.1,
            0.1,
            0.0,
            0.0,
            0.1,
            0.0,
            0.1,
            0.0,
            0.0,
            0.0,
            0.0,
            -0.1,
            -0.2,
            0.1,
            -0.1,
            0.0,
            0.0,
            0.1,
            0.0,
            -0.4,
            0.1,
            -0.1,
            -0.6,
            -1.0,
            -0.55,
            -1.15,
            -0.1,
            -4.8,
            2.3,
            0.0,
            1.2,
            -0.1,
            -0.2,
            0.0,
            -0.2,
            0.55,
            0.0,
            -0.1,
            0.15,
            0.0,
            0.1,
            0.55,
            0.55,
            0.3,
            0.25,
            -0.15,
            0.2,
            0.0,
            -0.8,
            -0.3,
            0.05,
            0.0,
            0.35,
            0.85,
            0.5,
            0.15,
            -0.4,
            0.05,
            -0.05,
            0.0,
            0.0,
            0.2,
            -0.1,
            0.0,
            -0.2,
            -0.1,
            -0.05,
            0.15,
            0.1,
            0.1,
            0.05,
            -0.05,
            0.0,
            0.1,
            0.1,
            -0.1
        ],
        "Trading_turnover": [
            95,
            4325,
            1409,
            755,
            387,
            535,
            424,
            212,
            0,
            858,
            294,
            282,
            199,
            207,
            179,
            174,
            167,
            153,
            296,
            204,
            153,
            177,
            118,
            138,
            158,
            68,
            45,
            129,
            191,
            124,
            129,
            259,
            121,
            74,
            107,
            34,
            70,
            47,
            46,
            72,
            81,
            67,
            59,
            67,
            107,
            71,
            51,
            57,
            63,
            69,
            37,
            41,
            80,
            67,
            37,
            67,
            36,
            189,
            76,
            66,
            66,
            79,
            38,
            31,
            53,
            102,
            54,
            62,
            77,
            34,
            28,
            50,
            30,
            28,
            85,
            96,
            94,
            60,
            86,
            59,
            36,
            27,
            30,
            110,
            108,
            40,
            276,
            521,
            361,
            316,
            210,
            509,
            311,
            358,
            167,
            360,
            148,
            135,
            63,
            80,
            38,
            109,
            83,
            138,
            156,
            138,
            190,
            122,
            97,
            29,
            74,
            90,
            177,
            148,
            96,
            54,
            58,
            113,
            96,
            78,
            73,
            57,
            46,
            112,
            77,
            74,
            37,
            88,
            90,
            143,
            95,
            77,
            36,
            40,
            42,
            87,
            44,
            73,
            65,
            69
        ]
    }
}