{
    "msg": "success",
    "status": 200,
    "data": {
        "date": [
            "2020-02-27",
            "2020-03-02",
            "2020-03-03",
            "2020-03-04",
            "2020-03-05",
            "2020-03-06",
            "2020-03-09",
            "2020-03-10",
            "2020-03-11",
            "2020-03-12",
            "2020-03-13",
            "2020-03-16",
            "2020-03-17",
            "2020-03-18",
            "2020-03-19",
            "2020-03-20",
            "2020-03-23",
            "2020-03-24",
            "2020-03-25",
            "2020-03-26",
            "2020-03-27",
            "2020-03-30",
            "2020-03-31",
            "2020-04-01",
            "2020-04-06",
            "2020-04-07",
            "2020-04-08",
            "2020-04-09",
            "2020-04-10",
            "2020-04-13",
            "2020-04-14",
            "2020-04-15",
            "2020-04-16",
            "2020-04-17",
            "2020-04-20",
            "2020-04-21",
            "2020-04-22",
            "2020-04-23",
            "2020-04-24",
            "2020-04-27",
            "2020-04-28",
            "2020-04-29",
            "2020-04-30",
            "2020-05-04",
            "2020-05-05",
            "2020-05-06",
            "2020-05-07",
            "2020-05-08",
            "2020-05-11",
            "2020-05-12",
            "2020-05-13",
            "2020-05-14",
            "2020-05-15",
            "2020-05-18",
            "2020-05-19",
            "2020-05-20",
            "2020-05-21",
            "2020-05-22",
            "2020-05-25",
            "2020-05-26",
            "2020-05-27",
            "2020-05-28",
            "2020-05-29"
        ],
        "stock_id": [
            "3713",
            "3713",
            "3713",
            "3713",
            "3713",
            "3713",
            "3713",
            "3713",
            "3713",
            "3713",
            "3713",
            "3713",
            "3713",
            "3713",
            "3713",
            "3713",
            "3713",
            "3713",
            "3713",
            "3713",
            "3713",
            "3713",
            "3713",
            "3713",
            "3713",
            "3713",
            "3713",
            "3713",
            "3713",
            "3713",
            "3713",
            "3713",
            "3713",
            "3713",
            "3713",
            "3713",
            "3713",
            "3713",
            "3713",
            "3713",
            "3713",
            "3713",
            "3713",
            "3713",
            "3713",
            "3713",
            "3713",
            "3713",
            "3713",
            "3713",
            "3713",
            "3713",
            "3713",
            "3713",
            "3713",
            "3713",
            "3713",
            "3713",
            "3713",
            "3713",
            "3713",
            "3713",
            "3713"
        ],
        "Trading_Volume": [
            758000,
            398000,
            425000,
            189000,
            132000,
            138000,
            91000,
            341000,
            37000,
            116000,
            266000,
            141000,
            24000,
            32000,
            88000,
            115000,
            12000,
            27000,
            29000,
            63000,
            42000,
            14000,
            84000,
            93000,
            64000,
            153000,
            180000,
            271000,
            45000,
            59000,
            50000,
            22000,
            24000,
            33000,
            29000,
            47000,
            23000,
            11000,
            12000,
            13000,
            29000,
            56000,
            81000,
            41000,
            73000,
            32000,
            157000,
            41000,
            124000,
            46000,
            326000,
            218000,
            239000,
            349000,
            201000,
            121000,
            1255000,
            1015000,
            396000,
            299000,
            626000,
            1564000,
            1454000
        ],
        "Trading_money": [
            12010850,
            5903000,
            6221450,
            2609000,
            1831950,
            1948350,
            1248550,
            4419850,
            477050,
            1411800,
            3095000,
            1762000,
            281400,
            378300,
            948700,
            1356700,
            135650,
            317350,
            336450,
            716600,
            469350,
            155700,
            928000,
            961600,
            667800,
            1734350,
            2244550,
            3581200,
            598100,
            779600,
            642500,
            283500,
            312700,
            425050,
            370600,
            591650,
            288350,
            140500,
            151000,
            164900,
            367000,
            697400,
            1041500,
            525450,
            940050,
            410350,
            2014350,
            525050,
            1628350,
            591800,
            4515800,
            2879150,
            3235500,
            4826600,
            2730450,
            1631700,
            17868700,
            15030400,
            5950450,
            4549750,
            9858550,
            26792100,
            27571400
        ],
        "open": [
            16.2,
            15.5,
            15.4,
            14.15,
            13.5,
            14.2,
            14.0,
            13.0,
            12.85,
            12.4,
            12.0,
            12.0,
            11.6,
            11.8,
            11.5,
            11.0,
            10.95,
            12.0,
            12.05,
            11.5,
            11.15,
            11.1,
            11.6,
            11.0,
            10.25,
            10.8,
            12.0,
            12.8,
            13.75,
            13.0,
            13.45,
            13.4,
            13.2,
            13.35,
            13.3,
            12.5,
            12.95,
            12.95,
            12.4,
            12.6,
            12.7,
            12.5,
            12.9,
            13.2,
            13.05,
            12.8,
            12.95,
            12.9,
            12.95,
            13.0,
            13.0,
            13.5,
            13.4,
            13.7,
            13.55,
            13.8,
            13.35,
            14.3,
            15.3,
            15.25,
            15.6,
            16.5,
            18.05
        ],
        "max": [
            16.2,
            15.5,
            15.4,
            14.25,
            14.05,
            14.9,
            14.0,
            13.6,
            13.0,
            14.1,
            12.0,
            12.95,
            12.4,
            12.2,
            11.5,
            12.1,
            12.2,
            12.0,
            12.05,
            11.6,
            11.25,
            11.2,
            11.6,
            11.0,
            10.85,
            11.45,
            12.55,
            13.8,
            13.75,
            13.4,
            13.45,
            13.4,
            13.2,
            13.35,
            13.3,
            13.0,
            12.95,
            12.95,
            12.8,
            12.8,
            13.0,
            12.7,
            13.3,
            13.2,
            13.45,
            13.0,
            13.2,
            12.9,
            13.4,
            13.05,
            14.05,
            13.7,
            13.8,
            13.95,
            13.85,
            13.8,
            14.65,
            15.35,
            15.3,
            15.45,
            16.0,
            17.6,
            19.35
        ],
        "min": [
            15.0,
            14.3,
            14.0,
            13.4,
            13.5,
            13.9,
            13.6,
            12.8,
            12.8,
            11.7,
            11.35,
            11.9,
            11.6,
            11.7,
            10.6,
            11.0,
            10.95,
            11.2,
            11.25,
            11.1,
            11.1,
            11.1,
            10.45,
            10.2,
            10.25,
            10.8,
            12.0,
            12.25,
            12.9,
            12.85,
            12.7,
            12.4,
            12.75,
            12.75,
            12.6,
            12.4,
            12.2,
            12.65,
            12.35,
            12.6,
            12.6,
            12.4,
            12.6,
            12.65,
            12.8,
            12.75,
            12.7,
            12.65,
            12.95,
            12.8,
            13.0,
            12.9,
            13.2,
            13.05,
            13.25,
            13.3,
            13.35,
            14.1,
            14.8,
            14.95,
            15.45,
            16.25,
            18.0
        ],
        "close": [
            15.8,
            14.8,
            14.8,
            13.95,
            14.0,
            14.1,
            13.7,
            12.8,
            12.95,
            11.9,
            11.8,
            12.5,
            12.4,
            11.7,
            11.0,
            12.0,
            11.05,
            11.2,
            11.6,
            11.1,
            11.1,
            11.1,
            11.0,
            10.25,
            10.45,
            11.45,
            12.55,
            13.75,
            13.35,
            13.3,
            12.9,
            13.2,
            13.1,
            12.85,
            12.6,
            12.95,
            12.95,
            12.7,
            12.8,
            12.8,
            12.65,
            12.7,
            13.3,
            13.05,
            12.8,
            12.8,
            12.85,
            12.9,
            13.0,
            12.8,
            13.9,
            13.05,
            13.6,
            13.7,
            13.8,
            13.35,
            14.65,
            15.0,
            15.1,
            15.45,
            16.0,
            17.6,
            19.35
        ],
        "spread": [
            1.0,
            -1.0,
            0.0,
            -0.85,
            0.05,
            0.1,
            -0.4,
            -0.9,
            0.15,
            -1.05,
            -0.1,
            0.7,
            -0.1,
            -0.7,
            -0.7,
            1.0,
            -0.95,
            0.15,
            0.4,
            -0.5,
            0.0,
            0.0,
            -0.1,
            -0.75,
            0.2,
            1.0,
            1.1,
            1.2,
            -0.4,
            -0.05,
            -0.4,
            0.3,
            -0.1,
            -0.25,
            -0.25,
            0.35,
            0.0,
            -0.25,
            0.1,
            0.0,
            -0.15,
            0.05,
            0.6,
            -0.25,
            -0.25,
            0.0,
            0.05,
            0.05,
            0.1,
            -0.2,
            1.1,
            -0.85,
            0.55,
            0.1,
            0.1,
            -0.45,
            1.3,
            0.35,
            0.1,
            0.35,
            0.55,
            1.6,
            1.75
        ],
        "Trading_turnover": [
            327,
            143,
            169,
            102,
            61,
            62,
            57,
            99,
            26,
            59,
            75,
            55,
            16,
            23,
            43,
            51,
            9,
            20,
            23,
            28,
            23,
            10,
            35,
            51,
            20,
            65,
            84,
            120,
            36,
            33,
            25,
            14,
            11,
            19,
            16,
            24,
            13,
            8,
            9,
            8,
            17,
            26,
            42,
            26,
            24,
            18,
            49,
            22,
            51,
            26,
            163,
            115,
            87,
            92,
            61,
            47,
            268,
            375,
            154,
            137,
            223,
            526,
            567
        ]
    }
}