{
    "msg": "success",
    "status": 200,
    "data": {
        "date": [
            "2019-11-29",
            "2019-12-02",
            "2019-12-03",
            "2019-12-04",
            "2019-12-05",
            "2019-12-06",
            "2019-12-09",
            "2019-12-10",
            "2019-12-11",
            "2019-12-12",
            "2019-12-13",
            "2019-12-16",
            "2019-12-17",
            "2019-12-18",
            "2019-12-19",
            "2019-12-20",
            "2019-12-23",
            "2019-12-24",
            "2019-12-25",
            "2019-12-26",
            "2019-12-27",
            "2019-12-30",
            "2019-12-31",
            "2020-01-02",
            "2020-01-03",
            "2020-01-06",
            "2020-01-07",
            "2020-01-08",
            "2020-01-09",
            "2020-01-10",
            "2020-01-13",
            "2020-01-14",
            "2020-01-15",
            "2020-01-16",
            "2020-01-17",
            "2020-01-20",
            "2020-01-30",
            "2020-01-31",
            "2020-02-03",
            "2020-02-04",
            "2020-02-05",
            "2020-02-06",
            "2020-02-07",
            "2020-02-10",
            "2020-02-11",
            "2020-02-12",
            "2020-02-13",
            "2020-02-14",
            "2020-02-17",
            "2020-02-18",
            "2020-02-19",
            "2020-02-20",
            "2020-02-21",
            "2020-02-24",
            "2020-02-25",
            "2020-02-26",
            "2020-02-27",
            "2020-03-02",
            "2020-03-03",
            "2020-03-04",
            "2020-03-05",
            "2020-03-06",
            "2020-03-09",
            "2020-03-10",
            "2020-03-11",
            "2020-03-12",
            "2020-03-13",
            "2020-03-16",
            "2020-03-17",
            "2020-03-18",
            "2020-03-19",
            "2020-03-20",
            "2020-03-23",
            "2020-03-24",
            "2020-03-25",
            "2020-03-26",
            "2020-03-27",
            "2020-03-30",
            "2020-03-31",
            "2020-04-01",
            "2020-04-06",
            "2020-04-07",
            "2020-04-08",
            "2020-04-09",
            "2020-04-10",
            "2020-04-13",
            "2020-04-14",
            "2020-04-15",
            "2020-04-16",
            "2020-04-17",
            "2020-04-20",
            "2020-04-21",
            "2020-04-22",
            "2020-04-23",
            "2020-04-24",
            "2020-04-27",
            "2020-04-28",
            "2020-04-29",
            "2020-04-30",
            "2020-05-04",
            "2020-05-05",
            "2020-05-06",
            "2020-05-07",
            "2020-05-08",
            "2020-05-11",
            "2020-05-12",
            "2020-05-13",
            "2020-05-14",
            "2020-05-15",
            "2020-05-18",
            "2020-05-19",
            "2020-05-20",
            "2020-05-21",
            "2020-05-22",
            "2020-05-25",
            "2020-05-26",
            "2020-05-27",
            "2020-05-28",
            "2020-05-29"
        ],
        "stock_id": [
            "4129A",
            "4129A",
            "4129A",
            "4129A",
            "4129A",
            "4129A",
            "4129A",
            "4129A",
            "4129A",
            "4129A",
            "4129A",
            "4129A",
            "4129A",
            "4129A",
            "4129A",
            "4129A",
            "4129A",
            "4129A",
            "4129A",
            "4129A",
            "4129A",
            "4129A",
            "4129A",
            "4129A",
            "4129A",
            "4129A",
            "4129A",
            "4129A",
            "4129A",
            "4129A",
            "4129A",
            "4129A",
            "4129A",
            "4129A",
            "4129A",
            "4129A",
            "4129A",
            "4129A",
            "4129A",
            "4129A",
            "4129A",
            "4129A",
            "4129A",
            "4129A",
            "4129A",
            "4129A",
            "4129A",
            "4129A",
            "4129A",
            "4129A",
            "4129A",
            "4129A",
            "4129A",
            "4129A",
            "4129A",
            "4129A",
            "4129A",
            "4129A",
            "4129A",
            "4129A",
            "4129A",
            "4129A",
            "4129A",
            "4129A",
            "4129A",
            "4129A",
            "4129A",
            "4129A",
            "4129A",
            "4129A",
            "4129A",
            "4129A",
            "4129A",
            "4129A",
            "4129A",
            "4129A",
            "4129A",
            "4129A",
            "4129A",
            "4129A",
            "4129A",
            "4129A",
            "4129A",
            "4129A",
            "4129A",
            "4129A",
            "4129A",
            "4129A",
            "4129A",
            "4129A",
            "4129A",
            "4129A",
            "4129A",
            "4129A",
            "4129A",
            "4129A",
            "4129A",
            "4129A",
            "4129A",
            "4129A",
            "4129A",
            "4129A",
            "4129A",
            "4129A",
            "4129A",
            "4129A",
            "4129A",
            "4129A",
            "4129A",
            "4129A",
            "4129A",
            "4129A",
            "4129A",
            "4129A",
            "4129A",
            "4129A",
            "4129A",
            "4129A",
            "4129A"
        ],
        "Trading_Volume": [
            2526000,
            525000,
            174000,
            292000,
            69000,
            78000,
            56000,
            88000,
            110000,
            177000,
            59000,
            166000,
            88000,
            110000,
            20000,
            8000,
            3000,
            66000,
            97000,
            58000,
            34000,
            79000,
            17000,
            12000,
            54000,
            38000,
            27000,
            55000,
            13000,
            11000,
            26000,
            3000,
            242000,
            11000,
            3000,
            25000,
            84000,
            23000,
            59000,
            65000,
            7000,
            3000,
            31000,
            4000,
            10000,
            26000,
            50000,
            30000,
            14000,
            7000,
            15000,
            5000,
            4000,
            13000,
            8000,
            18000,
            10000,
            42000,
            3000,
            4000,
            44000,
            49000,
            78000,
            28000,
            14000,
            101000,
            199000,
            151000,
            84000,
            49000,
            98000,
            115000,
            53000,
            94000,
            68000,
            62000,
            95000,
            36000,
            56000,
            25000,
            26000,
            43000,
            34000,
            35000,
            19000,
            20000,
            24000,
            40000,
            5000,
            26000,
            26000,
            63000,
            5000,
            42000,
            2000,
            15000,
            11000,
            5000,
            14000,
            6000,
            6000,
            0,
            9000,
            13000,
            16000,
            9000,
            6000,
            2000,
            8000,
            18000,
            4000,
            19000,
            11000,
            8000,
            12000,
            13000,
            12000,
            5000,
            0
        ],
        "Trading_money": [
            134237000,
            27820700,
            9207700,
            15437400,
            3640200,
            4111000,
            2954900,
            4641400,
            5805500,
            9345200,
            3112500,
            8764300,
            4639600,
            5799600,
            1054700,
            422300,
            158100,
            3478200,
            5113100,
            3051500,
            1791800,
            4171200,
            897600,
            633600,
            2854100,
            2006400,
            1423200,
            2899300,
            684500,
            579700,
            1370200,
            158100,
            12730000,
            578600,
            158000,
            1317100,
            4413900,
            1207900,
            3094100,
            3411500,
            367500,
            157700,
            1630700,
            210500,
            526700,
            1370300,
            2631600,
            1583600,
            740200,
            369600,
            793100,
            264000,
            211400,
            687800,
            423700,
            953300,
            528200,
            2213500,
            158100,
            210900,
            2327200,
            2592100,
            4104000,
            1472200,
            736400,
            5283800,
            10047500,
            7404600,
            3925300,
            2258300,
            4141450,
            4899000,
            2223000,
            4109600,
            3014700,
            2748650,
            4206800,
            1574550,
            2451750,
            1092750,
            1137000,
            1893300,
            1505250,
            1580650,
            882400,
            949100,
            1157900,
            1933150,
            240700,
            1251050,
            1250050,
            2993350,
            236050,
            1979900,
            94550,
            711700,
            527100,
            242600,
            685000,
            292750,
            295000,
            0,
            440300,
            634450,
            781650,
            439850,
            293850,
            97900,
            390000,
            872250,
            193450,
            916450,
            529000,
            384150,
            577100,
            626050,
            576700,
            243250,
            0
        ],
        "open": [
            53.7,
            53.1,
            52.9,
            53.0,
            52.8,
            52.7,
            52.7,
            52.8,
            52.7,
            52.8,
            52.7,
            52.8,
            52.8,
            52.8,
            52.8,
            52.8,
            52.7,
            52.7,
            52.8,
            52.7,
            52.7,
            52.8,
            52.8,
            52.8,
            52.8,
            52.8,
            52.8,
            52.7,
            52.7,
            52.7,
            52.7,
            52.7,
            52.7,
            52.6,
            52.7,
            52.6,
            52.6,
            52.5,
            52.5,
            52.5,
            52.5,
            52.5,
            52.6,
            52.6,
            52.6,
            52.7,
            52.7,
            52.7,
            52.8,
            52.8,
            52.8,
            52.8,
            52.8,
            52.9,
            52.9,
            53.0,
            52.8,
            52.8,
            52.7,
            52.7,
            52.8,
            52.9,
            52.8,
            52.5,
            52.6,
            52.5,
            51.8,
            49.8,
            47.0,
            46.55,
            45.0,
            44.6,
            41.2,
            43.1,
            45.0,
            44.5,
            44.9,
            44.25,
            43.85,
            43.8,
            43.75,
            44.1,
            44.3,
            44.6,
            46.0,
            46.75,
            47.7,
            48.8,
            48.25,
            48.25,
            48.15,
            47.95,
            47.25,
            47.4,
            47.25,
            47.25,
            47.8,
            48.5,
            48.55,
            48.6,
            49.0,
            0.0,
            49.0,
            48.9,
            48.95,
            48.85,
            49.0,
            48.8,
            48.95,
            48.6,
            48.4,
            48.3,
            48.1,
            48.1,
            48.05,
            48.15,
            48.05,
            48.3,
            0.0
        ],
        "max": [
            53.7,
            53.1,
            53.0,
            53.0,
            52.8,
            52.8,
            52.8,
            52.8,
            52.9,
            52.8,
            52.8,
            52.8,
            52.8,
            52.8,
            52.8,
            52.8,
            52.7,
            52.7,
            52.8,
            52.7,
            52.7,
            52.8,
            52.8,
            52.8,
            52.9,
            52.8,
            52.8,
            52.8,
            52.7,
            52.7,
            52.7,
            52.7,
            52.7,
            52.6,
            52.7,
            52.7,
            52.6,
            52.7,
            52.5,
            52.5,
            52.5,
            52.6,
            52.7,
            52.7,
            52.7,
            52.8,
            52.7,
            52.8,
            52.9,
            52.8,
            52.9,
            52.8,
            52.9,
            53.0,
            53.0,
            53.0,
            52.9,
            52.8,
            52.7,
            52.8,
            53.0,
            52.9,
            52.8,
            52.6,
            52.6,
            52.6,
            51.8,
            49.8,
            48.0,
            46.55,
            45.0,
            44.6,
            42.95,
            44.2,
            45.0,
            44.5,
            44.9,
            44.25,
            43.85,
            43.8,
            43.8,
            44.15,
            44.4,
            46.25,
            46.6,
            47.9,
            48.8,
            49.2,
            48.25,
            48.25,
            48.15,
            47.95,
            47.25,
            47.4,
            47.3,
            47.6,
            48.35,
            48.6,
            49.45,
            49.0,
            49.45,
            0.0,
            49.3,
            49.2,
            49.1,
            49.05,
            49.2,
            49.1,
            48.95,
            48.6,
            48.4,
            48.3,
            48.2,
            48.1,
            48.15,
            48.2,
            48.1,
            48.8,
            0.0
        ],
        "min": [
            52.8,
            52.9,
            52.9,
            52.7,
            52.7,
            52.7,
            52.7,
            52.7,
            52.7,
            52.7,
            52.7,
            52.7,
            52.7,
            52.7,
            52.7,
            52.7,
            52.7,
            52.7,
            52.6,
            52.6,
            52.7,
            52.8,
            52.8,
            52.8,
            52.8,
            52.8,
            52.7,
            52.6,
            52.6,
            52.7,
            52.7,
            52.7,
            52.5,
            52.6,
            52.6,
            52.6,
            52.5,
            52.5,
            52.4,
            52.4,
            52.5,
            52.5,
            52.6,
            52.6,
            52.6,
            52.7,
            52.6,
            52.7,
            52.8,
            52.8,
            52.8,
            52.8,
            52.8,
            52.9,
            52.9,
            52.9,
            52.8,
            52.7,
            52.7,
            52.7,
            52.8,
            52.9,
            52.4,
            52.5,
            52.6,
            52.1,
            49.8,
            48.0,
            46.0,
            45.15,
            41.4,
            41.45,
            41.0,
            43.0,
            44.1,
            44.2,
            43.9,
            43.6,
            43.65,
            43.65,
            43.6,
            43.95,
            44.1,
            44.6,
            46.0,
            46.75,
            47.7,
            47.7,
            48.0,
            48.0,
            48.0,
            47.1,
            47.2,
            47.0,
            47.25,
            47.25,
            47.65,
            48.5,
            48.55,
            48.55,
            49.0,
            0.0,
            48.8,
            48.65,
            48.8,
            48.85,
            48.9,
            48.8,
            48.6,
            48.4,
            48.25,
            48.1,
            48.0,
            48.0,
            48.05,
            48.1,
            48.05,
            48.3,
            0.0
        ],
        "close": [
            52.9,
            52.9,
            53.0,
            52.8,
            52.7,
            52.7,
            52.8,
            52.7,
            52.9,
            52.7,
            52.8,
            52.7,
            52.7,
            52.8,
            52.8,
            52.8,
            52.7,
            52.7,
            52.6,
            52.6,
            52.7,
            52.8,
            52.8,
            52.8,
            52.8,
            52.8,
            52.7,
            52.7,
            52.6,
            52.7,
            52.7,
            52.7,
            52.6,
            52.6,
            52.6,
            52.7,
            52.5,
            52.5,
            52.4,
            52.5,
            52.5,
            52.6,
            52.7,
            52.7,
            52.7,
            52.8,
            52.7,
            52.8,
            52.9,
            52.8,
            52.9,
            52.8,
            52.9,
            53.0,
            53.0,
            52.9,
            52.9,
            52.7,
            52.7,
            52.8,
            53.0,
            52.9,
            52.5,
            52.6,
            52.6,
            52.2,
            49.8,
            48.05,
            46.05,
            46.0,
            41.4,
            41.5,
            42.5,
            43.0,
            44.3,
            44.3,
            44.25,
            43.8,
            43.8,
            43.7,
            43.8,
            44.1,
            44.4,
            46.25,
            46.6,
            47.65,
            48.8,
            48.25,
            48.25,
            48.05,
            48.0,
            47.4,
            47.2,
            47.05,
            47.3,
            47.5,
            48.35,
            48.6,
            49.45,
            49.0,
            49.45,
            0.0,
            49.3,
            49.2,
            49.1,
            49.05,
            49.2,
            49.1,
            48.6,
            48.4,
            48.25,
            48.1,
            48.2,
            48.05,
            48.05,
            48.2,
            48.1,
            48.8,
            0.0
        ],
        "spread": [
            0.9,
            0.0,
            0.1,
            -0.2,
            -0.1,
            0.0,
            0.1,
            -0.1,
            0.2,
            -0.2,
            0.1,
            -0.1,
            0.0,
            0.1,
            0.0,
            0.0,
            -0.1,
            0.0,
            -0.1,
            0.0,
            0.1,
            0.1,
            0.0,
            0.0,
            0.0,
            0.0,
            -0.1,
            0.0,
            -0.1,
            0.1,
            0.0,
            0.0,
            -0.1,
            0.0,
            0.0,
            0.1,
            -0.2,
            0.0,
            -0.1,
            0.1,
            0.0,
            0.1,
            0.1,
            0.0,
            0.0,
            0.1,
            -0.1,
            0.1,
            0.1,
            -0.1,
            0.1,
            -0.1,
            0.1,
            0.1,
            0.0,
            -0.1,
            0.0,
            -0.2,
            0.0,
            0.1,
            0.2,
            -0.1,
            -0.4,
            0.1,
            0.0,
            -0.4,
            -2.4,
            -1.75,
            -2.0,
            -0.05,
            -4.6,
            0.1,
            1.0,
            0.5,
            1.3,
            0.0,
            -0.05,
            -0.45,
            0.0,
            -0.1,
            0.1,
            0.3,
            0.3,
            1.85,
            0.35,
            1.05,
            1.15,
            -0.55,
            0.0,
            -0.2,
            -0.05,
            -0.6,
            -0.2,
            -0.15,
            0.25,
            0.2,
            0.85,
            0.25,
            0.85,
            -0.45,
            0.45,
            0.0,
            0.0,
            -0.1,
            -0.1,
            -0.05,
            0.15,
            -0.1,
            -0.5,
            -0.2,
            -0.15,
            -0.15,
            0.1,
            -0.15,
            0.0,
            0.15,
            -0.1,
            0.7,
            0.0
        ],
        "Trading_turnover": [
            860,
            171,
            47,
            133,
            44,
            55,
            35,
            43,
            40,
            24,
            37,
            33,
            41,
            55,
            15,
            8,
            3,
            50,
            38,
            44,
            21,
            35,
            7,
            8,
            26,
            14,
            14,
            18,
            8,
            9,
            11,
            3,
            97,
            9,
            3,
            19,
            35,
            15,
            34,
            22,
            4,
            3,
            14,
            3,
            5,
            18,
            12,
            11,
            13,
            6,
            8,
            2,
            4,
            4,
            5,
            11,
            10,
            19,
            3,
            4,
            14,
            21,
            44,
            8,
            5,
            52,
            112,
            83,
            57,
            31,
            60,
            60,
            25,
            47,
            36,
            29,
            42,
            16,
            29,
            17,
            15,
            23,
            32,
            25,
            19,
            20,
            22,
            33,
            4,
            21,
            15,
            30,
            3,
            25,
            2,
            13,
            10,
            5,
            12,
            6,
            5,
            0,
            8,
            8,
            12,
            2,
            5,
            2,
            5,
            12,
            3,
            9,
            10,
            4,
            6,
            10,
            8,
            5,
            0
        ]
    }
}