{
    "msg": "success",
    "status": 200,
    "data": {
        "date": [
            "2020-05-18",
            "2020-05-19",
            "2020-05-20",
            "2020-05-21",
            "2020-05-22",
            "2020-05-25",
            "2020-05-26",
            "2020-05-27",
            "2020-05-28",
            "2020-05-29"
        ],
        "stock_id": [
            "8284",
            "8284",
            "8284",
            "8284",
            "8284",
            "8284",
            "8284",
            "8284",
            "8284",
            "8284"
        ],
        "Trading_Volume": [
            3066000,
            1776000,
            834000,
            925000,
            706000,
            643000,
            347000,
            390000,
            250000,
            205000
        ],
        "Trading_money": [
            207738900,
            124093200,
            55382100,
            61785900,
            46375200,
            41092200,
            22204900,
            24923800,
            15946600,
            12928200
        ],
        "open": [
            66.0,
            72.0,
            67.6,
            65.7,
            66.1,
            65.1,
            64.4,
            63.5,
            64.5,
            63.5
        ],
        "max": [
            74.9,
            73.0,
            67.6,
            68.1,
            67.1,
            65.5,
            64.8,
            64.9,
            64.5,
            63.5
        ],
        "min": [
            66.0,
            67.0,
            66.0,
            64.5,
            65.0,
            63.1,
            63.2,
            63.0,
            63.5,
            62.9
        ],
        "close": [
            70.9,
            67.5,
            66.0,
            67.1,
            65.1,
            64.0,
            63.4,
            64.3,
            63.5,
            63.0
        ],
        "spread": [
            25.9,
            -3.4,
            -1.5,
            1.1,
            -2.0,
            -1.1,
            -0.6,
            0.9,
            -0.8,
            -0.5
        ],
        "Trading_turnover": [
            2057,
            1364,
            640,
            632,
            515,
            485,
            269,
            295,
            202,
            171
        ]
    }
}