{
    "msg": "success",
    "status": 200,
    "data": {
        "date": [
            "2020-02-24",
            "2020-02-25",
            "2020-02-26",
            "2020-02-27",
            "2020-03-02",
            "2020-03-03",
            "2020-03-04",
            "2020-03-05",
            "2020-03-06",
            "2020-03-09",
            "2020-03-10",
            "2020-03-11",
            "2020-03-12",
            "2020-03-13",
            "2020-03-16",
            "2020-03-17",
            "2020-03-18",
            "2020-03-19",
            "2020-03-20",
            "2020-03-23",
            "2020-03-24",
            "2020-03-25",
            "2020-03-26",
            "2020-03-27",
            "2020-03-30",
            "2020-03-31",
            "2020-04-01",
            "2020-04-06",
            "2020-04-07",
            "2020-04-08",
            "2020-04-09",
            "2020-04-10",
            "2020-04-13",
            "2020-04-14",
            "2020-04-15",
            "2020-04-16",
            "2020-04-17",
            "2020-04-20",
            "2020-04-21",
            "2020-04-22",
            "2020-04-23",
            "2020-04-24",
            "2020-04-27",
            "2020-04-28",
            "2020-04-29",
            "2020-04-30",
            "2020-05-04",
            "2020-05-05",
            "2020-05-06",
            "2020-05-07",
            "2020-05-08",
            "2020-05-11",
            "2020-05-12",
            "2020-05-13",
            "2020-05-14",
            "2020-05-15",
            "2020-05-18",
            "2020-05-19",
            "2020-05-20",
            "2020-05-21",
            "2020-05-22",
            "2020-05-25",
            "2020-05-26",
            "2020-05-27",
            "2020-05-28",
            "2020-05-29"
        ],
        "stock_id": [
            "8349A",
            "8349A",
            "8349A",
            "8349A",
            "8349A",
            "8349A",
            "8349A",
            "8349A",
            "8349A",
            "8349A",
            "8349A",
            "8349A",
            "8349A",
            "8349A",
            "8349A",
            "8349A",
            "8349A",
            "8349A",
            "8349A",
            "8349A",
            "8349A",
            "8349A",
            "8349A",
            "8349A",
            "8349A",
            "8349A",
            "8349A",
            "8349A",
            "8349A",
            "8349A",
            "8349A",
            "8349A",
            "8349A",
            "8349A",
            "8349A",
            "8349A",
            "8349A",
            "8349A",
            "8349A",
            "8349A",
            "8349A",
            "8349A",
            "8349A",
            "8349A",
            "8349A",
            "8349A",
            "8349A",
            "8349A",
            "8349A",
            "8349A",
            "8349A",
            "8349A",
            "8349A",
            "8349A",
            "8349A",
            "8349A",
            "8349A",
            "8349A",
            "8349A",
            "8349A",
            "8349A",
            "8349A",
            "8349A",
            "8349A",
            "8349A",
            "8349A"
        ],
        "Trading_Volume": [
            1282000,
            233000,
            400000,
            158000,
            275000,
            235000,
            48000,
            133000,
            68000,
            55000,
            187000,
            49000,
            195000,
            115000,
            132000,
            677000,
            118000,
            100000,
            227000,
            392000,
            149000,
            145000,
            306000,
            57000,
            20000,
            85000,
            29000,
            31000,
            30000,
            18000,
            31000,
            98000,
            53000,
            38000,
            45000,
            18000,
            42000,
            4000,
            38000,
            9000,
            23000,
            13000,
            46000,
            32000,
            41000,
            62000,
            11000,
            45000,
            28000,
            11000,
            24000,
            16000,
            13000,
            22000,
            50000,
            5000,
            45000,
            23000,
            17000,
            44000,
            3000,
            13000,
            10000,
            6000,
            14000,
            16000
        ],
        "Trading_money": [
            63796200,
            11527750,
            19722950,
            7792550,
            13564750,
            11703850,
            2381200,
            6584100,
            3358000,
            2709850,
            9135100,
            2396450,
            9397000,
            5370400,
            6033250,
            27784700,
            4764250,
            3767350,
            8346000,
            15004550,
            6185850,
            5984800,
            12454200,
            2389900,
            820500,
            3549350,
            1199600,
            1283250,
            1241500,
            745300,
            1288000,
            4145300,
            2291200,
            1662450,
            1982550,
            792400,
            1850650,
            176200,
            1654850,
            387400,
            993400,
            560200,
            1978750,
            1376250,
            1773550,
            2693850,
            481650,
            1981400,
            1229750,
            482550,
            1052400,
            699850,
            567250,
            956450,
            2147900,
            214300,
            1909500,
            968000,
            714450,
            1845300,
            125550,
            544300,
            418850,
            251400,
            590200,
            671000
        ],
        "open": [
            50.0,
            49.55,
            49.6,
            49.1,
            49.25,
            49.5,
            49.7,
            49.5,
            49.5,
            49.3,
            49.1,
            49.35,
            48.85,
            47.6,
            46.6,
            44.5,
            40.9,
            39.9,
            37.35,
            36.7,
            40.05,
            41.35,
            41.0,
            42.0,
            41.2,
            41.7,
            41.55,
            41.3,
            41.45,
            41.5,
            41.45,
            41.75,
            42.7,
            43.5,
            43.85,
            44.0,
            44.1,
            44.1,
            43.95,
            43.2,
            43.2,
            43.1,
            43.05,
            43.0,
            43.0,
            43.4,
            43.7,
            43.95,
            44.05,
            43.95,
            44.0,
            43.8,
            43.7,
            43.5,
            43.2,
            42.95,
            42.7,
            42.7,
            42.15,
            42.0,
            41.85,
            41.9,
            41.85,
            41.9,
            42.0,
            42.2
        ],
        "max": [
            50.0,
            49.55,
            49.6,
            49.45,
            49.6,
            50.0,
            49.7,
            49.55,
            49.5,
            49.3,
            49.1,
            49.35,
            48.85,
            47.6,
            46.6,
            44.5,
            40.9,
            39.9,
            38.2,
            39.6,
            43.0,
            41.8,
            42.6,
            42.4,
            41.45,
            42.05,
            41.55,
            41.5,
            41.5,
            41.6,
            41.75,
            42.7,
            43.7,
            43.85,
            44.4,
            44.3,
            44.2,
            44.1,
            43.95,
            43.2,
            43.2,
            43.1,
            43.05,
            43.05,
            43.5,
            44.2,
            43.95,
            44.2,
            44.05,
            43.95,
            44.0,
            43.9,
            43.8,
            43.55,
            43.2,
            43.0,
            42.7,
            42.7,
            42.15,
            42.0,
            41.85,
            42.0,
            42.0,
            41.9,
            42.7,
            42.2
        ],
        "min": [
            49.55,
            49.4,
            49.0,
            49.1,
            49.0,
            49.5,
            49.5,
            49.45,
            49.3,
            49.25,
            48.55,
            48.85,
            47.85,
            46.5,
            45.0,
            40.6,
            39.9,
            37.0,
            35.5,
            36.2,
            40.05,
            40.7,
            39.6,
            41.6,
            40.85,
            41.5,
            41.3,
            41.2,
            41.25,
            41.25,
            41.45,
            41.75,
            42.65,
            43.45,
            43.7,
            43.85,
            44.0,
            43.9,
            43.35,
            43.0,
            43.1,
            43.05,
            42.95,
            43.0,
            43.0,
            43.35,
            43.7,
            43.95,
            43.85,
            43.8,
            43.8,
            43.7,
            43.6,
            43.3,
            42.8,
            42.75,
            42.3,
            42.0,
            42.0,
            41.85,
            41.85,
            41.8,
            41.8,
            41.9,
            41.9,
            41.8
        ],
        "close": [
            49.6,
            49.55,
            49.2,
            49.25,
            49.5,
            49.65,
            49.5,
            49.55,
            49.4,
            49.25,
            48.85,
            48.9,
            48.0,
            46.6,
            45.1,
            40.65,
            40.3,
            37.05,
            36.0,
            39.6,
            40.95,
            41.4,
            42.0,
            41.9,
            41.45,
            42.0,
            41.3,
            41.5,
            41.5,
            41.45,
            41.7,
            42.65,
            43.55,
            43.85,
            44.4,
            44.05,
            44.1,
            44.1,
            43.35,
            43.0,
            43.2,
            43.05,
            43.0,
            43.05,
            43.35,
            44.2,
            43.95,
            44.05,
            43.9,
            43.95,
            44.0,
            43.9,
            43.8,
            43.5,
            42.8,
            43.0,
            42.5,
            42.05,
            42.15,
            41.85,
            41.85,
            41.85,
            41.9,
            41.9,
            42.65,
            42.0
        ],
        "spread": [
            -0.4,
            -0.05,
            -0.35,
            0.05,
            0.25,
            0.15,
            -0.15,
            0.05,
            -0.15,
            -0.15,
            -0.4,
            0.05,
            -0.9,
            -1.4,
            -1.5,
            -4.45,
            -0.35,
            -3.25,
            -1.05,
            3.6,
            1.35,
            0.45,
            0.6,
            -0.1,
            -0.45,
            0.55,
            -0.7,
            0.2,
            0.0,
            -0.05,
            0.25,
            0.95,
            0.9,
            0.3,
            0.55,
            -0.35,
            0.05,
            0.0,
            -0.75,
            -0.35,
            0.2,
            -0.15,
            -0.05,
            0.05,
            0.3,
            0.85,
            -0.25,
            0.1,
            -0.15,
            0.05,
            0.05,
            -0.1,
            -0.1,
            -0.3,
            -0.7,
            0.2,
            -0.5,
            -0.45,
            0.1,
            -0.3,
            0.0,
            0.0,
            0.05,
            0.0,
            0.75,
            -0.65
        ],
        "Trading_turnover": [
            537,
            138,
            238,
            55,
            114,
            85,
            37,
            61,
            47,
            23,
            101,
            36,
            90,
            86,
            92,
            386,
            72,
            68,
            108,
            160,
            86,
            57,
            145,
            48,
            17,
            28,
            9,
            13,
            12,
            13,
            18,
            64,
            41,
            29,
            29,
            15,
            24,
            3,
            21,
            8,
            5,
            4,
            14,
            15,
            24,
            34,
            10,
            29,
            17,
            10,
            18,
            12,
            8,
            16,
            19,
            4,
            21,
            16,
            10,
            27,
            3,
            13,
            9,
            5,
            10,
            13
        ]
    }
}