{
    "msg": "success",
    "status": 200,
    "data": {
        "date": [
            "2012-01-07",
            "2019-09-17",
            "2019-09-18",
            "2019-09-19",
            "2019-09-20",
            "2019-09-23",
            "2019-09-24",
            "2019-09-25",
            "2019-09-26",
            "2019-09-27",
            "2019-10-01",
            "2019-10-02",
            "2019-10-03",
            "2019-10-04",
            "2019-10-07",
            "2019-10-08",
            "2019-10-09",
            "2019-10-14",
            "2019-10-15",
            "2019-10-16",
            "2019-10-17",
            "2019-10-18",
            "2019-10-21",
            "2019-10-22",
            "2019-10-23",
            "2019-10-24",
            "2019-10-25",
            "2019-10-28",
            "2019-10-29",
            "2019-10-30",
            "2019-10-31",
            "2019-11-01",
            "2019-11-04",
            "2019-11-05",
            "2019-11-06",
            "2019-11-07",
            "2019-11-08",
            "2019-11-11",
            "2019-11-12",
            "2019-11-13",
            "2019-11-14",
            "2019-11-15",
            "2019-11-18",
            "2019-11-19",
            "2019-11-20",
            "2019-11-21",
            "2019-11-22",
            "2019-11-25",
            "2019-11-26",
            "2019-11-27",
            "2019-11-28",
            "2019-11-29",
            "2019-12-02",
            "2019-12-03",
            "2019-12-04",
            "2019-12-05",
            "2019-12-06",
            "2019-12-09",
            "2019-12-10",
            "2019-12-11",
            "2019-12-12",
            "2019-12-13",
            "2019-12-16",
            "2019-12-17",
            "2019-12-18",
            "2019-12-19",
            "2019-12-20",
            "2019-12-23",
            "2019-12-24",
            "2019-12-25",
            "2019-12-26",
            "2019-12-27",
            "2019-12-30",
            "2019-12-31",
            "2020-01-02",
            "2020-01-03",
            "2020-01-06",
            "2020-01-07",
            "2020-01-08",
            "2020-01-09",
            "2020-01-10",
            "2020-01-13",
            "2020-01-14",
            "2020-01-15",
            "2020-01-16",
            "2020-01-17",
            "2020-01-20",
            "2020-01-30",
            "2020-01-31",
            "2020-02-03",
            "2020-02-04",
            "2020-02-05",
            "2020-02-06",
            "2020-02-07",
            "2020-02-10",
            "2020-02-11",
            "2020-02-12",
            "2020-02-13",
            "2020-02-14",
            "2020-02-17",
            "2020-02-18",
            "2020-02-19",
            "2020-02-20",
            "2020-02-21",
            "2020-02-24",
            "2020-02-25",
            "2020-02-26",
            "2020-02-27",
            "2020-03-02",
            "2020-03-03",
            "2020-03-04",
            "2020-03-05",
            "2020-03-06",
            "2020-03-09",
            "2020-03-10",
            "2020-03-11",
            "2020-03-12",
            "2020-03-13",
            "2020-03-16",
            "2020-03-17",
            "2020-03-18",
            "2020-03-19",
            "2020-03-20",
            "2020-03-23",
            "2020-03-24",
            "2020-03-25",
            "2020-03-26",
            "2020-03-27",
            "2020-03-30",
            "2020-03-31",
            "2020-04-01",
            "2020-04-06",
            "2020-04-07",
            "2020-04-08",
            "2020-04-09",
            "2020-04-10",
            "2020-04-13",
            "2020-04-14",
            "2020-04-15",
            "2020-04-16",
            "2020-04-17",
            "2020-04-20",
            "2020-04-21",
            "2020-04-22",
            "2020-04-23",
            "2020-04-24",
            "2020-04-27",
            "2020-04-28",
            "2020-04-29",
            "2020-04-30",
            "2020-05-04",
            "2020-05-05",
            "2020-05-06",
            "2020-05-07",
            "2020-05-08",
            "2020-05-11",
            "2020-05-12",
            "2020-05-13",
            "2020-05-14",
            "2020-05-15",
            "2020-05-18",
            "2020-05-19",
            "2020-05-20",
            "2020-05-21",
            "2020-05-22",
            "2020-05-25",
            "2020-05-26",
            "2020-05-27",
            "2020-05-28",
            "2020-05-29"
        ],
        "stock_id": [
            "4571",
            "4571",
            "4571",
            "4571",
            "4571",
            "4571",
            "4571",
            "4571",
            "4571",
            "4571",
            "4571",
            "4571",
            "4571",
            "4571",
            "4571",
            "4571",
            "4571",
            "4571",
            "4571",
            "4571",
            "4571",
            "4571",
            "4571",
            "4571",
            "4571",
            "4571",
            "4571",
            "4571",
            "4571",
            "4571",
            "4571",
            "4571",
            "4571",
            "4571",
            "4571",
            "4571",
            "4571",
            "4571",
            "4571",
            "4571",
            "4571",
            "4571",
            "4571",
            "4571",
            "4571",
            "4571",
            "4571",
            "4571",
            "4571",
            "4571",
            "4571",
            "4571",
            "4571",
            "4571",
            "4571",
            "4571",
            "4571",
            "4571",
            "4571",
            "4571",
            "4571",
            "4571",
            "4571",
            "4571",
            "4571",
            "4571",
            "4571",
            "4571",
            "4571",
            "4571",
            "4571",
            "4571",
            "4571",
            "4571",
            "4571",
            "4571",
            "4571",
            "4571",
            "4571",
            "4571",
            "4571",
            "4571",
            "4571",
            "4571",
            "4571",
            "4571",
            "4571",
            "4571",
            "4571",
            "4571",
            "4571",
            "4571",
            "4571",
            "4571",
            "4571",
            "4571",
            "4571",
            "4571",
            "4571",
            "4571",
            "4571",
            "4571",
            "4571",
            "4571",
            "4571",
            "4571",
            "4571",
            "4571",
            "4571",
            "4571",
            "4571",
            "4571",
            "4571",
            "4571",
            "4571",
            "4571",
            "4571",
            "4571",
            "4571",
            "4571",
            "4571",
            "4571",
            "4571",
            "4571",
            "4571",
            "4571",
            "4571",
            "4571",
            "4571",
            "4571",
            "4571",
            "4571",
            "4571",
            "4571",
            "4571",
            "4571",
            "4571",
            "4571",
            "4571",
            "4571",
            "4571",
            "4571",
            "4571",
            "4571",
            "4571",
            "4571",
            "4571",
            "4571",
            "4571",
            "4571",
            "4571",
            "4571",
            "4571",
            "4571",
            "4571",
            "4571",
            "4571",
            "4571",
            "4571",
            "4571",
            "4571",
            "4571",
            "4571",
            "4571",
            "4571",
            "4571",
            "4571",
            "4571",
            "4571",
            "4571"
        ],
        "Trading_Volume": [
            0,
            2753000,
            1597000,
            806000,
            617000,
            401000,
            615000,
            446259,
            158000,
            257150,
            212127,
            204000,
            205100,
            192000,
            203100,
            192000,
            215000,
            160000,
            147000,
            140000,
            55000,
            30000,
            145380,
            114400,
            46720,
            25060,
            8000,
            22000,
            58000,
            42000,
            67000,
            18000,
            60000,
            28000,
            134200,
            159010,
            76000,
            64000,
            90275,
            38025,
            102000,
            34001,
            43010,
            64000,
            33000,
            11000,
            40000,
            32000,
            20000,
            14000,
            40000,
            37100,
            27000,
            64000,
            14000,
            9000,
            23000,
            59099,
            38049,
            127000,
            50000,
            35000,
            16000,
            19000,
            19000,
            63000,
            47005,
            19000,
            11000,
            39000,
            25000,
            12000,
            39002,
            29000,
            28000,
            22000,
            11000,
            59000,
            7000,
            10000,
            19000,
            12000,
            10000,
            32000,
            21200,
            124000,
            59100,
            165300,
            53000,
            55000,
            13000,
            19000,
            24000,
            15000,
            33000,
            16000,
            32000,
            30000,
            7000,
            4000,
            9000,
            20000,
            13000,
            42000,
            86000,
            44000,
            29000,
            109000,
            67800,
            31000,
            29000,
            19050,
            65122,
            41000,
            12000,
            14000,
            33000,
            84000,
            27000,
            50050,
            68155,
            135020,
            104000,
            78000,
            18050,
            102000,
            66000,
            182200,
            98000,
            8075,
            1014,
            6000,
            13000,
            26000,
            31000,
            3000,
            59200,
            27000,
            21000,
            20000,
            113000,
            39000,
            52000,
            12050,
            11000,
            9000,
            31000,
            13000,
            61000,
            63014,
            6000,
            15000,
            6000,
            16000,
            6001,
            16000,
            11000,
            45000,
            20050,
            11000,
            35000,
            37000,
            15000,
            11000,
            18000,
            2000,
            45000,
            16200,
            14000,
            10000
        ],
        "Trading_money": [
            0,
            243281800,
            146348800,
            74570200,
            56557400,
            36732400,
            54521096,
            38267822,
            13610000,
            21538070,
            17105399,
            16483100,
            16524609,
            15441300,
            16294800,
            15404700,
            17239000,
            12850000,
            11775900,
            11200600,
            4399200,
            2401700,
            12073500,
            9552200,
            3779620,
            2027842,
            646200,
            1774700,
            4662000,
            3370100,
            5345100,
            1418000,
            4622600,
            2148700,
            10009400,
            11422320,
            5431500,
            4495200,
            6454606,
            2721705,
            7467600,
            2466472,
            3067515,
            4547000,
            2364600,
            788800,
            2838300,
            2275000,
            1424300,
            994800,
            2846300,
            2617440,
            1894600,
            4517300,
            985500,
            635400,
            1615900,
            4144960,
            2664949,
            8752900,
            3445900,
            2412600,
            1100600,
            1309400,
            1305500,
            4311600,
            3210845,
            1294100,
            756500,
            2709300,
            1738300,
            826800,
            2753352,
            2049500,
            1960600,
            1530900,
            767100,
            4040500,
            480400,
            693000,
            1312900,
            835000,
            689700,
            2199000,
            1453660,
            8439600,
            4078100,
            11237050,
            3552900,
            3577000,
            855500,
            1237400,
            1549400,
            965300,
            2109200,
            1025800,
            2060300,
            1922500,
            447700,
            254900,
            574800,
            1280000,
            828600,
            2660400,
            5358300,
            2689300,
            1764700,
            6510000,
            3934380,
            1809400,
            1691000,
            1109325,
            3699511,
            2333200,
            683200,
            801300,
            1822800,
            4276200,
            1353650,
            2274952,
            2949472,
            5345647,
            4459650,
            3389900,
            841247,
            5094600,
            3380900,
            9386300,
            4969500,
            412615,
            52430,
            304500,
            662200,
            1329800,
            1581400,
            152700,
            3100000,
            1420100,
            1099900,
            1055700,
            5946800,
            2116400,
            2815200,
            643510,
            588500,
            487700,
            1711700,
            726000,
            3495100,
            3795438,
            348700,
            866400,
            352800,
            949400,
            359860,
            951600,
            665300,
            2756700,
            1228685,
            678400,
            2084100,
            2209600,
            893700,
            661100,
            1070800,
            120100,
            2760500,
            970940,
            833800,
            590000
        ],
        "open": [
            0.0,
            89.0,
            90.7,
            92.8,
            91.7,
            92.7,
            91.6,
            87.0,
            85.0,
            85.5,
            81.1,
            80.1,
            80.0,
            80.7,
            80.3,
            80.3,
            80.4,
            80.2,
            80.4,
            80.3,
            80.0,
            80.1,
            80.2,
            83.6,
            81.6,
            81.7,
            80.7,
            80.7,
            80.8,
            80.2,
            80.1,
            79.0,
            78.6,
            77.1,
            76.7,
            73.4,
            72.0,
            71.5,
            70.5,
            71.0,
            72.0,
            73.2,
            71.4,
            70.8,
            71.3,
            71.9,
            71.3,
            70.3,
            71.9,
            71.4,
            71.0,
            70.7,
            70.3,
            70.1,
            70.2,
            70.9,
            70.4,
            70.4,
            70.3,
            69.8,
            68.8,
            68.4,
            69.8,
            69.0,
            68.7,
            68.7,
            68.5,
            68.0,
            68.5,
            69.0,
            69.7,
            68.6,
            69.8,
            70.8,
            70.2,
            70.0,
            70.0,
            69.5,
            69.0,
            69.0,
            69.4,
            69.6,
            69.0,
            68.9,
            68.5,
            68.7,
            69.1,
            68.0,
            67.0,
            66.0,
            64.5,
            65.4,
            64.6,
            64.3,
            64.3,
            63.9,
            63.8,
            64.3,
            63.8,
            63.5,
            63.6,
            63.6,
            64.0,
            63.5,
            63.0,
            61.6,
            60.5,
            61.0,
            58.1,
            58.0,
            58.1,
            58.3,
            58.0,
            57.8,
            57.0,
            57.6,
            55.3,
            52.2,
            54.0,
            44.6,
            45.05,
            42.4,
            41.0,
            42.5,
            45.0,
            47.5,
            50.8,
            51.5,
            47.65,
            51.0,
            51.7,
            51.0,
            51.0,
            51.5,
            51.3,
            50.9,
            52.2,
            53.4,
            52.1,
            52.5,
            53.1,
            52.8,
            54.9,
            53.6,
            54.3,
            54.6,
            55.0,
            56.0,
            55.9,
            60.4,
            58.0,
            57.8,
            59.8,
            60.5,
            59.5,
            59.9,
            61.3,
            59.7,
            60.8,
            62.4,
            60.6,
            59.5,
            59.5,
            60.5,
            60.2,
            60.0,
            61.0,
            60.0,
            60.0,
            58.4
        ],
        "max": [
            0.0,
            92.3,
            97.0,
            93.9,
            92.6,
            92.8,
            92.1,
            87.3,
            87.1,
            85.5,
            82.0,
            82.2,
            81.3,
            81.0,
            80.5,
            80.5,
            80.8,
            80.9,
            80.4,
            80.3,
            80.1,
            80.1,
            84.9,
            84.8,
            82.8,
            81.7,
            81.0,
            80.8,
            80.8,
            80.4,
            80.1,
            79.4,
            78.6,
            77.1,
            76.7,
            73.4,
            72.5,
            71.5,
            73.5,
            72.0,
            74.5,
            73.2,
            71.7,
            71.6,
            72.0,
            71.9,
            71.7,
            71.9,
            71.9,
            71.4,
            71.6,
            71.3,
            70.7,
            71.9,
            70.8,
            70.9,
            70.4,
            70.4,
            70.3,
            69.8,
            69.6,
            69.7,
            69.8,
            69.0,
            68.8,
            68.7,
            68.6,
            68.2,
            69.5,
            70.0,
            70.0,
            69.4,
            71.1,
            70.9,
            70.5,
            70.3,
            70.3,
            69.5,
            69.0,
            69.4,
            69.5,
            69.7,
            69.2,
            69.5,
            69.0,
            69.0,
            69.2,
            68.8,
            67.7,
            66.0,
            66.8,
            66.0,
            65.4,
            65.0,
            64.3,
            64.7,
            64.7,
            64.6,
            64.4,
            64.0,
            64.0,
            64.4,
            64.0,
            63.6,
            63.2,
            61.6,
            61.0,
            61.0,
            58.9,
            59.6,
            58.5,
            58.5,
            58.0,
            57.8,
            57.4,
            57.6,
            56.6,
            54.3,
            54.0,
            47.4,
            46.3,
            42.4,
            43.45,
            44.5,
            47.4,
            51.1,
            51.9,
            52.0,
            51.4,
            51.7,
            51.7,
            51.0,
            51.2,
            51.5,
            51.3,
            50.9,
            53.0,
            53.4,
            52.8,
            53.0,
            53.3,
            56.5,
            56.9,
            53.7,
            54.3,
            54.6,
            55.8,
            56.0,
            59.9,
            62.2,
            58.7,
            58.3,
            59.8,
            60.5,
            60.7,
            60.2,
            61.5,
            62.9,
            62.3,
            62.7,
            60.6,
            60.9,
            60.7,
            60.5,
            60.2,
            60.1,
            64.2,
            60.1,
            60.3,
            59.9
        ],
        "min": [
            0.0,
            85.5,
            89.4,
            91.4,
            90.3,
            90.9,
            86.9,
            85.0,
            85.0,
            82.2,
            79.7,
            79.8,
            80.0,
            80.2,
            80.1,
            80.0,
            80.0,
            80.1,
            80.0,
            79.9,
            79.9,
            80.0,
            80.2,
            81.8,
            80.6,
            80.5,
            80.7,
            80.6,
            80.2,
            80.2,
            79.0,
            78.5,
            76.8,
            76.5,
            73.2,
            71.0,
            71.0,
            69.9,
            70.5,
            71.0,
            72.0,
            72.0,
            71.1,
            70.8,
            71.0,
            71.3,
            70.1,
            70.0,
            70.9,
            70.6,
            70.8,
            70.1,
            70.0,
            70.0,
            70.2,
            70.4,
            70.2,
            70.0,
            69.8,
            68.0,
            68.5,
            68.4,
            68.5,
            68.8,
            68.7,
            68.0,
            68.1,
            68.0,
            68.5,
            69.0,
            69.2,
            68.6,
            69.8,
            70.5,
            69.4,
            69.1,
            69.4,
            68.0,
            68.2,
            69.0,
            69.0,
            69.5,
            68.8,
            68.5,
            68.4,
            67.7,
            68.8,
            66.9,
            66.7,
            64.7,
            64.4,
            64.9,
            64.4,
            64.1,
            63.5,
            63.7,
            63.8,
            63.8,
            63.8,
            63.5,
            63.6,
            63.5,
            63.6,
            63.2,
            61.7,
            60.9,
            60.5,
            58.6,
            57.6,
            58.0,
            58.0,
            58.0,
            56.0,
            56.0,
            55.1,
            56.5,
            52.6,
            50.4,
            48.95,
            44.5,
            42.3,
            39.0,
            40.1,
            42.5,
            45.0,
            47.5,
            50.8,
            51.4,
            47.65,
            51.0,
            51.7,
            50.1,
            50.5,
            51.0,
            50.6,
            50.9,
            52.0,
            52.1,
            52.0,
            52.5,
            52.2,
            52.8,
            52.8,
            53.0,
            53.3,
            54.0,
            54.8,
            55.6,
            55.9,
            59.5,
            57.1,
            57.2,
            58.4,
            58.4,
            59.0,
            58.7,
            59.2,
            59.2,
            60.8,
            60.6,
            58.2,
            59.4,
            59.2,
            59.6,
            59.0,
            60.0,
            58.8,
            59.7,
            59.1,
            58.2
        ],
        "close": [
            0.0,
            90.0,
            94.3,
            92.0,
            92.4,
            91.0,
            87.2,
            85.0,
            85.9,
            83.0,
            80.1,
            80.5,
            80.2,
            80.3,
            80.3,
            80.3,
            80.2,
            80.3,
            80.2,
            80.0,
            80.0,
            80.0,
            83.5,
            81.8,
            81.6,
            80.7,
            81.0,
            80.7,
            80.5,
            80.4,
            79.5,
            78.7,
            77.0,
            76.9,
            73.9,
            71.5,
            71.5,
            70.0,
            72.0,
            71.5,
            73.0,
            72.3,
            71.3,
            70.9,
            71.9,
            71.3,
            70.5,
            71.9,
            71.1,
            71.0,
            70.8,
            70.1,
            70.1,
            71.0,
            70.3,
            70.4,
            70.4,
            70.0,
            69.8,
            68.8,
            68.6,
            68.9,
            68.9,
            68.8,
            68.8,
            68.3,
            68.1,
            68.1,
            68.5,
            69.2,
            69.2,
            69.4,
            71.0,
            70.5,
            70.0,
            70.3,
            69.5,
            68.2,
            69.0,
            69.4,
            69.0,
            69.5,
            69.1,
            68.6,
            69.0,
            68.4,
            68.8,
            67.3,
            67.7,
            65.0,
            66.5,
            64.9,
            65.4,
            64.3,
            64.0,
            64.0,
            64.6,
            63.8,
            63.9,
            64.0,
            64.0,
            64.0,
            63.6,
            63.2,
            62.1,
            61.4,
            61.0,
            60.2,
            58.2,
            58.3,
            58.3,
            58.0,
            57.8,
            57.6,
            57.4,
            57.5,
            56.0,
            54.3,
            48.95,
            46.6,
            42.65,
            39.5,
            43.45,
            44.2,
            46.5,
            50.4,
            51.2,
            51.5,
            51.4,
            51.7,
            51.7,
            51.0,
            51.2,
            51.2,
            51.2,
            50.9,
            53.0,
            52.6,
            52.8,
            53.0,
            52.8,
            55.8,
            55.5,
            53.7,
            54.0,
            54.2,
            55.7,
            56.0,
            59.8,
            59.9,
            58.5,
            58.3,
            58.4,
            59.5,
            60.2,
            59.5,
            59.7,
            62.9,
            62.3,
            60.6,
            60.6,
            60.0,
            60.4,
            60.3,
            59.5,
            60.1,
            61.2,
            59.7,
            59.1,
            58.6
        ],
        "spread": [
            0.0,
            0.0,
            4.3,
            -2.3,
            0.4,
            -1.4,
            -3.8,
            -2.2,
            0.9,
            -2.9,
            -2.9,
            0.4,
            -0.3,
            0.1,
            0.0,
            0.0,
            -0.1,
            0.1,
            -0.1,
            -0.2,
            0.0,
            0.0,
            3.5,
            -1.7,
            -0.2,
            -0.9,
            0.3,
            -0.3,
            -0.2,
            -0.1,
            -0.9,
            -0.8,
            -1.7,
            -0.1,
            -3.0,
            -2.4,
            0.0,
            -1.5,
            2.0,
            -0.5,
            1.5,
            -0.7,
            -1.0,
            -0.4,
            1.0,
            -0.6,
            -0.8,
            1.4,
            -0.8,
            -0.1,
            -0.2,
            -0.7,
            0.0,
            0.9,
            -0.7,
            0.1,
            0.0,
            -0.4,
            -0.2,
            -1.0,
            -0.2,
            0.3,
            0.0,
            -0.1,
            0.0,
            -0.5,
            -0.2,
            0.0,
            0.4,
            0.7,
            0.0,
            0.2,
            1.6,
            -0.5,
            -0.5,
            0.3,
            -0.8,
            -1.3,
            0.8,
            0.4,
            -0.4,
            0.5,
            -0.4,
            -0.5,
            0.4,
            -0.6,
            0.4,
            -1.5,
            0.4,
            -2.7,
            1.5,
            -1.6,
            0.5,
            -1.1,
            -0.3,
            0.0,
            0.6,
            -0.8,
            0.1,
            0.1,
            0.0,
            0.0,
            -0.4,
            -0.4,
            -1.1,
            -0.7,
            -0.4,
            -0.8,
            -2.0,
            0.1,
            0.0,
            -0.3,
            -0.2,
            -0.2,
            -0.2,
            0.1,
            -1.5,
            -1.7,
            -5.35,
            -2.35,
            -3.95,
            -3.15,
            3.95,
            0.75,
            2.3,
            3.9,
            0.8,
            0.3,
            -0.1,
            0.3,
            0.0,
            -0.7,
            0.2,
            0.0,
            0.0,
            -0.3,
            2.1,
            -0.4,
            0.2,
            0.2,
            -0.2,
            3.0,
            -0.3,
            -1.8,
            0.3,
            0.2,
            1.5,
            0.3,
            3.8,
            0.1,
            -1.4,
            -0.2,
            0.1,
            1.1,
            0.7,
            -0.7,
            0.2,
            3.2,
            -0.6,
            -1.7,
            0.0,
            -0.6,
            0.4,
            -0.1,
            -0.8,
            0.6,
            1.1,
            -1.5,
            -0.6,
            -0.5
        ],
        "Trading_turnover": [
            0,
            1655,
            956,
            591,
            397,
            240,
            485,
            334,
            123,
            165,
            158,
            132,
            80,
            84,
            77,
            63,
            66,
            62,
            39,
            48,
            31,
            21,
            111,
            94,
            44,
            22,
            8,
            18,
            32,
            29,
            45,
            16,
            48,
            22,
            104,
            96,
            73,
            42,
            77,
            28,
            73,
            30,
            35,
            50,
            21,
            8,
            31,
            28,
            20,
            14,
            34,
            32,
            19,
            36,
            14,
            9,
            19,
            32,
            23,
            88,
            32,
            26,
            12,
            15,
            17,
            26,
            29,
            18,
            11,
            29,
            22,
            9,
            33,
            21,
            22,
            16,
            8,
            40,
            6,
            8,
            11,
            10,
            10,
            26,
            19,
            80,
            27,
            70,
            25,
            32,
            13,
            13,
            19,
            15,
            21,
            15,
            20,
            22,
            7,
            4,
            8,
            17,
            12,
            27,
            42,
            32,
            20,
            57,
            40,
            27,
            21,
            15,
            58,
            31,
            12,
            11,
            13,
            57,
            23,
            41,
            64,
            61,
            50,
            50,
            10,
            54,
            47,
            40,
            41,
            5,
            2,
            6,
            11,
            14,
            18,
            3,
            41,
            20,
            21,
            14,
            54,
            33,
            44,
            12,
            8,
            8,
            29,
            11,
            49,
            57,
            6,
            15,
            6,
            14,
            7,
            15,
            10,
            39,
            20,
            10,
            27,
            30,
            12,
            10,
            18,
            2,
            38,
            12,
            14,
            10
        ]
    }
}