{
    "msg": "success",
    "status": 200,
    "data": {
        "date": [
            "2012-01-07",
            "2019-09-10",
            "2019-09-11",
            "2019-09-12",
            "2019-09-16",
            "2019-09-17",
            "2019-09-18",
            "2019-09-19",
            "2019-09-20",
            "2019-09-23",
            "2019-09-24",
            "2019-09-25",
            "2019-09-26",
            "2019-09-27",
            "2019-10-01",
            "2019-10-02",
            "2019-10-03",
            "2019-10-04",
            "2019-10-07",
            "2019-10-08",
            "2019-10-09",
            "2019-10-14",
            "2019-10-15",
            "2019-10-16",
            "2019-10-17",
            "2019-10-18",
            "2019-10-21",
            "2019-10-22",
            "2019-10-23",
            "2019-10-24",
            "2019-10-25",
            "2019-10-28",
            "2019-10-29",
            "2019-10-30",
            "2019-10-31",
            "2019-11-01",
            "2019-11-04",
            "2019-11-05",
            "2019-11-06",
            "2019-11-07",
            "2019-11-08",
            "2019-11-11",
            "2019-11-12",
            "2019-11-13",
            "2019-11-14",
            "2019-11-15",
            "2019-11-18",
            "2019-11-19",
            "2019-11-20",
            "2019-11-21",
            "2019-11-22",
            "2019-11-25",
            "2019-11-26",
            "2019-11-27",
            "2019-11-28",
            "2019-11-29",
            "2019-12-02",
            "2019-12-03",
            "2019-12-04",
            "2019-12-05",
            "2019-12-06",
            "2019-12-09",
            "2019-12-10",
            "2019-12-11",
            "2019-12-12",
            "2019-12-13",
            "2019-12-16",
            "2019-12-17",
            "2019-12-18",
            "2019-12-19",
            "2019-12-20",
            "2019-12-23",
            "2019-12-24",
            "2019-12-25",
            "2019-12-26",
            "2019-12-27",
            "2019-12-30",
            "2019-12-31",
            "2020-01-02",
            "2020-01-03",
            "2020-01-06",
            "2020-01-07",
            "2020-01-08",
            "2020-01-09",
            "2020-01-10",
            "2020-01-13",
            "2020-01-14",
            "2020-01-15",
            "2020-01-16",
            "2020-01-17",
            "2020-01-20",
            "2020-01-30",
            "2020-01-31",
            "2020-02-03",
            "2020-02-04",
            "2020-02-05",
            "2020-02-06",
            "2020-02-07",
            "2020-02-10",
            "2020-02-11",
            "2020-02-12",
            "2020-02-13",
            "2020-02-14",
            "2020-02-17",
            "2020-02-18",
            "2020-02-19",
            "2020-02-20",
            "2020-02-21",
            "2020-02-24",
            "2020-02-25",
            "2020-02-26",
            "2020-02-27",
            "2020-03-02",
            "2020-03-03",
            "2020-03-04",
            "2020-03-05",
            "2020-03-06",
            "2020-03-09",
            "2020-03-10",
            "2020-03-11",
            "2020-03-12",
            "2020-03-13",
            "2020-03-16",
            "2020-03-17",
            "2020-03-18",
            "2020-03-19",
            "2020-03-20",
            "2020-03-23",
            "2020-03-24",
            "2020-03-25",
            "2020-03-26",
            "2020-03-27",
            "2020-03-30",
            "2020-03-31",
            "2020-04-01",
            "2020-04-06",
            "2020-04-07",
            "2020-04-08",
            "2020-04-09",
            "2020-04-10",
            "2020-04-13",
            "2020-04-14",
            "2020-04-15",
            "2020-04-16",
            "2020-04-17",
            "2020-04-20",
            "2020-04-21",
            "2020-04-22",
            "2020-04-23",
            "2020-04-24",
            "2020-04-27",
            "2020-04-28",
            "2020-04-29",
            "2020-04-30",
            "2020-05-04",
            "2020-05-05",
            "2020-05-06",
            "2020-05-07",
            "2020-05-08",
            "2020-05-11",
            "2020-05-12",
            "2020-05-13",
            "2020-05-14",
            "2020-05-15",
            "2020-05-18",
            "2020-05-19",
            "2020-05-20",
            "2020-05-21",
            "2020-05-22",
            "2020-05-25",
            "2020-05-26",
            "2020-05-27",
            "2020-05-28",
            "2020-05-29"
        ],
        "stock_id": [
            "4572",
            "4572",
            "4572",
            "4572",
            "4572",
            "4572",
            "4572",
            "4572",
            "4572",
            "4572",
            "4572",
            "4572",
            "4572",
            "4572",
            "4572",
            "4572",
            "4572",
            "4572",
            "4572",
            "4572",
            "4572",
            "4572",
            "4572",
            "4572",
            "4572",
            "4572",
            "4572",
            "4572",
            "4572",
            "4572",
            "4572",
            "4572",
            "4572",
            "4572",
            "4572",
            "4572",
            "4572",
            "4572",
            "4572",
            "4572",
            "4572",
            "4572",
            "4572",
            "4572",
            "4572",
            "4572",
            "4572",
            "4572",
            "4572",
            "4572",
            "4572",
            "4572",
            "4572",
            "4572",
            "4572",
            "4572",
            "4572",
            "4572",
            "4572",
            "4572",
            "4572",
            "4572",
            "4572",
            "4572",
            "4572",
            "4572",
            "4572",
            "4572",
            "4572",
            "4572",
            "4572",
            "4572",
            "4572",
            "4572",
            "4572",
            "4572",
            "4572",
            "4572",
            "4572",
            "4572",
            "4572",
            "4572",
            "4572",
            "4572",
            "4572",
            "4572",
            "4572",
            "4572",
            "4572",
            "4572",
            "4572",
            "4572",
            "4572",
            "4572",
            "4572",
            "4572",
            "4572",
            "4572",
            "4572",
            "4572",
            "4572",
            "4572",
            "4572",
            "4572",
            "4572",
            "4572",
            "4572",
            "4572",
            "4572",
            "4572",
            "4572",
            "4572",
            "4572",
            "4572",
            "4572",
            "4572",
            "4572",
            "4572",
            "4572",
            "4572",
            "4572",
            "4572",
            "4572",
            "4572",
            "4572",
            "4572",
            "4572",
            "4572",
            "4572",
            "4572",
            "4572",
            "4572",
            "4572",
            "4572",
            "4572",
            "4572",
            "4572",
            "4572",
            "4572",
            "4572",
            "4572",
            "4572",
            "4572",
            "4572",
            "4572",
            "4572",
            "4572",
            "4572",
            "4572",
            "4572",
            "4572",
            "4572",
            "4572",
            "4572",
            "4572",
            "4572",
            "4572",
            "4572",
            "4572",
            "4572",
            "4572",
            "4572",
            "4572",
            "4572",
            "4572",
            "4572",
            "4572",
            "4572",
            "4572",
            "4572",
            "4572",
            "4572",
            "4572",
            "4572"
        ],
        "Trading_Volume": [
            320400,
            1677208,
            520991,
            362906,
            521081,
            376185,
            413515,
            187424,
            184428,
            153888,
            612838,
            175900,
            99800,
            79150,
            135000,
            122680,
            66552,
            63100,
            101500,
            201537,
            101400,
            241960,
            264392,
            135650,
            38105,
            68000,
            190800,
            84425,
            265696,
            174400,
            109510,
            82550,
            108697,
            56405,
            71050,
            60800,
            59215,
            32000,
            23205,
            56405,
            59495,
            140210,
            122300,
            27100,
            20060,
            54950,
            40000,
            32208,
            45379,
            22120,
            21020,
            20500,
            28270,
            30585,
            23100,
            67602,
            59340,
            153975,
            40500,
            21150,
            31000,
            18140,
            24100,
            55844,
            32400,
            91265,
            83000,
            222430,
            192310,
            142066,
            55100,
            256008,
            202005,
            89150,
            38000,
            117760,
            109209,
            91100,
            60530,
            106080,
            90375,
            140690,
            45250,
            37000,
            48050,
            95050,
            62650,
            59115,
            41460,
            46500,
            53230,
            306520,
            140500,
            170550,
            66520,
            40000,
            48000,
            50060,
            52300,
            63050,
            125100,
            29007,
            53180,
            80007,
            54100,
            142828,
            73399,
            37850,
            32000,
            78150,
            39628,
            120045,
            118926,
            55300,
            141251,
            66900,
            110700,
            179225,
            180070,
            83648,
            194739,
            185240,
            148040,
            99330,
            87300,
            250765,
            150371,
            129068,
            136350,
            173530,
            249750,
            223726,
            63123,
            51030,
            15780,
            57100,
            160127,
            85345,
            102475,
            23025,
            96200,
            61123,
            52050,
            85220,
            135750,
            209000,
            163582,
            38159,
            44240,
            22200,
            82432,
            56200,
            77273,
            124040,
            98010,
            113160,
            76250,
            49100,
            48050,
            53005,
            41000,
            30200,
            42800,
            74125,
            37057,
            119319,
            77000,
            122250,
            66321,
            24000,
            33155,
            169802,
            878758,
            662466
        ],
        "Trading_money": [
            32164800,
            270496380,
            82682578,
            57230242,
            79066650,
            56292024,
            64078579,
            28739583,
            27888842,
            23360588,
            95511647,
            27070900,
            15318300,
            12083875,
            20376000,
            18397340,
            10002576,
            9504600,
            15167750,
            30704355,
            15217500,
            35821580,
            38486533,
            19570575,
            5505225,
            9752500,
            26885400,
            11903637,
            36807548,
            24537200,
            15695685,
            11853200,
            15652519,
            8045415,
            10112175,
            8579000,
            8395637,
            4528500,
            3272302,
            7877295,
            8227055,
            18729430,
            16572100,
            3688100,
            2709660,
            7463700,
            5419500,
            4415600,
            6209044,
            3008940,
            2846220,
            2759000,
            3777045,
            4062097,
            3065200,
            8825760,
            7581347,
            19692175,
            5347500,
            2819875,
            4103500,
            2408980,
            3164700,
            7221876,
            4140200,
            11480287,
            10362500,
            26805530,
            22812890,
            16835354,
            6543948,
            31252020,
            25295135,
            11044750,
            4716000,
            14891020,
            14005961,
            11740000,
            7817370,
            13572240,
            11490811,
            17531404,
            5585375,
            4614000,
            5974850,
            11939425,
            7792425,
            7276760,
            5106040,
            5834500,
            6634210,
            36181058,
            16335500,
            19041650,
            7540539,
            4552500,
            5446500,
            5610808,
            5747300,
            6896050,
            13687549,
            3179791,
            5798160,
            8577277,
            5835450,
            16218306,
            8393784,
            4222400,
            3493000,
            8383925,
            4266138,
            12720747,
            11940363,
            5681400,
            14090249,
            6709449,
            10917710,
            17120076,
            16188729,
            7696184,
            16738500,
            14943180,
            12329463,
            7960703,
            6867808,
            17638923,
            11003412,
            8789858,
            9620375,
            12820343,
            19420774,
            19292221,
            5134447,
            4177133,
            1278570,
            4517700,
            12933108,
            6920445,
            8467486,
            1893572,
            7659159,
            4996284,
            4318480,
            7115004,
            11553450,
            18606900,
            13986896,
            3163840,
            3660840,
            1813100,
            6770324,
            4661520,
            6578622,
            10866544,
            8306147,
            9331400,
            6187875,
            4003090,
            3932394,
            4364514,
            3370500,
            2461200,
            3455559,
            5901637,
            2902474,
            9705158,
            6375500,
            10301650,
            5535128,
            1950500,
            2737480,
            14394388,
            81308020,
            60136129
        ],
        "open": [
            100.0,
            159.5,
            161.0,
            158.0,
            156.0,
            150.0,
            151.0,
            154.5,
            153.0,
            151.5,
            153.0,
            154.0,
            153.5,
            152.5,
            151.5,
            150.0,
            149.0,
            151.0,
            151.0,
            148.5,
            151.0,
            150.0,
            147.5,
            145.0,
            145.0,
            144.0,
            143.5,
            141.0,
            140.5,
            137.5,
            142.0,
            143.5,
            144.0,
            142.0,
            143.0,
            142.0,
            141.0,
            142.5,
            141.0,
            140.0,
            138.5,
            137.5,
            135.0,
            135.5,
            136.5,
            134.5,
            136.0,
            137.0,
            137.0,
            137.0,
            137.0,
            134.5,
            134.0,
            133.0,
            132.5,
            131.0,
            130.5,
            126.0,
            131.0,
            134.0,
            132.0,
            134.0,
            131.5,
            129.5,
            129.0,
            128.0,
            125.0,
            122.5,
            121.0,
            118.5,
            119.0,
            119.0,
            122.5,
            125.5,
            125.0,
            125.0,
            127.5,
            128.5,
            130.5,
            129.0,
            126.5,
            126.0,
            124.0,
            125.0,
            124.0,
            127.0,
            125.5,
            123.5,
            123.0,
            125.0,
            125.5,
            118.5,
            115.0,
            115.0,
            112.5,
            114.5,
            114.0,
            114.5,
            110.0,
            110.0,
            109.5,
            109.0,
            109.0,
            109.0,
            107.0,
            109.5,
            114.5,
            112.0,
            110.0,
            107.0,
            107.0,
            107.5,
            100.0,
            102.5,
            102.5,
            99.5,
            99.4,
            98.7,
            89.0,
            91.8,
            90.0,
            80.0,
            88.8,
            80.3,
            77.7,
            75.1,
            70.1,
            70.5,
            68.1,
            73.9,
            75.9,
            86.9,
            83.6,
            80.6,
            81.0,
            79.5,
            82.5,
            78.9,
            82.5,
            82.4,
            81.5,
            80.5,
            82.3,
            83.0,
            84.1,
            86.9,
            89.0,
            82.3,
            84.0,
            83.1,
            81.5,
            83.0,
            84.4,
            86.0,
            85.3,
            84.5,
            81.3,
            81.1,
            82.3,
            82.0,
            82.4,
            82.0,
            80.6,
            80.3,
            79.0,
            80.1,
            83.0,
            82.4,
            84.8,
            81.2,
            82.1,
            83.1,
            86.0,
            94.0
        ],
        "max": [
            102.5,
            164.0,
            161.0,
            159.5,
            156.0,
            152.0,
            157.5,
            155.0,
            153.0,
            153.0,
            162.0,
            155.5,
            155.0,
            154.5,
            152.0,
            151.0,
            151.0,
            152.0,
            151.0,
            155.0,
            152.0,
            151.0,
            148.0,
            146.5,
            145.0,
            144.0,
            143.5,
            142.5,
            140.5,
            143.0,
            144.0,
            144.5,
            144.5,
            143.5,
            144.0,
            142.0,
            143.0,
            142.5,
            142.0,
            140.5,
            139.5,
            137.5,
            137.0,
            137.0,
            136.5,
            137.0,
            137.5,
            137.5,
            137.5,
            137.0,
            137.0,
            135.0,
            134.0,
            133.5,
            133.0,
            131.5,
            130.5,
            134.0,
            134.0,
            134.5,
            134.0,
            134.0,
            131.5,
            130.0,
            129.0,
            128.0,
            126.0,
            122.5,
            122.0,
            120.5,
            119.5,
            124.0,
            127.0,
            125.5,
            125.0,
            128.0,
            129.0,
            129.5,
            130.5,
            130.0,
            128.0,
            127.0,
            124.0,
            125.5,
            125.0,
            127.0,
            126.0,
            123.5,
            123.5,
            126.0,
            125.5,
            120.0,
            117.5,
            115.0,
            114.5,
            115.5,
            114.5,
            114.5,
            111.0,
            110.0,
            111.0,
            110.5,
            109.5,
            109.0,
            108.5,
            115.5,
            115.5,
            112.0,
            110.0,
            108.0,
            108.5,
            108.0,
            103.0,
            103.5,
            102.5,
            101.0,
            99.4,
            98.7,
            92.6,
            92.5,
            90.0,
            87.0,
            88.8,
            82.0,
            80.2,
            75.1,
            75.0,
            70.5,
            72.7,
            75.0,
            80.9,
            88.2,
            83.6,
            84.9,
            81.7,
            80.0,
            83.5,
            82.3,
            83.8,
            82.6,
            81.5,
            82.8,
            83.6,
            85.9,
            87.0,
            92.6,
            89.0,
            83.8,
            84.3,
            83.1,
            83.5,
            84.0,
            86.2,
            88.6,
            85.6,
            84.5,
            81.5,
            82.5,
            82.8,
            82.6,
            82.9,
            82.0,
            81.2,
            80.5,
            79.2,
            83.6,
            83.3,
            85.4,
            84.8,
            81.8,
            83.2,
            86.0,
            93.3,
            94.2
        ],
        "min": [
            98.5,
            159.0,
            157.0,
            156.5,
            149.5,
            147.0,
            150.5,
            152.0,
            150.5,
            151.0,
            150.0,
            153.0,
            152.0,
            151.5,
            150.0,
            149.0,
            149.0,
            150.0,
            149.0,
            148.0,
            148.5,
            147.0,
            143.0,
            143.0,
            143.5,
            143.0,
            140.5,
            140.5,
            136.5,
            137.5,
            142.0,
            141.0,
            143.0,
            141.5,
            141.0,
            140.5,
            140.5,
            140.5,
            140.5,
            139.0,
            137.5,
            132.5,
            134.0,
            135.5,
            134.5,
            134.5,
            134.5,
            137.0,
            136.0,
            135.5,
            135.0,
            134.5,
            133.5,
            132.0,
            132.0,
            130.0,
            126.0,
            124.5,
            130.5,
            132.0,
            131.0,
            132.0,
            131.0,
            128.0,
            127.0,
            124.5,
            123.5,
            120.0,
            117.0,
            117.0,
            118.5,
            118.5,
            122.0,
            123.0,
            123.5,
            125.0,
            127.0,
            128.0,
            128.5,
            126.5,
            124.5,
            123.0,
            122.5,
            124.0,
            123.0,
            125.0,
            123.0,
            123.0,
            123.0,
            124.5,
            124.0,
            114.5,
            115.0,
            110.0,
            112.0,
            113.0,
            112.5,
            111.0,
            109.0,
            108.0,
            109.0,
            109.0,
            108.5,
            106.5,
            107.0,
            109.0,
            112.5,
            110.5,
            108.5,
            106.5,
            106.5,
            104.0,
            98.9,
            102.0,
            99.0,
            99.5,
            98.0,
            93.9,
            88.1,
            91.0,
            85.2,
            78.8,
            81.8,
            79.1,
            77.7,
            70.1,
            70.1,
            67.1,
            68.1,
            72.5,
            74.2,
            82.5,
            79.0,
            80.6,
            80.0,
            78.5,
            78.1,
            78.9,
            81.5,
            82.0,
            78.6,
            80.1,
            82.3,
            83.0,
            83.7,
            85.5,
            83.6,
            82.3,
            82.0,
            81.3,
            81.0,
            82.0,
            84.4,
            85.9,
            84.0,
            81.8,
            80.9,
            81.0,
            81.2,
            82.0,
            81.7,
            81.0,
            80.3,
            78.8,
            77.7,
            80.0,
            82.4,
            82.4,
            82.0,
            80.6,
            82.1,
            83.1,
            86.0,
            88.4
        ],
        "close": [
            102.0,
            160.5,
            157.5,
            156.5,
            150.0,
            151.0,
            155.5,
            153.0,
            151.5,
            151.5,
            156.5,
            153.5,
            152.0,
            152.5,
            151.0,
            150.5,
            150.5,
            151.0,
            149.0,
            151.0,
            149.5,
            148.0,
            145.0,
            145.0,
            144.5,
            143.5,
            141.0,
            140.5,
            137.5,
            143.0,
            143.5,
            144.0,
            144.0,
            143.0,
            143.5,
            141.0,
            143.0,
            142.5,
            140.5,
            139.0,
            138.0,
            132.5,
            137.0,
            136.0,
            134.5,
            137.0,
            137.5,
            137.5,
            137.5,
            137.0,
            135.0,
            134.5,
            133.5,
            133.0,
            133.0,
            130.5,
            127.0,
            134.0,
            134.0,
            132.0,
            134.0,
            133.0,
            131.0,
            128.0,
            127.5,
            125.0,
            123.5,
            120.5,
            118.5,
            119.0,
            118.5,
            123.0,
            125.5,
            125.0,
            124.0,
            126.5,
            128.0,
            129.5,
            128.5,
            126.5,
            127.5,
            124.0,
            123.0,
            124.0,
            125.0,
            125.5,
            123.0,
            123.0,
            123.5,
            125.5,
            125.5,
            115.0,
            116.5,
            112.0,
            114.0,
            113.0,
            113.5,
            111.0,
            109.5,
            109.0,
            109.0,
            109.5,
            109.0,
            106.5,
            108.5,
            114.5,
            113.0,
            111.0,
            108.5,
            107.5,
            107.5,
            104.0,
            101.0,
            102.5,
            99.6,
            100.5,
            98.8,
            93.9,
            91.8,
            91.0,
            86.2,
            87.0,
            85.8,
            79.1,
            77.8,
            70.1,
            71.6,
            67.9,
            70.1,
            73.6,
            80.9,
            84.3,
            82.4,
            81.4,
            81.5,
            80.0,
            78.9,
            81.7,
            82.4,
            82.4,
            80.1,
            82.8,
            83.6,
            83.7,
            85.0,
            90.0,
            84.0,
            83.7,
            82.7,
            81.5,
            82.0,
            83.9,
            85.0,
            88.0,
            84.3,
            81.8,
            81.0,
            81.4,
            81.4,
            82.4,
            82.2,
            81.4,
            80.4,
            79.6,
            77.8,
            82.8,
            82.7,
            84.8,
            82.0,
            81.7,
            82.4,
            84.9,
            93.3,
            90.4
        ],
        "spread": [
            -3.0,
            0.0,
            -3.0,
            -1.0,
            -6.5,
            1.0,
            4.5,
            -2.5,
            -1.5,
            0.0,
            5.0,
            -3.0,
            -1.5,
            0.5,
            -1.5,
            -0.5,
            0.0,
            0.5,
            -2.0,
            2.0,
            -1.5,
            -1.5,
            -3.0,
            0.0,
            -0.5,
            -1.0,
            -2.5,
            -0.5,
            -3.0,
            5.5,
            0.5,
            0.5,
            0.0,
            -1.0,
            0.5,
            -2.5,
            2.0,
            -0.5,
            -2.0,
            -1.5,
            -1.0,
            -5.5,
            4.5,
            -1.0,
            -1.5,
            2.5,
            0.5,
            0.0,
            0.0,
            -0.5,
            -2.0,
            -0.5,
            -1.0,
            -0.5,
            0.0,
            -2.5,
            -3.5,
            7.0,
            0.0,
            -2.0,
            2.0,
            -1.0,
            -2.0,
            -3.0,
            -0.5,
            -2.5,
            -1.5,
            -3.0,
            -2.0,
            0.5,
            -0.5,
            4.5,
            2.5,
            -0.5,
            -1.0,
            2.5,
            1.5,
            1.5,
            -1.0,
            -2.0,
            1.0,
            -3.5,
            -1.0,
            1.0,
            1.0,
            0.5,
            -2.5,
            0.0,
            0.5,
            2.0,
            0.0,
            -10.5,
            1.5,
            -4.5,
            2.0,
            -1.0,
            0.5,
            -2.5,
            -1.5,
            -0.5,
            0.0,
            0.5,
            -0.5,
            -2.5,
            2.0,
            6.0,
            -1.5,
            -2.0,
            -2.5,
            -1.0,
            0.0,
            -3.5,
            -3.0,
            1.5,
            -2.9,
            0.9,
            -1.7,
            -4.9,
            -2.1,
            -0.8,
            -4.8,
            0.8,
            -1.2,
            -6.7,
            -1.3,
            -7.7,
            1.5,
            -3.7,
            2.2,
            3.5,
            7.3,
            3.4,
            -1.9,
            -1.0,
            0.1,
            -1.5,
            -1.1,
            2.8,
            0.7,
            0.0,
            -2.3,
            2.7,
            0.8,
            0.1,
            1.3,
            5.0,
            -6.0,
            -0.3,
            -1.0,
            -1.2,
            0.5,
            1.9,
            1.1,
            3.0,
            -3.7,
            -2.5,
            -0.8,
            0.4,
            0.0,
            1.0,
            -0.2,
            -0.8,
            -1.0,
            -0.8,
            -1.8,
            5.0,
            -0.1,
            2.1,
            -2.8,
            -0.3,
            0.7,
            2.5,
            8.4,
            -2.9
        ],
        "Trading_turnover": [
            264,
            1281,
            431,
            298,
            455,
            282,
            352,
            164,
            182,
            139,
            473,
            156,
            95,
            71,
            141,
            99,
            49,
            60,
            94,
            174,
            86,
            187,
            225,
            117,
            38,
            62,
            165,
            79,
            249,
            163,
            109,
            89,
            88,
            59,
            58,
            52,
            60,
            31,
            26,
            55,
            64,
            129,
            100,
            27,
            21,
            44,
            35,
            34,
            43,
            20,
            19,
            20,
            29,
            39,
            22,
            67,
            66,
            146,
            35,
            19,
            30,
            20,
            24,
            61,
            37,
            82,
            71,
            188,
            172,
            99,
            52,
            216,
            175,
            82,
            35,
            97,
            100,
            81,
            61,
            92,
            91,
            115,
            44,
            32,
            44,
            63,
            48,
            53,
            40,
            48,
            51,
            222,
            117,
            138,
            59,
            36,
            39,
            53,
            46,
            48,
            89,
            30,
            43,
            75,
            44,
            133,
            71,
            37,
            30,
            59,
            37,
            98,
            111,
            51,
            113,
            58,
            95,
            151,
            132,
            63,
            155,
            163,
            98,
            87,
            77,
            157,
            130,
            104,
            113,
            159,
            197,
            199,
            57,
            48,
            17,
            47,
            133,
            80,
            90,
            20,
            73,
            55,
            46,
            62,
            118,
            174,
            150,
            35,
            44,
            23,
            85,
            51,
            69,
            108,
            81,
            101,
            64,
            40,
            40,
            49,
            37,
            30,
            45,
            66,
            34,
            123,
            56,
            108,
            64,
            22,
            30,
            142,
            518,
            573
        ]
    }
}