{
    "msg": "success",
    "status": 200,
    "data": {
        "date": [
            "2012-01-07",
            "2019-09-04",
            "2019-09-05",
            "2019-09-06",
            "2019-09-09",
            "2019-09-10",
            "2019-09-11",
            "2019-09-12",
            "2019-09-16",
            "2019-09-17",
            "2019-09-18",
            "2019-09-19",
            "2019-09-20",
            "2019-09-23",
            "2019-09-24",
            "2019-09-25",
            "2019-09-26",
            "2019-09-27",
            "2019-10-01",
            "2019-10-02",
            "2019-10-03",
            "2019-10-04",
            "2019-10-07",
            "2019-10-08",
            "2019-10-09",
            "2019-10-14",
            "2019-10-15",
            "2019-10-16",
            "2019-10-17",
            "2019-10-18",
            "2019-10-21",
            "2019-10-22",
            "2019-10-23",
            "2019-10-24",
            "2019-10-25",
            "2019-10-28",
            "2019-10-29",
            "2019-10-30",
            "2019-10-31",
            "2019-11-01",
            "2019-11-04",
            "2019-11-05",
            "2019-11-06",
            "2019-11-07",
            "2019-11-08",
            "2019-11-11",
            "2019-11-12",
            "2019-11-13",
            "2019-11-14",
            "2019-11-15",
            "2019-11-18",
            "2019-11-19",
            "2019-11-20",
            "2019-11-21",
            "2019-11-22",
            "2019-11-25",
            "2019-11-26",
            "2019-11-27",
            "2019-11-28",
            "2019-11-29",
            "2019-12-02",
            "2019-12-03",
            "2019-12-04",
            "2019-12-05",
            "2019-12-06",
            "2019-12-09",
            "2019-12-10",
            "2019-12-11",
            "2019-12-12",
            "2019-12-13",
            "2019-12-16",
            "2019-12-17",
            "2019-12-18",
            "2019-12-19",
            "2019-12-20",
            "2019-12-23",
            "2019-12-24",
            "2019-12-25",
            "2019-12-26",
            "2019-12-27",
            "2019-12-30",
            "2019-12-31",
            "2020-01-02",
            "2020-01-03",
            "2020-01-06",
            "2020-01-07",
            "2020-01-08",
            "2020-01-09",
            "2020-01-10",
            "2020-01-13",
            "2020-01-14",
            "2020-01-15",
            "2020-01-16",
            "2020-01-17",
            "2020-01-20",
            "2020-01-30",
            "2020-01-31",
            "2020-02-03",
            "2020-02-04",
            "2020-02-05",
            "2020-02-06",
            "2020-02-07",
            "2020-02-10",
            "2020-02-11",
            "2020-02-12",
            "2020-02-13",
            "2020-02-14",
            "2020-02-17",
            "2020-02-18",
            "2020-02-19",
            "2020-02-20",
            "2020-02-21",
            "2020-02-24",
            "2020-02-25",
            "2020-02-26",
            "2020-02-27",
            "2020-03-02",
            "2020-03-03",
            "2020-03-04",
            "2020-03-05",
            "2020-03-06",
            "2020-03-09",
            "2020-03-10",
            "2020-03-11",
            "2020-03-12",
            "2020-03-13",
            "2020-03-16",
            "2020-03-17",
            "2020-03-18",
            "2020-03-19",
            "2020-03-20",
            "2020-03-23",
            "2020-03-24",
            "2020-03-25",
            "2020-03-26",
            "2020-03-27",
            "2020-03-30",
            "2020-03-31",
            "2020-04-01",
            "2020-04-06",
            "2020-04-07",
            "2020-04-08",
            "2020-04-09",
            "2020-04-10",
            "2020-04-13",
            "2020-04-14",
            "2020-04-15",
            "2020-04-16",
            "2020-04-17",
            "2020-04-20",
            "2020-04-21",
            "2020-04-22",
            "2020-04-23",
            "2020-04-24",
            "2020-04-27",
            "2020-04-28",
            "2020-04-29",
            "2020-04-30",
            "2020-05-04",
            "2020-05-05",
            "2020-05-06",
            "2020-05-07",
            "2020-05-08",
            "2020-05-11",
            "2020-05-12",
            "2020-05-13",
            "2020-05-14",
            "2020-05-15",
            "2020-05-18",
            "2020-05-19",
            "2020-05-20",
            "2020-05-21",
            "2020-05-22",
            "2020-05-25",
            "2020-05-26",
            "2020-05-27",
            "2020-05-28",
            "2020-05-29"
        ],
        "stock_id": [
            "4576",
            "4576",
            "4576",
            "4576",
            "4576",
            "4576",
            "4576",
            "4576",
            "4576",
            "4576",
            "4576",
            "4576",
            "4576",
            "4576",
            "4576",
            "4576",
            "4576",
            "4576",
            "4576",
            "4576",
            "4576",
            "4576",
            "4576",
            "4576",
            "4576",
            "4576",
            "4576",
            "4576",
            "4576",
            "4576",
            "4576",
            "4576",
            "4576",
            "4576",
            "4576",
            "4576",
            "4576",
            "4576",
            "4576",
            "4576",
            "4576",
            "4576",
            "4576",
            "4576",
            "4576",
            "4576",
            "4576",
            "4576",
            "4576",
            "4576",
            "4576",
            "4576",
            "4576",
            "4576",
            "4576",
            "4576",
            "4576",
            "4576",
            "4576",
            "4576",
            "4576",
            "4576",
            "4576",
            "4576",
            "4576",
            "4576",
            "4576",
            "4576",
            "4576",
            "4576",
            "4576",
            "4576",
            "4576",
            "4576",
            "4576",
            "4576",
            "4576",
            "4576",
            "4576",
            "4576",
            "4576",
            "4576",
            "4576",
            "4576",
            "4576",
            "4576",
            "4576",
            "4576",
            "4576",
            "4576",
            "4576",
            "4576",
            "4576",
            "4576",
            "4576",
            "4576",
            "4576",
            "4576",
            "4576",
            "4576",
            "4576",
            "4576",
            "4576",
            "4576",
            "4576",
            "4576",
            "4576",
            "4576",
            "4576",
            "4576",
            "4576",
            "4576",
            "4576",
            "4576",
            "4576",
            "4576",
            "4576",
            "4576",
            "4576",
            "4576",
            "4576",
            "4576",
            "4576",
            "4576",
            "4576",
            "4576",
            "4576",
            "4576",
            "4576",
            "4576",
            "4576",
            "4576",
            "4576",
            "4576",
            "4576",
            "4576",
            "4576",
            "4576",
            "4576",
            "4576",
            "4576",
            "4576",
            "4576",
            "4576",
            "4576",
            "4576",
            "4576",
            "4576",
            "4576",
            "4576",
            "4576",
            "4576",
            "4576",
            "4576",
            "4576",
            "4576",
            "4576",
            "4576",
            "4576",
            "4576",
            "4576",
            "4576",
            "4576",
            "4576",
            "4576",
            "4576",
            "4576",
            "4576",
            "4576",
            "4576",
            "4576",
            "4576",
            "4576",
            "4576",
            "4576",
            "4576",
            "4576",
            "4576"
        ],
        "Trading_Volume": [
            441500,
            5629005,
            3100278,
            1109641,
            1006897,
            463557,
            965302,
            600209,
            314523,
            188101,
            402250,
            194307,
            158159,
            291762,
            296400,
            169352,
            145802,
            127002,
            169150,
            200290,
            297349,
            112179,
            333320,
            452726,
            281200,
            236700,
            139290,
            104050,
            61350,
            87340,
            72405,
            140001,
            158826,
            142005,
            117250,
            85300,
            65102,
            138201,
            133200,
            45205,
            146957,
            135500,
            69200,
            239272,
            105600,
            88338,
            68174,
            409678,
            931079,
            745677,
            418300,
            251360,
            179369,
            144177,
            83100,
            135100,
            130070,
            72162,
            66130,
            76000,
            83255,
            70270,
            45400,
            137424,
            276300,
            248590,
            111200,
            86306,
            64120,
            222154,
            121015,
            343140,
            590756,
            269400,
            306500,
            79831,
            92086,
            93314,
            249300,
            66000,
            112300,
            128641,
            95346,
            141604,
            56204,
            71381,
            191000,
            88348,
            118017,
            207019,
            142992,
            619642,
            251502,
            114726,
            252625,
            391415,
            187200,
            162271,
            86001,
            80100,
            180063,
            320400,
            136122,
            65497,
            123215,
            153018,
            59211,
            152059,
            104200,
            145025,
            60240,
            79049,
            125145,
            151239,
            77562,
            253102,
            154043,
            100080,
            85033,
            47024,
            58034,
            248200,
            254028,
            105033,
            379100,
            441040,
            327418,
            482029,
            393740,
            474327,
            304538,
            246039,
            196245,
            268000,
            203204,
            205310,
            126064,
            116036,
            59260,
            150500,
            167074,
            164144,
            259300,
            528219,
            852404,
            346078,
            264597,
            144191,
            236103,
            242802,
            242300,
            177017,
            114101,
            76001,
            512401,
            166100,
            227861,
            556230,
            287007,
            177006,
            264088,
            162431,
            107210,
            213001,
            112066,
            213500,
            218459,
            153100,
            94020,
            162100,
            88000,
            75300,
            76000,
            90000,
            1096293,
            1347108,
            4271950,
            1129017
        ],
        "Trading_money": [
            34644000,
            482042080,
            280573786,
            96412267,
            85475595,
            39442498,
            83402217,
            52345662,
            26900158,
            16031796,
            34993999,
            16764158,
            13669078,
            25476873,
            25942439,
            14733899,
            12606272,
            10869178,
            14423195,
            16954762,
            24646553,
            9327127,
            26983645,
            35693630,
            21978739,
            18994539,
            11132138,
            8342034,
            4855623,
            6899629,
            5741035,
            11016781,
            12375573,
            11280420,
            9410273,
            6852458,
            5164308,
            11073838,
            10621198,
            3586638,
            11724260,
            10772498,
            5495400,
            18726401,
            8216300,
            6926102,
            5364346,
            33184220,
            78478794,
            64781960,
            36310489,
            21483151,
            15070696,
            11964224,
            6884468,
            11384150,
            10997480,
            5999724,
            5530145,
            6353700,
            6897616,
            5824156,
            3774480,
            11394035,
            23358450,
            20844165,
            9243800,
            7165334,
            5314400,
            18344928,
            10044345,
            29025529,
            51170966,
            23273319,
            26480050,
            6877795,
            7839889,
            7872733,
            20682459,
            5493900,
            9281250,
            10702622,
            7977784,
            11766232,
            4653632,
            5892432,
            15428400,
            7244636,
            9755713,
            17308510,
            12111734,
            53734177,
            21637890,
            9818823,
            21908008,
            31683039,
            15263937,
            13042851,
            7004284,
            6491741,
            14792674,
            25709196,
            10786128,
            5247490,
            9887881,
            12238140,
            4725312,
            12033028,
            8272500,
            11631550,
            4840288,
            6278869,
            9929265,
            11937159,
            6109498,
            20003165,
            11916660,
            7834520,
            6616840,
            3694320,
            4538420,
            18983300,
            18341556,
            7885243,
            26943348,
            28449163,
            20185902,
            26576372,
            21087580,
            22741496,
            15580948,
            11993536,
            10099128,
            14599600,
            10889796,
            11011840,
            6519554,
            6197644,
            3175705,
            8233236,
            9412510,
            9438040,
            15548361,
            33623966,
            57945705,
            23283262,
            17935793,
            9687475,
            16009431,
            16599838,
            16340600,
            11555690,
            7665689,
            5084071,
            35869291,
            11757520,
            16313153,
            41952238,
            21196818,
            12929244,
            19715851,
            12173525,
            8004260,
            15936679,
            8228920,
            15279399,
            15313900,
            10610050,
            6522410,
            11587350,
            6316000,
            5432049,
            5395200,
            6308500,
            83077448,
            113166580,
            380369675,
            97986696
        ],
        "open": [
            78.0,
            83.0,
            91.0,
            88.3,
            86.4,
            83.3,
            85.3,
            87.4,
            86.5,
            85.7,
            85.4,
            86.9,
            86.5,
            86.2,
            87.8,
            87.5,
            86.9,
            86.0,
            85.5,
            85.3,
            83.3,
            82.8,
            82.0,
            80.0,
            77.5,
            79.0,
            80.0,
            80.9,
            79.5,
            79.0,
            79.9,
            79.4,
            78.3,
            78.0,
            80.0,
            81.0,
            79.6,
            79.8,
            81.0,
            78.9,
            80.3,
            80.0,
            79.8,
            79.4,
            78.4,
            78.6,
            78.1,
            79.4,
            81.9,
            85.7,
            87.0,
            86.3,
            85.7,
            82.8,
            83.5,
            83.0,
            85.0,
            83.5,
            82.9,
            84.5,
            83.2,
            83.0,
            82.6,
            83.8,
            82.4,
            85.0,
            83.5,
            83.0,
            82.8,
            83.3,
            82.1,
            83.2,
            84.8,
            86.1,
            87.1,
            86.0,
            86.0,
            84.4,
            84.0,
            83.0,
            83.0,
            82.5,
            84.5,
            84.0,
            82.8,
            82.5,
            82.1,
            80.6,
            82.0,
            83.0,
            84.6,
            85.1,
            86.9,
            85.9,
            85.4,
            79.9,
            81.0,
            81.0,
            81.8,
            81.4,
            81.4,
            81.8,
            79.0,
            79.8,
            80.3,
            80.3,
            79.7,
            79.8,
            80.0,
            79.1,
            81.3,
            80.1,
            78.9,
            79.6,
            78.8,
            79.0,
            77.1,
            78.4,
            78.0,
            78.3,
            78.4,
            78.1,
            70.5,
            77.7,
            75.5,
            66.8,
            64.6,
            55.0,
            55.2,
            51.0,
            49.0,
            49.4,
            50.0,
            53.8,
            55.0,
            54.0,
            50.4,
            51.9,
            53.5,
            54.7,
            55.9,
            56.0,
            58.6,
            61.0,
            65.7,
            66.9,
            68.2,
            67.5,
            67.4,
            68.2,
            68.7,
            65.2,
            67.0,
            67.3,
            67.0,
            72.1,
            70.7,
            72.8,
            75.0,
            73.5,
            73.2,
            75.2,
            75.0,
            74.5,
            73.8,
            72.6,
            71.0,
            69.6,
            70.0,
            71.8,
            72.1,
            72.4,
            72.0,
            71.3,
            70.4,
            82.0,
            89.2,
            87.0
        ],
        "max": [
            79.9,
            90.8,
            93.0,
            88.3,
            86.4,
            86.2,
            88.0,
            88.4,
            86.6,
            85.7,
            87.8,
            87.2,
            86.9,
            88.0,
            88.3,
            87.5,
            87.1,
            86.5,
            85.9,
            85.3,
            83.4,
            83.9,
            82.2,
            80.0,
            79.7,
            81.8,
            80.6,
            81.1,
            79.5,
            79.5,
            79.9,
            79.4,
            78.5,
            81.0,
            80.9,
            81.0,
            79.7,
            80.9,
            81.0,
            79.8,
            80.3,
            80.1,
            79.8,
            79.4,
            78.4,
            79.1,
            79.1,
            82.0,
            86.4,
            89.0,
            87.7,
            86.3,
            85.7,
            83.5,
            83.5,
            84.9,
            85.5,
            84.2,
            84.2,
            84.5,
            83.4,
            83.3,
            83.9,
            83.8,
            85.6,
            85.0,
            84.5,
            83.5,
            83.4,
            84.0,
            84.0,
            85.5,
            87.9,
            87.6,
            87.1,
            86.7,
            86.0,
            84.7,
            84.0,
            83.8,
            83.3,
            84.0,
            84.5,
            84.8,
            83.3,
            83.0,
            82.1,
            82.8,
            83.0,
            84.3,
            85.1,
            87.7,
            87.0,
            86.2,
            87.4,
            83.4,
            82.4,
            81.2,
            82.0,
            81.5,
            82.9,
            81.8,
            79.6,
            80.4,
            81.5,
            80.7,
            80.3,
            79.8,
            80.0,
            80.7,
            81.3,
            80.1,
            79.7,
            79.6,
            78.9,
            81.0,
            78.2,
            79.0,
            78.1,
            79.0,
            78.4,
            78.1,
            73.5,
            77.7,
            75.5,
            66.8,
            64.7,
            57.9,
            55.6,
            51.0,
            51.5,
            50.0,
            52.9,
            56.0,
            55.0,
            54.3,
            52.7,
            54.2,
            54.0,
            55.3,
            57.0,
            59.0,
            61.0,
            65.6,
            70.4,
            68.3,
            68.8,
            68.0,
            68.5,
            70.0,
            69.5,
            66.5,
            67.8,
            67.6,
            71.5,
            72.1,
            72.5,
            77.0,
            75.0,
            74.5,
            75.7,
            75.7,
            75.3,
            76.0,
            74.1,
            72.6,
            72.0,
            70.4,
            70.2,
            72.2,
            73.9,
            72.7,
            72.6,
            71.3,
            77.3,
            85.0,
            93.0,
            89.5
        ],
        "min": [
            76.0,
            80.0,
            86.5,
            86.1,
            83.9,
            83.3,
            84.2,
            86.3,
            84.9,
            85.0,
            85.4,
            85.8,
            85.8,
            86.2,
            87.0,
            86.7,
            86.0,
            85.1,
            85.0,
            84.0,
            82.5,
            82.7,
            80.5,
            78.2,
            77.1,
            79.0,
            79.7,
            79.7,
            78.8,
            78.7,
            79.0,
            78.1,
            77.4,
            77.9,
            80.0,
            80.1,
            79.0,
            79.3,
            78.6,
            78.6,
            79.3,
            79.0,
            79.0,
            78.0,
            77.6,
            77.8,
            78.1,
            78.8,
            81.6,
            84.4,
            86.0,
            85.1,
            83.0,
            82.5,
            82.7,
            82.7,
            83.5,
            82.8,
            82.6,
            83.1,
            82.3,
            82.6,
            82.5,
            82.2,
            82.4,
            83.4,
            82.5,
            82.8,
            82.6,
            82.2,
            82.1,
            83.1,
            84.8,
            85.2,
            85.3,
            85.9,
            84.6,
            84.1,
            82.4,
            83.0,
            82.3,
            82.5,
            83.1,
            82.8,
            82.3,
            82.4,
            80.1,
            80.6,
            81.9,
            83.0,
            84.4,
            85.0,
            85.2,
            85.4,
            85.4,
            79.9,
            80.6,
            79.6,
            80.7,
            80.5,
            81.4,
            79.3,
            78.3,
            79.8,
            79.9,
            79.5,
            79.3,
            78.8,
            79.0,
            79.0,
            79.8,
            79.0,
            78.6,
            78.6,
            78.6,
            78.1,
            76.3,
            77.5,
            77.4,
            78.3,
            78.1,
            75.5,
            70.5,
            73.3,
            69.8,
            63.1,
            59.8,
            54.0,
            51.1,
            46.8,
            49.0,
            48.0,
            50.0,
            53.3,
            52.9,
            52.8,
            50.4,
            51.9,
            53.0,
            53.7,
            55.9,
            56.0,
            58.6,
            60.0,
            65.7,
            66.3,
            66.9,
            66.5,
            67.3,
            66.7,
            66.5,
            63.9,
            66.5,
            66.5,
            67.0,
            70.0,
            70.4,
            72.6,
            73.0,
            72.0,
            72.3,
            74.3,
            74.2,
            73.8,
            72.6,
            71.0,
            69.0,
            68.5,
            68.7,
            70.7,
            71.0,
            71.6,
            70.3,
            68.8,
            70.4,
            82.0,
            84.5,
            85.5
        ],
        "close": [
            79.9,
            90.0,
            88.4,
            86.6,
            84.0,
            85.1,
            87.8,
            87.0,
            85.1,
            85.3,
            87.1,
            86.5,
            86.2,
            87.2,
            87.8,
            86.9,
            86.0,
            85.5,
            85.2,
            84.0,
            82.7,
            82.7,
            80.6,
            78.3,
            79.0,
            80.0,
            79.8,
            79.7,
            79.0,
            79.0,
            79.4,
            78.3,
            78.0,
            79.9,
            80.2,
            80.2,
            79.2,
            80.6,
            78.9,
            79.7,
            80.0,
            79.5,
            79.5,
            78.1,
            77.7,
            78.1,
            78.5,
            81.5,
            85.8,
            86.5,
            86.2,
            85.7,
            83.7,
            83.5,
            82.7,
            84.6,
            83.5,
            82.9,
            84.2,
            83.5,
            83.2,
            82.9,
            83.6,
            82.4,
            85.0,
            83.5,
            83.0,
            82.8,
            82.7,
            82.4,
            83.0,
            84.5,
            86.6,
            86.3,
            86.1,
            85.9,
            84.9,
            84.2,
            83.0,
            83.2,
            83.3,
            84.0,
            83.6,
            82.8,
            82.9,
            82.4,
            80.7,
            81.9,
            82.3,
            84.3,
            85.0,
            87.2,
            85.9,
            85.4,
            86.7,
            80.4,
            82.0,
            80.5,
            81.2,
            81.4,
            81.8,
            79.6,
            79.5,
            80.2,
            80.1,
            79.8,
            80.1,
            79.4,
            79.0,
            80.4,
            80.1,
            79.2,
            79.3,
            79.0,
            78.7,
            78.2,
            77.1,
            78.0,
            78.0,
            78.4,
            78.4,
            75.7,
            73.3,
            73.9,
            69.9,
            64.5,
            60.0,
            54.0,
            52.0,
            46.9,
            51.5,
            49.15,
            51.0,
            54.2,
            53.5,
            53.4,
            52.6,
            53.2,
            53.5,
            55.2,
            56.4,
            58.4,
            59.7,
            65.6,
            66.7,
            67.2,
            67.7,
            66.7,
            67.4,
            68.7,
            67.0,
            66.5,
            67.2,
            66.7,
            71.0,
            70.5,
            72.3,
            76.7,
            73.5,
            73.2,
            75.2,
            74.8,
            74.2,
            73.8,
            73.1,
            71.3,
            69.0,
            70.2,
            69.7,
            72.0,
            71.2,
            71.7,
            70.3,
            70.3,
            77.3,
            85.0,
            86.0,
            86.0
        ],
        "spread": [
            -1.1,
            0.0,
            -1.6,
            -1.8,
            -2.6,
            1.1,
            2.7,
            -0.8,
            -1.9,
            0.2,
            1.8,
            -0.6,
            -0.3,
            1.0,
            0.6,
            -0.9,
            -0.9,
            -0.5,
            -0.3,
            -1.2,
            -1.3,
            0.0,
            -2.1,
            -2.3,
            0.7,
            1.0,
            -0.2,
            -0.1,
            -0.7,
            0.0,
            0.4,
            -1.1,
            -0.3,
            1.9,
            0.3,
            0.0,
            -1.0,
            1.4,
            -1.7,
            0.8,
            0.3,
            -0.5,
            0.0,
            -1.4,
            -0.4,
            0.4,
            0.4,
            3.0,
            4.3,
            0.7,
            -0.3,
            -0.5,
            -2.0,
            -0.2,
            -0.8,
            1.9,
            -1.1,
            -0.6,
            1.3,
            -0.7,
            -0.3,
            -0.3,
            0.7,
            -1.2,
            2.6,
            -1.5,
            -0.5,
            -0.2,
            -0.1,
            -0.3,
            0.6,
            1.5,
            2.1,
            -0.3,
            -0.2,
            -0.2,
            -1.0,
            -0.7,
            -1.2,
            0.2,
            0.1,
            0.7,
            -0.4,
            -0.8,
            0.1,
            -0.5,
            -1.7,
            1.2,
            0.4,
            2.0,
            0.7,
            2.2,
            -1.3,
            -0.5,
            1.3,
            -6.3,
            1.6,
            -1.5,
            0.7,
            0.2,
            0.4,
            -2.2,
            -0.1,
            0.7,
            -0.1,
            -0.3,
            0.3,
            -0.7,
            -0.4,
            1.4,
            -0.3,
            -0.9,
            0.1,
            -0.3,
            -0.3,
            -0.5,
            -1.1,
            0.9,
            0.0,
            0.4,
            0.0,
            -2.7,
            -2.4,
            0.6,
            -4.0,
            -5.4,
            -4.5,
            -6.0,
            -2.0,
            -5.1,
            4.6,
            -2.35,
            1.85,
            3.2,
            -0.7,
            -0.1,
            -0.8,
            0.6,
            0.3,
            1.7,
            1.2,
            2.0,
            1.3,
            5.9,
            1.1,
            0.5,
            0.5,
            -1.0,
            0.7,
            1.3,
            -1.7,
            -0.5,
            0.7,
            -0.5,
            4.3,
            -0.5,
            1.8,
            4.4,
            -3.2,
            -0.3,
            2.0,
            -0.4,
            -0.6,
            -0.4,
            -0.7,
            -1.8,
            -2.3,
            1.2,
            -0.5,
            2.3,
            -0.8,
            0.5,
            -1.4,
            0.0,
            7.0,
            7.7,
            1.0,
            0.0
        ],
        "Trading_turnover": [
            358,
            3589,
            2325,
            935,
            813,
            411,
            708,
            465,
            257,
            152,
            331,
            175,
            124,
            251,
            252,
            142,
            145,
            107,
            123,
            173,
            241,
            104,
            288,
            372,
            208,
            185,
            103,
            78,
            62,
            66,
            67,
            112,
            138,
            130,
            108,
            79,
            64,
            128,
            119,
            47,
            118,
            97,
            65,
            191,
            96,
            82,
            61,
            342,
            743,
            612,
            320,
            211,
            156,
            124,
            74,
            113,
            117,
            74,
            64,
            63,
            72,
            55,
            43,
            106,
            221,
            175,
            82,
            77,
            55,
            135,
            112,
            250,
            467,
            221,
            212,
            78,
            94,
            86,
            189,
            61,
            97,
            111,
            95,
            110,
            60,
            68,
            164,
            90,
            117,
            162,
            160,
            438,
            200,
            116,
            226,
            323,
            164,
            154,
            65,
            82,
            166,
            258,
            203,
            70,
            115,
            129,
            96,
            144,
            123,
            131,
            85,
            113,
            121,
            144,
            108,
            211,
            150,
            108,
            99,
            67,
            74,
            249,
            205,
            117,
            289,
            340,
            293,
            348,
            328,
            383,
            218,
            202,
            187,
            218,
            184,
            176,
            134,
            110,
            134,
            201,
            199,
            202,
            299,
            372,
            781,
            342,
            254,
            163,
            190,
            227,
            240,
            163,
            89,
            64,
            402,
            156,
            194,
            430,
            242,
            162,
            228,
            144,
            99,
            165,
            108,
            179,
            190,
            129,
            70,
            121,
            79,
            65,
            73,
            84,
            564,
            825,
            3135,
            938
        ]
    }
}