{
    "msg": "success",
    "status": 200,
    "data": {
        "date": [
            "2020-01-06",
            "2020-01-07",
            "2020-01-08",
            "2020-01-09",
            "2020-01-10",
            "2020-01-13",
            "2020-01-14",
            "2020-01-15",
            "2020-01-16",
            "2020-01-17",
            "2020-01-20",
            "2020-01-30",
            "2020-01-31",
            "2020-02-03",
            "2020-02-04",
            "2020-02-05",
            "2020-02-06",
            "2020-02-07",
            "2020-02-10",
            "2020-02-11",
            "2020-02-12",
            "2020-02-13",
            "2020-02-14",
            "2020-02-17",
            "2020-02-18",
            "2020-02-19",
            "2020-02-20",
            "2020-02-21",
            "2020-02-24",
            "2020-02-25",
            "2020-02-26",
            "2020-02-27",
            "2020-03-02",
            "2020-03-03",
            "2020-03-04",
            "2020-03-05",
            "2020-03-06",
            "2020-03-09",
            "2020-03-10",
            "2020-03-11",
            "2020-03-12",
            "2020-03-13",
            "2020-03-16",
            "2020-03-17",
            "2020-03-18",
            "2020-03-19",
            "2020-03-20",
            "2020-03-23",
            "2020-03-24",
            "2020-03-25",
            "2020-03-26",
            "2020-03-27",
            "2020-03-30",
            "2020-03-31",
            "2020-04-01",
            "2020-04-06",
            "2020-04-07",
            "2020-04-08",
            "2020-04-09",
            "2020-04-10",
            "2020-04-13",
            "2020-04-14",
            "2020-04-15",
            "2020-04-16",
            "2020-04-17",
            "2020-04-20",
            "2020-04-21",
            "2020-04-22",
            "2020-04-23",
            "2020-04-24",
            "2020-04-27",
            "2020-04-28",
            "2020-04-29",
            "2020-04-30",
            "2020-05-04",
            "2020-05-05",
            "2020-05-06",
            "2020-05-07",
            "2020-05-08",
            "2020-05-11",
            "2020-05-12",
            "2020-05-13",
            "2020-05-14",
            "2020-05-15",
            "2020-05-18",
            "2020-05-19",
            "2020-05-20",
            "2020-05-21",
            "2020-05-22",
            "2020-05-25",
            "2020-05-26",
            "2020-05-27",
            "2020-05-28",
            "2020-05-29"
        ],
        "stock_id": [
            "4580",
            "4580",
            "4580",
            "4580",
            "4580",
            "4580",
            "4580",
            "4580",
            "4580",
            "4580",
            "4580",
            "4580",
            "4580",
            "4580",
            "4580",
            "4580",
            "4580",
            "4580",
            "4580",
            "4580",
            "4580",
            "4580",
            "4580",
            "4580",
            "4580",
            "4580",
            "4580",
            "4580",
            "4580",
            "4580",
            "4580",
            "4580",
            "4580",
            "4580",
            "4580",
            "4580",
            "4580",
            "4580",
            "4580",
            "4580",
            "4580",
            "4580",
            "4580",
            "4580",
            "4580",
            "4580",
            "4580",
            "4580",
            "4580",
            "4580",
            "4580",
            "4580",
            "4580",
            "4580",
            "4580",
            "4580",
            "4580",
            "4580",
            "4580",
            "4580",
            "4580",
            "4580",
            "4580",
            "4580",
            "4580",
            "4580",
            "4580",
            "4580",
            "4580",
            "4580",
            "4580",
            "4580",
            "4580",
            "4580",
            "4580",
            "4580",
            "4580",
            "4580",
            "4580",
            "4580",
            "4580",
            "4580",
            "4580",
            "4580",
            "4580",
            "4580",
            "4580",
            "4580",
            "4580",
            "4580",
            "4580",
            "4580",
            "4580",
            "4580"
        ],
        "Trading_Volume": [
            2795000,
            1283000,
            756000,
            598000,
            413000,
            284000,
            322000,
            267000,
            250000,
            280000,
            140000,
            513000,
            200000,
            223000,
            113000,
            121000,
            82000,
            99000,
            89000,
            140000,
            251000,
            125000,
            71000,
            62000,
            55000,
            103000,
            153000,
            84000,
            74000,
            79000,
            68000,
            123000,
            209000,
            58000,
            17000,
            19000,
            35000,
            82000,
            144000,
            67000,
            144000,
            151000,
            48000,
            53000,
            61000,
            159000,
            95000,
            28000,
            65000,
            79000,
            70000,
            111000,
            44000,
            43000,
            8000,
            57000,
            92000,
            107000,
            79000,
            21000,
            157000,
            98000,
            99000,
            53000,
            72000,
            46000,
            116000,
            40000,
            68000,
            22000,
            50000,
            79000,
            195000,
            99000,
            102000,
            107000,
            67000,
            70000,
            50000,
            301000,
            879000,
            179000,
            193000,
            188000,
            83000,
            539000,
            197000,
            142000,
            114000,
            63000,
            93000,
            621000,
            880000,
            598000
        ],
        "Trading_money": [
            328677500,
            156802000,
            86537000,
            68431000,
            46420500,
            32029500,
            35280500,
            29796000,
            27838500,
            30717500,
            15338500,
            50974800,
            19867600,
            21961400,
            11213400,
            12069100,
            8160200,
            9774100,
            8683100,
            13709700,
            25962800,
            12897500,
            7242000,
            6318000,
            5591000,
            10404600,
            15277300,
            8329500,
            7257200,
            7739200,
            6687600,
            12100900,
            19650300,
            5550900,
            1604700,
            1823700,
            3321700,
            7616900,
            12999900,
            6059100,
            12264700,
            11925800,
            3831700,
            4052300,
            4662200,
            11095800,
            6824300,
            1936300,
            4679900,
            5998900,
            5477900,
            8913700,
            3395400,
            3419700,
            635000,
            4503600,
            7369100,
            8640500,
            6465100,
            1725500,
            13355200,
            8463700,
            8608600,
            4589000,
            6324800,
            4030600,
            9929800,
            3369000,
            5797100,
            1872000,
            4299000,
            6870600,
            17444700,
            8916100,
            8947500,
            9457200,
            5936600,
            6191100,
            4450600,
            27667700,
            86548300,
            17531000,
            18828100,
            18189600,
            8062000,
            53844200,
            19411400,
            14004100,
            11112700,
            6116700,
            9125300,
            64164900,
            96149500,
            64688500
        ],
        "open": [
            115.0,
            125.0,
            117.0,
            112.0,
            115.0,
            114.5,
            111.0,
            109.0,
            112.0,
            111.5,
            111.0,
            102.5,
            98.2,
            97.9,
            99.9,
            99.4,
            100.0,
            99.4,
            98.0,
            98.0,
            98.6,
            103.5,
            102.0,
            101.5,
            102.0,
            100.5,
            101.5,
            99.6,
            98.6,
            97.0,
            97.6,
            98.9,
            95.0,
            95.0,
            95.1,
            97.2,
            95.2,
            94.6,
            90.5,
            90.7,
            88.0,
            78.6,
            80.0,
            78.9,
            76.3,
            76.0,
            70.5,
            70.0,
            70.7,
            75.1,
            79.8,
            79.4,
            78.0,
            78.0,
            79.4,
            78.5,
            81.0,
            80.0,
            81.8,
            81.5,
            83.0,
            87.1,
            86.9,
            86.6,
            87.9,
            88.0,
            86.8,
            84.0,
            85.9,
            85.3,
            85.9,
            86.4,
            87.5,
            90.0,
            87.9,
            87.6,
            88.2,
            88.2,
            89.3,
            90.8,
            95.5,
            97.0,
            99.8,
            97.8,
            97.4,
            98.3,
            99.5,
            98.8,
            99.0,
            97.2,
            97.3,
            99.5,
            109.5,
            107.0
        ],
        "max": [
            128.0,
            126.0,
            119.0,
            116.5,
            115.5,
            114.5,
            111.0,
            113.5,
            112.5,
            112.0,
            111.0,
            103.0,
            101.0,
            99.7,
            100.0,
            100.5,
            100.0,
            99.4,
            98.2,
            98.6,
            107.0,
            105.0,
            102.5,
            102.5,
            103.0,
            102.5,
            101.5,
            99.8,
            99.2,
            98.6,
            98.8,
            99.8,
            95.0,
            96.3,
            95.1,
            97.2,
            95.2,
            94.6,
            91.0,
            91.7,
            88.0,
            80.5,
            80.9,
            78.9,
            78.0,
            76.0,
            72.5,
            70.8,
            72.5,
            76.9,
            79.8,
            81.5,
            78.0,
            81.5,
            79.4,
            79.2,
            81.0,
            82.0,
            82.2,
            82.5,
            87.0,
            87.1,
            87.5,
            87.0,
            88.2,
            88.4,
            86.9,
            85.1,
            86.0,
            85.3,
            86.5,
            87.5,
            90.8,
            90.5,
            88.5,
            88.8,
            88.9,
            89.0,
            89.3,
            93.0,
            101.5,
            99.4,
            99.8,
            98.3,
            97.7,
            101.0,
            99.5,
            99.1,
            99.0,
            97.5,
            98.7,
            106.5,
            113.0,
            110.5
        ],
        "min": [
            112.5,
            116.5,
            109.5,
            112.0,
            109.5,
            111.0,
            108.0,
            108.0,
            110.0,
            108.5,
            109.0,
            98.1,
            98.2,
            97.4,
            98.5,
            99.0,
            99.2,
            98.3,
            97.1,
            97.0,
            98.5,
            102.0,
            101.5,
            101.5,
            101.0,
            99.6,
            99.0,
            98.9,
            97.3,
            97.0,
            97.6,
            97.0,
            93.7,
            95.0,
            94.1,
            95.6,
            94.5,
            91.9,
            90.0,
            90.0,
            83.2,
            78.0,
            79.0,
            75.1,
            76.0,
            69.2,
            70.5,
            68.0,
            70.7,
            74.6,
            75.8,
            79.4,
            76.1,
            78.0,
            79.3,
            78.3,
            79.4,
            79.6,
            81.1,
            81.5,
            83.0,
            85.8,
            86.2,
            86.0,
            87.3,
            87.4,
            84.5,
            84.0,
            84.6,
            85.0,
            85.7,
            86.4,
            87.5,
            89.6,
            87.0,
            87.6,
            88.2,
            87.8,
            88.7,
            90.0,
            94.7,
            96.0,
            96.6,
            95.5,
            96.8,
            98.0,
            98.1,
            98.2,
            97.0,
            96.9,
            97.3,
            99.5,
            106.5,
            104.5
        ],
        "close": [
            128.0,
            120.5,
            111.0,
            114.5,
            115.0,
            111.0,
            109.5,
            111.5,
            111.5,
            110.0,
            109.0,
            98.2,
            101.0,
            99.5,
            99.3,
            99.5,
            99.6,
            98.4,
            97.2,
            98.0,
            103.0,
            102.5,
            101.5,
            102.0,
            101.0,
            101.5,
            99.6,
            99.0,
            98.2,
            98.5,
            98.5,
            97.0,
            94.0,
            95.1,
            94.5,
            95.8,
            95.0,
            92.4,
            90.7,
            90.0,
            85.1,
            79.2,
            79.0,
            76.9,
            76.8,
            69.2,
            72.4,
            70.0,
            71.7,
            76.2,
            79.3,
            80.5,
            77.1,
            79.4,
            79.3,
            79.0,
            80.0,
            81.0,
            81.4,
            82.5,
            85.8,
            86.0,
            86.6,
            86.6,
            87.7,
            87.6,
            84.5,
            85.0,
            85.7,
            85.1,
            86.4,
            87.0,
            88.8,
            89.7,
            88.0,
            88.2,
            88.3,
            88.7,
            89.1,
            92.5,
            99.5,
            99.2,
            96.6,
            96.9,
            96.8,
            99.5,
            98.3,
            98.8,
            97.0,
            97.5,
            98.7,
            104.5,
            107.0,
            109.0
        ],
        "spread": [
            50.0,
            -7.5,
            -9.5,
            3.5,
            0.5,
            -4.0,
            -1.5,
            2.0,
            0.0,
            -1.5,
            -1.0,
            -10.8,
            2.8,
            -1.5,
            -0.2,
            0.2,
            0.1,
            -1.2,
            -1.2,
            0.8,
            5.0,
            -0.5,
            -1.0,
            0.5,
            -1.0,
            0.5,
            -1.9,
            -0.6,
            -0.8,
            0.3,
            0.0,
            -1.5,
            -3.0,
            1.1,
            -0.6,
            1.3,
            -0.8,
            -2.6,
            -1.7,
            -0.7,
            -4.9,
            -5.9,
            -0.2,
            -2.1,
            -0.1,
            -7.6,
            3.2,
            -2.4,
            1.7,
            4.5,
            3.1,
            1.2,
            -3.4,
            2.3,
            -0.1,
            -0.3,
            1.0,
            1.0,
            0.4,
            1.1,
            3.3,
            0.2,
            0.6,
            0.0,
            1.1,
            -0.1,
            -3.1,
            0.5,
            0.7,
            -0.6,
            1.3,
            0.6,
            1.8,
            0.9,
            -1.7,
            0.2,
            0.1,
            0.4,
            0.4,
            3.4,
            7.0,
            -0.3,
            -2.6,
            0.3,
            -0.1,
            2.7,
            -1.2,
            0.5,
            -1.8,
            0.5,
            1.2,
            5.8,
            2.5,
            2.0
        ],
        "Trading_turnover": [
            1920,
            985,
            617,
            439,
            332,
            213,
            225,
            203,
            204,
            184,
            98,
            350,
            164,
            166,
            86,
            90,
            63,
            73,
            58,
            103,
            202,
            107,
            57,
            54,
            47,
            73,
            106,
            68,
            64,
            69,
            58,
            70,
            149,
            46,
            17,
            19,
            27,
            56,
            79,
            48,
            97,
            89,
            48,
            30,
            51,
            107,
            84,
            21,
            52,
            58,
            57,
            84,
            35,
            36,
            6,
            37,
            56,
            68,
            64,
            19,
            122,
            80,
            74,
            39,
            51,
            34,
            90,
            27,
            49,
            20,
            39,
            50,
            135,
            65,
            69,
            56,
            51,
            56,
            44,
            198,
            590,
            147,
            143,
            131,
            63,
            411,
            159,
            108,
            91,
            47,
            69,
            451,
            669,
            490
        ]
    }
}