{
    "msg": "success",
    "status": 200,
    "data": {
        "date": [
            "2012-01-07",
            "2020-03-09",
            "2020-03-10",
            "2020-03-11",
            "2020-03-12",
            "2020-03-13",
            "2020-03-16",
            "2020-03-17",
            "2020-03-18",
            "2020-03-19",
            "2020-03-20",
            "2020-03-23",
            "2020-03-24",
            "2020-03-25",
            "2020-03-26",
            "2020-03-27",
            "2020-03-30",
            "2020-03-31",
            "2020-04-01",
            "2020-04-06",
            "2020-04-07",
            "2020-04-08",
            "2020-04-09",
            "2020-04-10",
            "2020-04-13",
            "2020-04-14",
            "2020-04-15",
            "2020-04-16",
            "2020-04-17",
            "2020-04-20",
            "2020-04-21",
            "2020-04-22",
            "2020-04-23",
            "2020-04-24",
            "2020-04-27",
            "2020-04-28",
            "2020-04-29",
            "2020-04-30",
            "2020-05-04",
            "2020-05-05",
            "2020-05-06",
            "2020-05-07",
            "2020-05-08",
            "2020-05-11",
            "2020-05-12",
            "2020-05-13",
            "2020-05-14",
            "2020-05-15",
            "2020-05-18",
            "2020-05-19",
            "2020-05-20",
            "2020-05-21",
            "2020-05-22",
            "2020-05-25",
            "2020-05-26",
            "2020-05-27",
            "2020-05-28",
            "2020-05-29"
        ],
        "stock_id": [
            "4581",
            "4581",
            "4581",
            "4581",
            "4581",
            "4581",
            "4581",
            "4581",
            "4581",
            "4581",
            "4581",
            "4581",
            "4581",
            "4581",
            "4581",
            "4581",
            "4581",
            "4581",
            "4581",
            "4581",
            "4581",
            "4581",
            "4581",
            "4581",
            "4581",
            "4581",
            "4581",
            "4581",
            "4581",
            "4581",
            "4581",
            "4581",
            "4581",
            "4581",
            "4581",
            "4581",
            "4581",
            "4581",
            "4581",
            "4581",
            "4581",
            "4581",
            "4581",
            "4581",
            "4581",
            "4581",
            "4581",
            "4581",
            "4581",
            "4581",
            "4581",
            "4581",
            "4581",
            "4581",
            "4581",
            "4581",
            "4581",
            "4581"
        ],
        "Trading_Volume": [
            128000,
            1050000,
            385000,
            195000,
            314000,
            196000,
            128000,
            159000,
            117000,
            226000,
            85000,
            53000,
            35000,
            52000,
            30000,
            47010,
            116000,
            49000,
            213000,
            200000,
            76000,
            84000,
            89000,
            11010,
            29000,
            51000,
            88000,
            28000,
            72000,
            14000,
            44000,
            34000,
            23000,
            14000,
            84000,
            37000,
            18000,
            37000,
            28000,
            38000,
            23000,
            20000,
            13000,
            35000,
            37000,
            25000,
            16000,
            16000,
            37000,
            12000,
            55000,
            323000,
            625990,
            799000,
            305000,
            210000,
            170000,
            75300
        ],
        "Trading_money": [
            5217400,
            46815000,
            16341450,
            8327100,
            12066800,
            7092650,
            4621000,
            5182650,
            3851850,
            6698450,
            2700750,
            1696550,
            1170400,
            1761750,
            1008100,
            1579769,
            4022200,
            1784650,
            8409950,
            7979250,
            3039900,
            3318300,
            3407850,
            422755,
            1111000,
            1974850,
            3410950,
            1065800,
            2747000,
            528100,
            1657550,
            1280450,
            870350,
            529350,
            3270850,
            1443600,
            708400,
            1463300,
            1083500,
            1467150,
            886700,
            773550,
            505250,
            1341250,
            1409900,
            963350,
            616400,
            621250,
            1415550,
            463900,
            2150500,
            13780500,
            29487924,
            38656800,
            13840000,
            9237950,
            7173000,
            3133424
        ],
        "open": [
            39.6,
            42.15,
            43.75,
            42.65,
            40.9,
            37.0,
            37.5,
            34.85,
            32.5,
            31.5,
            29.8,
            32.35,
            35.0,
            33.9,
            33.95,
            33.55,
            34.0,
            36.5,
            37.5,
            38.15,
            40.2,
            39.85,
            39.25,
            38.2,
            38.55,
            38.4,
            38.85,
            38.35,
            38.45,
            37.65,
            37.5,
            37.7,
            37.75,
            37.7,
            38.05,
            39.05,
            39.3,
            39.45,
            39.3,
            39.0,
            38.8,
            38.85,
            38.85,
            38.5,
            38.6,
            38.45,
            38.8,
            38.6,
            38.8,
            38.75,
            38.8,
            39.6,
            45.2,
            49.4,
            46.85,
            43.5,
            43.4,
            42.35
        ],
        "max": [
            41.85,
            46.0,
            43.75,
            43.75,
            40.9,
            37.3,
            37.5,
            34.85,
            33.2,
            31.5,
            32.45,
            32.35,
            35.0,
            34.6,
            33.95,
            33.85,
            35.5,
            37.0,
            40.0,
            41.0,
            40.6,
            40.0,
            39.25,
            38.55,
            38.55,
            39.2,
            38.95,
            38.5,
            38.6,
            37.95,
            38.0,
            37.9,
            38.15,
            38.1,
            39.5,
            39.25,
            39.5,
            39.8,
            39.3,
            39.0,
            38.8,
            39.0,
            39.2,
            38.5,
            38.6,
            38.85,
            38.8,
            38.95,
            38.8,
            38.8,
            39.5,
            43.3,
            47.6,
            50.0,
            47.45,
            45.45,
            43.4,
            42.35
        ],
        "min": [
            39.6,
            42.15,
            40.8,
            41.1,
            37.0,
            35.3,
            35.2,
            31.7,
            32.5,
            29.25,
            29.8,
            31.85,
            32.6,
            33.05,
            33.5,
            33.0,
            33.8,
            35.55,
            37.0,
            37.1,
            39.2,
            39.05,
            38.0,
            38.2,
            37.65,
            38.1,
            38.4,
            37.75,
            38.0,
            37.5,
            37.5,
            37.5,
            37.5,
            37.7,
            38.0,
            38.65,
            39.2,
            39.4,
            38.3,
            38.5,
            38.3,
            38.3,
            38.65,
            38.0,
            38.0,
            38.05,
            38.3,
            38.5,
            38.0,
            38.5,
            38.8,
            39.6,
            44.0,
            46.0,
            44.3,
            42.85,
            41.5,
            40.8
        ],
        "close": [
            41.6,
            45.3,
            42.25,
            41.3,
            38.9,
            37.0,
            35.2,
            32.0,
            32.5,
            29.5,
            32.45,
            32.05,
            32.95,
            33.05,
            33.6,
            33.8,
            35.45,
            36.4,
            39.5,
            40.2,
            39.85,
            39.15,
            38.2,
            38.55,
            37.85,
            38.85,
            38.5,
            38.3,
            38.1,
            37.95,
            37.7,
            37.85,
            38.15,
            37.85,
            39.05,
            39.25,
            39.4,
            39.45,
            38.55,
            38.8,
            38.8,
            38.85,
            38.8,
            38.3,
            38.0,
            38.8,
            38.5,
            38.85,
            38.25,
            38.8,
            39.4,
            43.3,
            47.6,
            46.2,
            44.6,
            42.85,
            41.5,
            41.8
        ],
        "spread": [
            0.1,
            0.0,
            -3.05,
            -0.95,
            -2.4,
            -1.9,
            -1.8,
            -3.2,
            0.5,
            -3.0,
            2.95,
            -0.4,
            0.9,
            0.1,
            0.55,
            0.2,
            1.65,
            0.95,
            3.1,
            0.7,
            -0.35,
            -0.7,
            -0.95,
            0.35,
            -0.7,
            1.0,
            -0.35,
            -0.2,
            -0.2,
            -0.15,
            -0.25,
            0.15,
            0.3,
            -0.3,
            1.2,
            0.2,
            0.15,
            0.05,
            -0.9,
            0.25,
            0.0,
            0.05,
            -0.05,
            -0.5,
            -0.3,
            0.8,
            -0.3,
            0.35,
            -0.6,
            0.55,
            0.6,
            3.9,
            4.3,
            -1.4,
            -1.6,
            -1.75,
            -1.35,
            0.3
        ],
        "Trading_turnover": [
            79,
            755,
            289,
            156,
            198,
            97,
            87,
            100,
            61,
            100,
            59,
            41,
            33,
            39,
            23,
            36,
            69,
            29,
            143,
            148,
            60,
            70,
            78,
            12,
            24,
            47,
            71,
            27,
            59,
            13,
            35,
            29,
            23,
            13,
            65,
            31,
            18,
            34,
            23,
            32,
            17,
            18,
            13,
            31,
            29,
            23,
            15,
            15,
            28,
            10,
            42,
            166,
            404,
            529,
            216,
            162,
            129,
            67
        ]
    }
}