{
    "msg": "success",
    "status": 200,
    "data": {
        "date": [
            "2019-09-17",
            "2019-09-18",
            "2019-09-19",
            "2019-09-20",
            "2019-09-23",
            "2019-09-24",
            "2019-09-25",
            "2019-09-26",
            "2019-09-27",
            "2019-10-01",
            "2019-10-02",
            "2019-10-03",
            "2019-10-04",
            "2019-10-07",
            "2019-10-08",
            "2019-10-09",
            "2019-10-14",
            "2019-10-15",
            "2019-10-16",
            "2019-10-17",
            "2019-10-18",
            "2019-10-21",
            "2019-10-22",
            "2019-10-23",
            "2019-10-24",
            "2019-10-25",
            "2019-10-28",
            "2019-10-29",
            "2019-10-30",
            "2019-10-31",
            "2019-11-01",
            "2019-11-04",
            "2019-11-05",
            "2019-11-06",
            "2019-11-07",
            "2019-11-08",
            "2019-11-11",
            "2019-11-12",
            "2019-11-13",
            "2019-11-14",
            "2019-11-15",
            "2019-11-18",
            "2019-11-19",
            "2019-11-20",
            "2019-11-21",
            "2019-11-22",
            "2019-11-25",
            "2019-11-26",
            "2019-11-27",
            "2019-11-28",
            "2019-11-29",
            "2019-12-02",
            "2019-12-03",
            "2019-12-04",
            "2019-12-05",
            "2019-12-06",
            "2019-12-09",
            "2019-12-10",
            "2019-12-11",
            "2019-12-12",
            "2019-12-13",
            "2019-12-16",
            "2019-12-17",
            "2019-12-18",
            "2019-12-19",
            "2019-12-20",
            "2019-12-23",
            "2019-12-24",
            "2019-12-25",
            "2019-12-26",
            "2019-12-27",
            "2019-12-30",
            "2019-12-31",
            "2020-01-02",
            "2020-01-03",
            "2020-01-06",
            "2020-01-07",
            "2020-01-08",
            "2020-01-09",
            "2020-01-10",
            "2020-01-13",
            "2020-01-14",
            "2020-01-15",
            "2020-01-16",
            "2020-01-17",
            "2020-01-20",
            "2020-01-30",
            "2020-01-31",
            "2020-02-03",
            "2020-02-04",
            "2020-02-05",
            "2020-02-06",
            "2020-02-07",
            "2020-02-10",
            "2020-02-11",
            "2020-02-12",
            "2020-02-13",
            "2020-02-14",
            "2020-02-17",
            "2020-02-18",
            "2020-02-19",
            "2020-02-20",
            "2020-02-21",
            "2020-02-24",
            "2020-02-25",
            "2020-02-26",
            "2020-02-27",
            "2020-03-02",
            "2020-03-03",
            "2020-03-04",
            "2020-03-05",
            "2020-03-06",
            "2020-03-09",
            "2020-03-10",
            "2020-03-11",
            "2020-03-12",
            "2020-03-13",
            "2020-03-16",
            "2020-03-17",
            "2020-03-18",
            "2020-03-19",
            "2020-03-20",
            "2020-03-23",
            "2020-03-24",
            "2020-03-25",
            "2020-03-26",
            "2020-03-27",
            "2020-03-30",
            "2020-03-31",
            "2020-04-01",
            "2020-04-06",
            "2020-04-07",
            "2020-04-08",
            "2020-04-09",
            "2020-04-10",
            "2020-04-13",
            "2020-04-14",
            "2020-04-15",
            "2020-04-16",
            "2020-04-17",
            "2020-04-20",
            "2020-04-21",
            "2020-04-22",
            "2020-04-23",
            "2020-04-24",
            "2020-04-27",
            "2020-04-28",
            "2020-04-29",
            "2020-04-30",
            "2020-05-04",
            "2020-05-05",
            "2020-05-06",
            "2020-05-07",
            "2020-05-08",
            "2020-05-11",
            "2020-05-12",
            "2020-05-13",
            "2020-05-14",
            "2020-05-15",
            "2020-05-18",
            "2020-05-19",
            "2020-05-20",
            "2020-05-21",
            "2020-05-22",
            "2020-05-25",
            "2020-05-26",
            "2020-05-27",
            "2020-05-28",
            "2020-05-29"
        ],
        "stock_id": [
            "4931",
            "4931",
            "4931",
            "4931",
            "4931",
            "4931",
            "4931",
            "4931",
            "4931",
            "4931",
            "4931",
            "4931",
            "4931",
            "4931",
            "4931",
            "4931",
            "4931",
            "4931",
            "4931",
            "4931",
            "4931",
            "4931",
            "4931",
            "4931",
            "4931",
            "4931",
            "4931",
            "4931",
            "4931",
            "4931",
            "4931",
            "4931",
            "4931",
            "4931",
            "4931",
            "4931",
            "4931",
            "4931",
            "4931",
            "4931",
            "4931",
            "4931",
            "4931",
            "4931",
            "4931",
            "4931",
            "4931",
            "4931",
            "4931",
            "4931",
            "4931",
            "4931",
            "4931",
            "4931",
            "4931",
            "4931",
            "4931",
            "4931",
            "4931",
            "4931",
            "4931",
            "4931",
            "4931",
            "4931",
            "4931",
            "4931",
            "4931",
            "4931",
            "4931",
            "4931",
            "4931",
            "4931",
            "4931",
            "4931",
            "4931",
            "4931",
            "4931",
            "4931",
            "4931",
            "4931",
            "4931",
            "4931",
            "4931",
            "4931",
            "4931",
            "4931",
            "4931",
            "4931",
            "4931",
            "4931",
            "4931",
            "4931",
            "4931",
            "4931",
            "4931",
            "4931",
            "4931",
            "4931",
            "4931",
            "4931",
            "4931",
            "4931",
            "4931",
            "4931",
            "4931",
            "4931",
            "4931",
            "4931",
            "4931",
            "4931",
            "4931",
            "4931",
            "4931",
            "4931",
            "4931",
            "4931",
            "4931",
            "4931",
            "4931",
            "4931",
            "4931",
            "4931",
            "4931",
            "4931",
            "4931",
            "4931",
            "4931",
            "4931",
            "4931",
            "4931",
            "4931",
            "4931",
            "4931",
            "4931",
            "4931",
            "4931",
            "4931",
            "4931",
            "4931",
            "4931",
            "4931",
            "4931",
            "4931",
            "4931",
            "4931",
            "4931",
            "4931",
            "4931",
            "4931",
            "4931",
            "4931",
            "4931",
            "4931",
            "4931",
            "4931",
            "4931",
            "4931",
            "4931",
            "4931",
            "4931",
            "4931",
            "4931",
            "4931",
            "4931",
            "4931",
            "4931",
            "4931",
            "4931",
            "4931"
        ],
        "Trading_Volume": [
            2842000,
            2897000,
            2476000,
            1700000,
            878000,
            1243000,
            452000,
            869000,
            1468000,
            647000,
            1623000,
            721000,
            400000,
            483000,
            477000,
            535000,
            498000,
            263000,
            343000,
            164000,
            190000,
            153000,
            151000,
            326000,
            471000,
            2323000,
            1521000,
            2379000,
            1215000,
            1737000,
            1330000,
            1237000,
            566000,
            335000,
            406000,
            282000,
            395000,
            839000,
            1268000,
            594000,
            391000,
            529000,
            469000,
            300000,
            427000,
            295000,
            232000,
            290000,
            542000,
            304000,
            321000,
            345000,
            259000,
            387000,
            368000,
            210000,
            384000,
            336000,
            353000,
            147000,
            244000,
            244000,
            412000,
            165000,
            478000,
            417000,
            235000,
            124000,
            560000,
            513000,
            606000,
            751000,
            479000,
            362000,
            481000,
            337000,
            399000,
            994000,
            1287000,
            718000,
            226000,
            337000,
            300000,
            1066000,
            500000,
            603000,
            724000,
            327000,
            438000,
            195000,
            263000,
            170000,
            205000,
            143000,
            124000,
            155000,
            149000,
            418000,
            248000,
            117000,
            207000,
            306000,
            212000,
            215000,
            119000,
            118000,
            300000,
            462000,
            214000,
            142000,
            258000,
            132000,
            225000,
            405000,
            269000,
            512000,
            518000,
            570000,
            374000,
            495000,
            463000,
            226000,
            275000,
            369000,
            306000,
            178000,
            512000,
            195000,
            196000,
            183000,
            230000,
            447000,
            387000,
            428000,
            305000,
            320000,
            270000,
            380000,
            621000,
            790000,
            467000,
            555000,
            509000,
            321000,
            119000,
            937000,
            637000,
            730000,
            239000,
            160000,
            180000,
            177000,
            1162000,
            1140000,
            2351000,
            384000,
            354000,
            413000,
            325000,
            176000,
            131000,
            93000,
            148000,
            157000,
            558000,
            338000,
            300000,
            308000,
            236000
        ],
        "Trading_money": [
            97324250,
            106384650,
            97559550,
            64954500,
            33302400,
            44880800,
            16128550,
            29800750,
            47121850,
            21665000,
            58094100,
            25162600,
            13872250,
            16232800,
            15396100,
            17478550,
            16589450,
            8807400,
            11481850,
            5405550,
            6184850,
            4970600,
            4931850,
            10927300,
            16110050,
            85402150,
            56158250,
            92245100,
            47135500,
            68588450,
            53363150,
            45634000,
            20735750,
            12326800,
            14544150,
            10248850,
            13799650,
            31292500,
            49206100,
            22738800,
            14809650,
            19958150,
            18028400,
            11344750,
            15729150,
            10959050,
            8578850,
            10783700,
            19757200,
            11020650,
            11549300,
            12476450,
            9382350,
            13977750,
            13498250,
            7654650,
            13856800,
            11954950,
            12443550,
            5207700,
            8628000,
            8564250,
            14350650,
            5758850,
            16463300,
            14166150,
            7983400,
            4189900,
            18746350,
            16972450,
            19756050,
            24824000,
            15743250,
            11946700,
            15881700,
            10971000,
            13186400,
            34626450,
            46513350,
            25816800,
            8013850,
            11972450,
            10634050,
            38870650,
            18255050,
            22209900,
            24706850,
            11106700,
            14391800,
            6519200,
            8793700,
            5748800,
            6931700,
            4736900,
            4168800,
            5331600,
            5091850,
            14616750,
            8682050,
            4071800,
            7230400,
            10560700,
            7407500,
            7370100,
            4039000,
            3983600,
            10119100,
            14826150,
            6976700,
            4593900,
            8469600,
            4326650,
            7220750,
            12092250,
            8051150,
            13821950,
            12399050,
            13001450,
            7698000,
            10767250,
            9170400,
            4868400,
            5993400,
            8631900,
            7327300,
            4163550,
            12584400,
            4580000,
            4750950,
            4374750,
            5561500,
            11275550,
            10238350,
            11502300,
            8120300,
            8452100,
            7279600,
            10458750,
            18112900,
            24181000,
            14256500,
            16712250,
            15131400,
            9589500,
            3531750,
            28927950,
            19783950,
            21751050,
            7138600,
            4669150,
            5302350,
            5273050,
            36378550,
            36505550,
            80161300,
            12631200,
            11785300,
            13533100,
            10361300,
            5398200,
            4059200,
            2900200,
            4590050,
            4788850,
            16482150,
            9980200,
            8898950,
            9170500,
            6894300
        ],
        "open": [
            33.6,
            33.45,
            39.0,
            39.2,
            38.25,
            37.0,
            35.5,
            35.4,
            33.9,
            31.4,
            34.3,
            34.3,
            34.85,
            35.2,
            33.5,
            31.15,
            33.0,
            33.0,
            33.5,
            33.0,
            33.0,
            33.05,
            32.8,
            32.9,
            34.0,
            34.45,
            37.45,
            37.6,
            38.3,
            39.0,
            40.0,
            38.65,
            36.4,
            37.15,
            36.3,
            35.75,
            36.15,
            34.85,
            38.0,
            38.75,
            37.45,
            38.0,
            38.45,
            38.7,
            36.8,
            36.55,
            37.1,
            37.0,
            36.8,
            36.5,
            35.85,
            36.0,
            36.05,
            36.05,
            36.25,
            36.9,
            36.3,
            36.0,
            35.3,
            35.6,
            35.25,
            35.3,
            35.0,
            35.1,
            34.8,
            34.45,
            33.85,
            34.0,
            34.0,
            33.7,
            33.05,
            32.5,
            33.35,
            33.25,
            33.2,
            32.95,
            32.6,
            33.1,
            35.15,
            36.3,
            35.65,
            35.5,
            35.5,
            35.6,
            36.85,
            37.0,
            33.3,
            34.0,
            34.05,
            33.0,
            33.75,
            33.15,
            33.9,
            33.6,
            33.8,
            33.85,
            34.4,
            34.2,
            35.0,
            35.05,
            34.75,
            34.8,
            34.65,
            34.3,
            33.6,
            33.9,
            33.95,
            32.6,
            33.0,
            32.15,
            33.0,
            32.8,
            32.5,
            28.9,
            30.4,
            29.0,
            23.9,
            24.0,
            21.55,
            20.35,
            20.1,
            21.0,
            20.2,
            22.8,
            23.85,
            23.7,
            24.65,
            22.85,
            24.1,
            24.3,
            24.3,
            25.0,
            25.8,
            27.3,
            26.55,
            26.55,
            26.55,
            27.0,
            27.6,
            30.95,
            30.0,
            30.8,
            29.25,
            30.2,
            29.5,
            31.0,
            31.45,
            30.3,
            30.05,
            29.3,
            29.35,
            29.95,
            30.3,
            31.45,
            33.6,
            32.8,
            32.4,
            33.8,
            32.3,
            31.3,
            30.85,
            31.7,
            31.3,
            30.8,
            30.0,
            29.55,
            29.55,
            29.8,
            29.45
        ],
        "max": [
            35.8,
            39.5,
            40.2,
            39.45,
            38.85,
            37.4,
            36.25,
            35.65,
            33.9,
            34.3,
            37.2,
            36.0,
            35.6,
            35.2,
            33.5,
            33.8,
            33.85,
            33.8,
            34.5,
            33.35,
            33.2,
            33.05,
            33.0,
            34.4,
            34.7,
            37.6,
            38.3,
            39.9,
            39.4,
            40.5,
            41.45,
            38.95,
            37.5,
            37.25,
            36.5,
            37.0,
            36.15,
            38.05,
            39.7,
            38.95,
            38.6,
            39.0,
            39.35,
            38.7,
            37.4,
            38.0,
            37.2,
            37.65,
            37.0,
            36.75,
            36.55,
            36.8,
            36.6,
            36.55,
            37.3,
            36.9,
            36.4,
            36.0,
            35.75,
            35.85,
            35.6,
            35.45,
            35.0,
            35.1,
            34.8,
            34.45,
            34.1,
            34.0,
            34.0,
            33.75,
            33.05,
            33.3,
            33.35,
            33.25,
            33.2,
            32.95,
            33.55,
            36.3,
            36.65,
            36.35,
            35.8,
            35.9,
            35.8,
            36.9,
            36.85,
            37.4,
            35.45,
            34.7,
            34.05,
            33.85,
            34.25,
            34.0,
            34.0,
            33.6,
            33.85,
            34.8,
            34.6,
            35.4,
            35.4,
            35.05,
            35.3,
            34.95,
            35.15,
            34.6,
            34.4,
            34.0,
            34.35,
            32.65,
            33.25,
            32.55,
            33.0,
            33.1,
            32.5,
            30.6,
            30.85,
            29.0,
            24.2,
            24.95,
            21.55,
            22.15,
            20.5,
            21.7,
            22.85,
            24.15,
            24.3,
            24.35,
            25.45,
            24.25,
            24.95,
            24.3,
            24.6,
            25.7,
            27.0,
            27.7,
            27.0,
            26.75,
            27.2,
            27.8,
            30.55,
            31.85,
            31.2,
            31.5,
            30.8,
            30.45,
            30.0,
            31.4,
            31.8,
            30.8,
            30.05,
            29.5,
            29.9,
            30.1,
            32.3,
            32.9,
            35.0,
            33.45,
            33.8,
            33.8,
            32.9,
            31.75,
            31.35,
            31.8,
            31.3,
            30.8,
            30.4,
            29.8,
            30.0,
            30.05,
            29.45
        ],
        "min": [
            33.3,
            33.4,
            38.5,
            37.5,
            37.35,
            34.85,
            35.2,
            33.8,
            31.0,
            31.35,
            34.25,
            34.2,
            34.3,
            33.05,
            31.7,
            31.15,
            32.7,
            33.0,
            33.0,
            32.8,
            32.2,
            32.35,
            32.5,
            32.55,
            33.55,
            34.45,
            36.15,
            37.3,
            38.2,
            38.35,
            38.6,
            36.2,
            35.4,
            36.4,
            35.4,
            35.75,
            34.4,
            34.85,
            37.3,
            38.0,
            37.45,
            36.8,
            38.0,
            37.5,
            36.5,
            36.55,
            36.65,
            36.7,
            35.9,
            36.05,
            35.85,
            35.5,
            36.0,
            35.9,
            36.1,
            36.25,
            35.8,
            35.3,
            34.8,
            35.2,
            35.2,
            35.0,
            34.75,
            34.85,
            34.2,
            33.8,
            33.85,
            33.6,
            33.1,
            32.85,
            32.4,
            32.5,
            32.5,
            32.75,
            32.95,
            32.4,
            32.6,
            32.8,
            35.15,
            35.55,
            35.05,
            35.25,
            35.05,
            35.6,
            36.05,
            36.4,
            33.3,
            33.4,
            32.45,
            33.0,
            33.0,
            33.15,
            33.5,
            33.0,
            33.45,
            33.8,
            33.5,
            34.15,
            34.35,
            34.65,
            34.6,
            34.3,
            34.65,
            34.0,
            33.5,
            33.6,
            32.8,
            31.55,
            32.35,
            32.05,
            32.6,
            32.5,
            31.85,
            28.9,
            29.2,
            26.35,
            23.9,
            21.6,
            20.0,
            20.35,
            19.4,
            21.0,
            20.2,
            22.45,
            23.5,
            23.0,
            23.65,
            22.85,
            23.7,
            23.6,
            24.0,
            24.7,
            25.5,
            26.45,
            26.4,
            26.0,
            26.55,
            27.0,
            27.6,
            29.1,
            29.7,
            29.1,
            28.35,
            29.65,
            29.4,
            29.85,
            30.05,
            29.45,
            29.55,
            28.55,
            29.25,
            29.55,
            30.2,
            31.15,
            33.0,
            32.5,
            32.4,
            32.3,
            31.2,
            30.2,
            30.8,
            30.9,
            30.65,
            30.3,
            28.65,
            29.35,
            29.4,
            29.45,
            28.95
        ],
        "close": [
            33.45,
            39.0,
            39.2,
            38.0,
            37.65,
            35.1,
            35.4,
            34.0,
            31.2,
            34.3,
            36.1,
            34.6,
            34.55,
            33.2,
            32.2,
            32.7,
            33.3,
            33.5,
            33.0,
            32.9,
            32.45,
            32.5,
            32.9,
            33.5,
            34.2,
            37.6,
            37.65,
            38.9,
            38.45,
            40.0,
            39.25,
            36.6,
            37.3,
            36.55,
            35.8,
            36.15,
            34.6,
            38.05,
            39.2,
            38.05,
            37.6,
            38.5,
            38.0,
            37.5,
            36.65,
            37.05,
            37.0,
            36.7,
            36.5,
            36.25,
            35.9,
            36.05,
            36.3,
            35.95,
            36.6,
            36.3,
            35.85,
            35.35,
            35.6,
            35.65,
            35.35,
            35.05,
            35.0,
            34.9,
            34.45,
            33.95,
            34.0,
            33.9,
            33.35,
            33.05,
            32.5,
            33.0,
            32.6,
            33.0,
            33.0,
            32.5,
            33.05,
            34.7,
            35.9,
            35.7,
            35.5,
            35.5,
            35.5,
            36.75,
            36.5,
            36.8,
            33.55,
            34.45,
            33.0,
            33.75,
            33.4,
            33.95,
            33.6,
            33.1,
            33.85,
            34.3,
            33.7,
            35.35,
            35.05,
            34.75,
            34.7,
            34.65,
            34.95,
            34.15,
            34.0,
            33.7,
            33.15,
            32.15,
            32.55,
            32.5,
            32.95,
            33.0,
            31.9,
            29.9,
            29.25,
            26.55,
            24.0,
            21.6,
            20.15,
            21.5,
            19.75,
            21.7,
            22.0,
            22.8,
            23.6,
            23.3,
            23.65,
            23.65,
            24.0,
            23.7,
            24.5,
            25.5,
            26.5,
            26.55,
            26.6,
            26.45,
            27.0,
            27.8,
            30.55,
            30.25,
            30.9,
            29.3,
            30.0,
            29.7,
            29.6,
            30.95,
            30.2,
            29.55,
            29.85,
            29.35,
            29.35,
            29.55,
            31.1,
            32.6,
            33.45,
            32.8,
            33.45,
            32.3,
            31.3,
            30.6,
            31.1,
            31.15,
            31.1,
            30.3,
            29.5,
            29.5,
            29.8,
            29.45,
            29.4
        ],
        "spread": [
            15.45,
            5.55,
            0.2,
            -1.2,
            -0.35,
            -2.55,
            0.3,
            -1.4,
            -2.8,
            3.1,
            1.8,
            -1.5,
            -0.05,
            -1.35,
            -1.0,
            0.5,
            0.6,
            0.2,
            -0.5,
            -0.1,
            -0.45,
            0.05,
            0.4,
            0.6,
            0.7,
            3.4,
            0.05,
            1.25,
            -0.45,
            1.55,
            -0.75,
            -2.65,
            0.7,
            -0.75,
            -0.75,
            0.35,
            -1.55,
            3.45,
            1.15,
            -1.15,
            -0.45,
            0.9,
            -0.5,
            -0.5,
            -0.85,
            0.4,
            -0.05,
            -0.3,
            -0.2,
            -0.25,
            -0.35,
            0.15,
            0.25,
            -0.35,
            0.65,
            -0.3,
            -0.45,
            -0.5,
            0.25,
            0.05,
            -0.3,
            -0.3,
            -0.05,
            -0.1,
            -0.45,
            -0.5,
            0.05,
            -0.1,
            -0.55,
            -0.3,
            -0.55,
            0.5,
            -0.4,
            0.4,
            0.0,
            -0.5,
            0.55,
            1.65,
            1.2,
            -0.2,
            -0.2,
            0.0,
            0.0,
            1.25,
            -0.25,
            0.3,
            -3.25,
            0.9,
            -1.45,
            0.75,
            -0.35,
            0.55,
            -0.35,
            -0.5,
            0.75,
            0.45,
            -0.6,
            1.65,
            -0.3,
            -0.3,
            -0.05,
            -0.05,
            0.3,
            -0.8,
            -0.15,
            -0.3,
            -0.55,
            -1.0,
            0.4,
            -0.05,
            0.45,
            0.05,
            -1.1,
            -2.0,
            -0.65,
            -2.7,
            -2.55,
            -2.4,
            -1.45,
            1.35,
            -1.75,
            1.95,
            0.3,
            0.8,
            0.8,
            -0.3,
            0.35,
            0.0,
            0.35,
            -0.3,
            0.8,
            1.0,
            1.0,
            0.05,
            0.05,
            -0.15,
            0.55,
            0.8,
            2.75,
            -0.3,
            0.65,
            -1.6,
            0.7,
            -0.3,
            -0.1,
            1.35,
            -0.75,
            -0.65,
            0.3,
            -0.5,
            0.0,
            0.2,
            1.55,
            1.5,
            0.85,
            -0.65,
            0.65,
            -1.15,
            -1.0,
            -0.7,
            0.5,
            0.05,
            -0.05,
            -0.8,
            -0.8,
            0.0,
            0.3,
            -0.35,
            -0.05
        ],
        "Trading_turnover": [
            1786,
            1946,
            1702,
            1098,
            554,
            934,
            354,
            574,
            959,
            403,
            1015,
            526,
            279,
            353,
            331,
            351,
            300,
            177,
            231,
            122,
            146,
            101,
            114,
            247,
            328,
            1440,
            969,
            1409,
            783,
            1198,
            960,
            889,
            415,
            232,
            247,
            190,
            261,
            563,
            866,
            405,
            251,
            327,
            354,
            230,
            288,
            214,
            151,
            175,
            335,
            203,
            241,
            211,
            171,
            205,
            282,
            143,
            236,
            234,
            221,
            117,
            145,
            156,
            229,
            103,
            222,
            242,
            132,
            94,
            324,
            311,
            340,
            408,
            299,
            177,
            262,
            192,
            207,
            632,
            828,
            450,
            162,
            186,
            164,
            629,
            301,
            345,
            456,
            205,
            282,
            124,
            184,
            115,
            119,
            90,
            87,
            115,
            111,
            226,
            149,
            74,
            124,
            173,
            122,
            147,
            90,
            76,
            197,
            259,
            117,
            80,
            152,
            77,
            151,
            276,
            176,
            328,
            274,
            335,
            233,
            303,
            314,
            158,
            174,
            237,
            199,
            131,
            331,
            138,
            159,
            103,
            129,
            266,
            261,
            244,
            145,
            137,
            155,
            201,
            370,
            492,
            260,
            323,
            337,
            176,
            78,
            514,
            391,
            382,
            159,
            100,
            107,
            114,
            673,
            708,
            1327,
            254,
            219,
            264,
            233,
            123,
            76,
            66,
            90,
            115,
            304,
            189,
            168,
            178,
            122
        ]
    }
}